Session ID,u1760999199041
Completed At,2025-10-20 23:02:09.179Z
Created At,2025-10-20 22:26:39.041Z

User Data
prolificId,640415971520c41606ca4389
age,42
gender,female
timestamp,1761001332087

Comprehension Check
Passed,TRUE

Level: comprehension_check
Timestamp,Type,Player Action,Player X,Player Y,NPC X,NPC Y,Steps Remaining,NPC Path Type,NPC Current Path Index,Interaction Type,Interaction Details
2025-10-20 22:45:34.219Z,INTERACTION,,,,,,,,,comprehension_check,failed
2025-10-20 22:45:34.303Z,INTERACTION,,,,,,,,,comprehension_check,failed
2025-10-20 22:45:46.198Z,INTERACTION,,,,,,,,,comprehension_check,failed
2025-10-20 22:45:53.502Z,INTERACTION,,,,,,,,,comprehension_check,passed

Level: experiment
Timestamp,Type,Player Action,Player X,Player Y,NPC X,NPC Y,Steps Remaining,NPC Path Type,NPC Current Path Index,Interaction Type,Interaction Details
2025-10-20 23:01:39.178Z,EXPERIMENT_COMPLETE,,,,,,,,,,

Level: s111_1
Timestamp,Type,Player Action,Player X,Player Y,NPC X,NPC Y,Steps Remaining,NPC Path Type,NPC Current Path Index,Interaction Type,Interaction Details
2025-10-20 22:26:39.170Z,LEVEL_START,,,,,,,,,,
2025-10-20 22:26:39.237Z,LEVEL_START,,,,,,,,,,
2025-10-20 22:46:12.512Z,GAME_ACTION,up,5.0,7.0,,,,,,,
2025-10-20 22:46:15.375Z,GAME_ACTION,up,5.0,6.0,,,,,,,
2025-10-20 22:46:18.476Z,AGENT_OBSERVE,,5.0,5.0,5.0,5.0,,experienced1,,,
2025-10-20 22:46:23.501Z,GAME_ACTION,up,5.0,5.0,5.0,5.0,,experienced1,,,
2025-10-20 22:46:24.526Z,GAME_ACTION,up,5.0,4.0,5.0,5.0,,experienced1,,,
2025-10-20 22:46:25.068Z,GAME_ACTION,up,5.0,3.0,5.0,5.0,,experienced1,,,
2025-10-20 22:46:27.967Z,GAME_ACTION,up,5.0,2.0,5.0,5.0,,experienced1,,,
2025-10-20 22:46:27.968Z,INTERACTION,,5.0,2.0,5.0,5.0,,experienced1,,wizard_interaction,redAmulet
2025-10-20 22:46:30.979Z,AGENT_OBSERVE,,5.0,2.0,5.0,6.0,,experienced1,,,
2025-10-20 22:46:35.406Z,AGENT_OBSERVE,,5.0,2.0,5.0,7.0,,experienced1,,,
2025-10-20 22:46:40.434Z,GAME_ACTION,down,5.0,2.0,5.0,7.0,,experienced1,,,
2025-10-20 22:46:40.974Z,GAME_ACTION,down,5.0,3.0,5.0,7.0,,experienced1,,,
2025-10-20 22:46:41.330Z,GAME_ACTION,down,5.0,4.0,5.0,7.0,,experienced1,,,
2025-10-20 22:46:41.562Z,GAME_ACTION,down,5.0,5.0,5.0,7.0,,experienced1,,,
2025-10-20 22:46:41.761Z,GAME_ACTION,down,5.0,6.0,5.0,7.0,,experienced1,,,
2025-10-20 22:46:41.974Z,GAME_ACTION,down,5.0,7.0,5.0,7.0,,experienced1,,,
2025-10-20 22:46:42.178Z,GAME_ACTION,down,5.0,8.0,5.0,7.0,,experienced1,,,
2025-10-20 22:46:42.389Z,GAME_ACTION,down,5.0,9.0,5.0,7.0,,experienced1,,,
2025-10-20 22:46:42.643Z,GAME_ACTION,down,5.0,10.0,5.0,7.0,,experienced1,,,
2025-10-20 22:46:42.643Z,INTERACTION,,5.0,10.0,5.0,7.0,,experienced1,,treasure_interaction,C
2025-10-20 22:46:48.197Z,GAME_ACTION,up,5.0,11.0,5.0,7.0,,experienced1,,,
2025-10-20 22:46:48.744Z,GAME_ACTION,up,5.0,10.0,5.0,7.0,,experienced1,,,
2025-10-20 22:46:50.066Z,GAME_ACTION,up,5.0,9.0,5.0,7.0,,experienced1,,,
2025-10-20 22:46:50.264Z,GAME_ACTION,up,5.0,8.0,5.0,7.0,,experienced1,,,
2025-10-20 22:46:50.510Z,GAME_ACTION,up,5.0,7.0,5.0,7.0,,experienced1,,,
2025-10-20 22:46:50.771Z,GAME_ACTION,up,5.0,6.0,5.0,7.0,,experienced1,,,
2025-10-20 22:46:53.024Z,GAME_ACTION,right,5.0,5.0,5.0,7.0,,experienced1,,,
2025-10-20 22:46:53.251Z,GAME_ACTION,right,6.0,5.0,5.0,7.0,,experienced1,,,
2025-10-20 22:46:53.523Z,GAME_ACTION,right,7.0,5.0,5.0,7.0,,experienced1,,,
2025-10-20 22:46:53.959Z,GAME_ACTION,right,8.0,5.0,5.0,7.0,,experienced1,,,
2025-10-20 22:46:53.959Z,INTERACTION,,8.0,5.0,5.0,7.0,,experienced1,,wizard_interaction,blueAmulet
2025-10-20 22:46:58.875Z,GAME_ACTION,left,8.0,5.0,5.0,7.0,,experienced1,,,
2025-10-20 22:46:59.122Z,GAME_ACTION,left,7.0,5.0,5.0,7.0,,experienced1,,,
2025-10-20 22:46:59.373Z,GAME_ACTION,left,6.0,5.0,5.0,7.0,,experienced1,,,
2025-10-20 22:47:00.699Z,GAME_ACTION,down,5.0,5.0,5.0,7.0,,experienced1,,,
2025-10-20 22:47:00.919Z,GAME_ACTION,down,5.0,6.0,5.0,7.0,,experienced1,,,
2025-10-20 22:47:01.253Z,GAME_ACTION,down,5.0,7.0,5.0,7.0,,experienced1,,,
2025-10-20 22:47:01.796Z,GAME_ACTION,down,5.0,8.0,5.0,7.0,,experienced1,,,
2025-10-20 22:47:03.808Z,GAME_ACTION,right,5.0,9.0,5.0,7.0,,experienced1,,,
2025-10-20 22:47:03.999Z,GAME_ACTION,right,6.0,9.0,5.0,7.0,,experienced1,,,
2025-10-20 22:47:04.195Z,GAME_ACTION,right,7.0,9.0,5.0,7.0,,experienced1,,,
2025-10-20 22:47:04.428Z,GAME_ACTION,right,8.0,9.0,5.0,7.0,,experienced1,,,
2025-10-20 22:47:04.428Z,INTERACTION,,8.0,9.0,5.0,7.0,,experienced1,,treasure_interaction,B
2025-10-20 22:47:04.428Z,LEVEL_COMPLETE,,8.0,9.0,5.0,7.0,,experienced1,,,
2025-10-20 22:47:07.429Z,LEVEL_COMPLETE,,8.0,9.0,5.0,7.0,-13.0,experienced1,,,

Level: s112_2
Timestamp,Type,Player Action,Player X,Player Y,NPC X,NPC Y,Steps Remaining,NPC Path Type,NPC Current Path Index,Interaction Type,Interaction Details
2025-10-20 22:47:07.537Z,LEVEL_START,,,,,,,,,,
2025-10-20 22:47:07.537Z,LEVEL_START,,,,,,,,,,
2025-10-20 22:47:31.861Z,GAME_ACTION,down,5.0,7.0,,,,,,,
2025-10-20 22:47:33.684Z,GAME_ACTION,down,5.0,8.0,,,,,,,
2025-10-20 22:47:36.656Z,GAME_ACTION,left,5.0,9.0,,,,,,,
2025-10-20 22:47:37.401Z,GAME_ACTION,left,4.0,9.0,,,,,,,
2025-10-20 22:47:37.962Z,GAME_ACTION,left,3.0,9.0,,,,,,,
2025-10-20 22:47:38.509Z,GAME_ACTION,left,2.0,9.0,,,,,,,
2025-10-20 22:47:39.663Z,GAME_ACTION,down,1.0,9.0,,,,,,,
2025-10-20 22:47:40.054Z,GAME_ACTION,down,1.0,10.0,,,,,,,
2025-10-20 22:47:40.054Z,INTERACTION,,1.0,10.0,,,,,,wizard_interaction,redAmulet
2025-10-20 22:47:42.873Z,GAME_ACTION,up,1.0,10.0,,,,,,,
2025-10-20 22:47:45.393Z,GAME_ACTION,right,1.0,9.0,,,,,,,
2025-10-20 22:47:45.809Z,GAME_ACTION,right,2.0,9.0,,,,,,,
2025-10-20 22:47:46.327Z,GAME_ACTION,right,3.0,9.0,,,,,,,
2025-10-20 22:47:46.895Z,GAME_ACTION,right,4.0,9.0,,,,,,,
2025-10-20 22:47:47.793Z,GAME_ACTION,down,5.0,9.0,,,,,,,
2025-10-20 22:47:48.183Z,GAME_ACTION,down,5.0,10.0,,,,,,,
2025-10-20 22:47:48.183Z,INTERACTION,,5.0,10.0,,,,,,wizard_interaction,blueAmulet
2025-10-20 22:47:50.467Z,GAME_ACTION,up,5.0,10.0,,,,,,,
2025-10-20 22:47:50.868Z,GAME_ACTION,up,5.0,9.0,,,,,,,
2025-10-20 22:47:51.242Z,GAME_ACTION,up,5.0,8.0,,,,,,,
2025-10-20 22:47:52.633Z,GAME_ACTION,left,5.0,7.0,,,,,,,
2025-10-20 22:47:52.965Z,GAME_ACTION,left,4.0,7.0,,,,,,,
2025-10-20 22:47:53.409Z,GAME_ACTION,left,3.0,7.0,,,,,,,
2025-10-20 22:47:53.702Z,GAME_ACTION,left,2.0,7.0,,,,,,,
2025-10-20 22:47:53.702Z,INTERACTION,,2.0,7.0,,,,,,treasure_interaction,B
2025-10-20 22:47:53.702Z,LEVEL_COMPLETE,,2.0,7.0,,,,,,,
2025-10-20 22:47:56.706Z,LEVEL_COMPLETE,,2.0,7.0,,,10.0,experienced2,,,

Level: s311_1
Timestamp,Type,Player Action,Player X,Player Y,NPC X,NPC Y,Steps Remaining,NPC Path Type,NPC Current Path Index,Interaction Type,Interaction Details
2025-10-20 22:51:24.575Z,LEVEL_START,,,,,,,,,,
2025-10-20 22:51:24.583Z,LEVEL_START,,,,,,,,,,
2025-10-20 22:51:42.948Z,GAME_ACTION,up,2.0,7.0,,,,,,,
2025-10-20 22:51:43.486Z,GAME_ACTION,up,2.0,6.0,,,,,,,
2025-10-20 22:51:43.969Z,GAME_ACTION,up,2.0,5.0,,,,,,,
2025-10-20 22:51:44.396Z,GAME_ACTION,up,2.0,4.0,,,,,,,
2025-10-20 22:51:45.692Z,GAME_ACTION,left,2.0,3.0,,,,,,,
2025-10-20 22:51:46.067Z,GAME_ACTION,left,1.0,3.0,,,,,,,
2025-10-20 22:51:46.718Z,GAME_ACTION,up,0.0,3.0,,,,,,,
2025-10-20 22:51:46.923Z,GAME_ACTION,up,0.0,2.0,,,,,,,
2025-10-20 22:51:47.118Z,GAME_ACTION,up,0.0,1.0,,,,,,,
2025-10-20 22:51:47.118Z,INTERACTION,,0.0,1.0,,,,,,wizard_interaction,
2025-10-20 22:51:48.823Z,GAME_ACTION,down,0.0,1.0,,,,,,,
2025-10-20 22:51:49.022Z,GAME_ACTION,down,0.0,2.0,,,,,,,
2025-10-20 22:51:49.309Z,GAME_ACTION,down,0.0,3.0,,,,,,,
2025-10-20 22:51:50.028Z,GAME_ACTION,right,0.0,3.0,,,,,,,
2025-10-20 22:51:50.290Z,GAME_ACTION,right,1.0,3.0,,,,,,,
2025-10-20 22:51:50.769Z,GAME_ACTION,right,2.0,3.0,,,,,,,
2025-10-20 22:51:51.507Z,GAME_ACTION,up,3.0,3.0,,,,,,,
2025-10-20 22:51:51.691Z,GAME_ACTION,up,3.0,2.0,,,,,,,
2025-10-20 22:51:51.897Z,GAME_ACTION,up,3.0,1.0,,,,,,,
2025-10-20 22:51:51.897Z,INTERACTION,,3.0,1.0,,,,,,wizard_interaction,
2025-10-20 22:51:52.937Z,GAME_ACTION,down,3.0,1.0,,,,,,,
2025-10-20 22:51:53.151Z,GAME_ACTION,down,3.0,2.0,,,,,,,
2025-10-20 22:51:54.246Z,GAME_ACTION,right,3.0,3.0,,,,,,,
2025-10-20 22:51:54.425Z,GAME_ACTION,right,4.0,3.0,,,,,,,
2025-10-20 22:51:54.604Z,GAME_ACTION,right,5.0,3.0,,,,,,,
2025-10-20 22:51:54.800Z,GAME_ACTION,right,6.0,3.0,,,,,,,
2025-10-20 22:51:54.980Z,GAME_ACTION,right,7.0,3.0,,,,,,,
2025-10-20 22:51:55.188Z,GAME_ACTION,right,8.0,3.0,,,,,,,
2025-10-20 22:51:55.429Z,GAME_ACTION,right,9.0,3.0,,,,,,,
2025-10-20 22:51:56.097Z,GAME_ACTION,up,10.0,3.0,,,,,,,
2025-10-20 22:51:56.315Z,GAME_ACTION,up,10.0,2.0,,,,,,,
2025-10-20 22:51:56.520Z,GAME_ACTION,up,10.0,1.0,,,,,,,
2025-10-20 22:51:56.520Z,INTERACTION,,10.0,1.0,,,,,,wizard_interaction,blueAmulet
2025-10-20 22:51:57.536Z,GAME_ACTION,down,10.0,1.0,,,,,,,
2025-10-20 22:51:57.777Z,GAME_ACTION,down,10.0,2.0,,,,,,,
2025-10-20 22:51:58.836Z,GAME_ACTION,left,10.0,3.0,,,,,,,
2025-10-20 22:51:59.095Z,GAME_ACTION,left,9.0,3.0,,,,,,,
2025-10-20 22:51:59.291Z,GAME_ACTION,left,8.0,3.0,,,,,,,
2025-10-20 22:51:59.514Z,GAME_ACTION,left,7.0,3.0,,,,,,,
2025-10-20 22:51:59.740Z,GAME_ACTION,left,6.0,3.0,,,,,,,
2025-10-20 22:51:59.969Z,GAME_ACTION,left,5.0,3.0,,,,,,,
2025-10-20 22:52:00.227Z,GAME_ACTION,left,4.0,3.0,,,,,,,
2025-10-20 22:52:00.501Z,GAME_ACTION,left,3.0,3.0,,,,,,,
2025-10-20 22:52:01.352Z,GAME_ACTION,down,2.0,3.0,,,,,,,
2025-10-20 22:52:01.562Z,GAME_ACTION,down,2.0,4.0,,,,,,,
2025-10-20 22:52:01.752Z,GAME_ACTION,down,2.0,5.0,,,,,,,
2025-10-20 22:52:01.954Z,GAME_ACTION,down,2.0,6.0,,,,,,,
2025-10-20 22:52:02.166Z,GAME_ACTION,down,2.0,7.0,,,,,,,
2025-10-20 22:52:02.513Z,GAME_ACTION,down,2.0,8.0,,,,,,,
2025-10-20 22:52:03.650Z,GAME_ACTION,left,2.0,9.0,,,,,,,
2025-10-20 22:52:03.974Z,GAME_ACTION,left,1.0,9.0,,,,,,,
2025-10-20 22:52:05.411Z,GAME_ACTION,down,0.0,9.0,,,,,,,
2025-10-20 22:52:05.615Z,GAME_ACTION,down,0.0,10.0,,,,,,,
2025-10-20 22:52:05.615Z,INTERACTION,,0.0,10.0,,,,,,treasure_interaction,B
2025-10-20 22:52:05.615Z,LEVEL_COMPLETE,,0.0,10.0,,,,,,,
2025-10-20 22:52:08.626Z,LEVEL_COMPLETE,,0.0,10.0,,,-19.0,experienced1,,,

Level: s331_2
Timestamp,Type,Player Action,Player X,Player Y,NPC X,NPC Y,Steps Remaining,NPC Path Type,NPC Current Path Index,Interaction Type,Interaction Details
2025-10-20 22:53:17.430Z,LEVEL_START,,,,,,,,,,
2025-10-20 22:53:17.430Z,LEVEL_START,,,,,,,,,,
2025-10-20 22:53:55.511Z,GAME_ACTION,up,3.0,11.0,,,,,,,
2025-10-20 22:53:56.796Z,GAME_ACTION,up,3.0,10.0,,,,,,,
2025-10-20 22:54:02.218Z,GAME_ACTION,up,3.0,9.0,,,,,,,
2025-10-20 22:54:02.469Z,GAME_ACTION,up,3.0,8.0,,,,,,,
2025-10-20 22:54:02.708Z,GAME_ACTION,up,3.0,7.0,,,,,,,
2025-10-20 22:54:02.937Z,GAME_ACTION,up,3.0,6.0,,,,,,,
2025-10-20 22:54:03.133Z,GAME_ACTION,up,3.0,5.0,,,,,,,
2025-10-20 22:54:03.334Z,GAME_ACTION,up,3.0,4.0,,,,,,,
2025-10-20 22:54:03.545Z,GAME_ACTION,up,3.0,3.0,,,,,,,
2025-10-20 22:54:03.841Z,GAME_ACTION,up,3.0,2.0,,,,,,,
2025-10-20 22:54:04.540Z,GAME_ACTION,up,3.0,1.0,,,,,,,
2025-10-20 22:54:04.540Z,INTERACTION,,3.0,1.0,,,,,,wizard_interaction,
2025-10-20 22:54:06.252Z,GAME_ACTION,down,3.0,1.0,,,,,,,
2025-10-20 22:54:06.525Z,GAME_ACTION,down,3.0,2.0,,,,,,,
2025-10-20 22:54:07.721Z,GAME_ACTION,up,3.0,3.0,,,,,,,
2025-10-20 22:54:08.102Z,GAME_ACTION,left,3.0,2.0,,,,,,,
2025-10-20 22:54:08.299Z,GAME_ACTION,left,2.0,2.0,,,,,,,
2025-10-20 22:54:08.483Z,INTERACTION,,2.0,2.0,,,,,,wizard_interaction,blueAmulet
2025-10-20 22:54:08.483Z,GAME_ACTION,left,1.0,2.0,,,,,,,
2025-10-20 22:54:09.893Z,GAME_ACTION,right,1.0,2.0,,,,,,,
2025-10-20 22:54:10.452Z,GAME_ACTION,right,2.0,2.0,,,,,,,
2025-10-20 22:54:11.702Z,GAME_ACTION,down,3.0,2.0,,,,,,,
2025-10-20 22:54:11.894Z,GAME_ACTION,down,3.0,3.0,,,,,,,
2025-10-20 22:54:12.170Z,GAME_ACTION,down,3.0,4.0,,,,,,,
2025-10-20 22:54:12.610Z,GAME_ACTION,down,3.0,5.0,,,,,,,
2025-10-20 22:54:12.995Z,GAME_ACTION,down,3.0,6.0,,,,,,,
2025-10-20 22:54:13.861Z,GAME_ACTION,right,3.0,7.0,,,,,,,
2025-10-20 22:54:14.075Z,GAME_ACTION,right,4.0,7.0,,,,,,,
2025-10-20 22:54:14.294Z,GAME_ACTION,right,5.0,7.0,,,,,,,
2025-10-20 22:54:14.563Z,GAME_ACTION,right,6.0,7.0,,,,,,,
2025-10-20 22:54:15.949Z,GAME_ACTION,down,7.0,7.0,,,,,,,
2025-10-20 22:54:16.213Z,GAME_ACTION,down,7.0,8.0,,,,,,,
2025-10-20 22:54:16.504Z,GAME_ACTION,down,7.0,9.0,,,,,,,
2025-10-20 22:54:18.570Z,GAME_ACTION,right,7.0,10.0,,,,,,,
2025-10-20 22:54:18.761Z,GAME_ACTION,right,8.0,10.0,,,,,,,
2025-10-20 22:54:18.961Z,INTERACTION,,8.0,10.0,,,,,,treasure_interaction,B
2025-10-20 22:54:18.961Z,LEVEL_COMPLETE,,8.0,10.0,,,,,,,
2025-10-20 22:54:18.961Z,GAME_ACTION,right,9.0,10.0,,,,,,,
2025-10-20 22:54:21.976Z,LEVEL_COMPLETE,,9.0,10.0,,,13.0,experienced2,,,

Level: s332_2
Timestamp,Type,Player Action,Player X,Player Y,NPC X,NPC Y,Steps Remaining,NPC Path Type,NPC Current Path Index,Interaction Type,Interaction Details
2025-10-20 23:00:49.685Z,LEVEL_START,,,,,,,,,,
2025-10-20 23:00:49.705Z,LEVEL_START,,,,,,,,,,
2025-10-20 23:01:21.740Z,GAME_ACTION,up,3.0,11.0,,,,,,,
2025-10-20 23:01:23.449Z,GAME_ACTION,up,3.0,10.0,,,,,,,
2025-10-20 23:01:23.664Z,GAME_ACTION,up,3.0,9.0,,,,,,,
2025-10-20 23:01:23.860Z,GAME_ACTION,up,3.0,8.0,,,,,,,
2025-10-20 23:01:24.040Z,GAME_ACTION,up,3.0,7.0,,,,,,,
2025-10-20 23:01:24.240Z,GAME_ACTION,up,3.0,6.0,,,,,,,
2025-10-20 23:01:24.462Z,GAME_ACTION,up,3.0,5.0,,,,,,,
2025-10-20 23:01:24.689Z,GAME_ACTION,up,3.0,4.0,,,,,,,
2025-10-20 23:01:24.981Z,GAME_ACTION,up,3.0,3.0,,,,,,,
2025-10-20 23:01:26.411Z,GAME_ACTION,left,3.0,2.0,,,,,,,
2025-10-20 23:01:26.675Z,GAME_ACTION,left,2.0,2.0,,,,,,,
2025-10-20 23:01:26.903Z,GAME_ACTION,left,1.0,2.0,,,,,,,
2025-10-20 23:01:26.903Z,INTERACTION,,1.0,2.0,,,,,,wizard_interaction,blueAmulet
2025-10-20 23:01:28.692Z,GAME_ACTION,right,1.0,2.0,,,,,,,
2025-10-20 23:01:29.135Z,GAME_ACTION,right,2.0,2.0,,,,,,,
2025-10-20 23:01:31.205Z,GAME_ACTION,down,3.0,2.0,,,,,,,
2025-10-20 23:01:31.421Z,GAME_ACTION,down,3.0,3.0,,,,,,,
2025-10-20 23:01:31.616Z,GAME_ACTION,down,3.0,4.0,,,,,,,
2025-10-20 23:01:31.822Z,GAME_ACTION,down,3.0,5.0,,,,,,,
2025-10-20 23:01:32.032Z,GAME_ACTION,down,3.0,6.0,,,,,,,
2025-10-20 23:01:33.042Z,GAME_ACTION,right,3.0,7.0,,,,,,,
2025-10-20 23:01:33.245Z,GAME_ACTION,right,4.0,7.0,,,,,,,
2025-10-20 23:01:33.437Z,GAME_ACTION,right,5.0,7.0,,,,,,,
2025-10-20 23:01:33.649Z,GAME_ACTION,right,6.0,7.0,,,,,,,
2025-10-20 23:01:34.479Z,GAME_ACTION,down,7.0,7.0,,,,,,,
2025-10-20 23:01:34.726Z,GAME_ACTION,down,7.0,8.0,,,,,,,
2025-10-20 23:01:35.166Z,GAME_ACTION,down,7.0,9.0,,,,,,,
2025-10-20 23:01:35.775Z,GAME_ACTION,right,7.0,10.0,,,,,,,
2025-10-20 23:01:35.979Z,GAME_ACTION,right,8.0,10.0,,,,,,,
2025-10-20 23:01:36.170Z,GAME_ACTION,right,9.0,10.0,,,,,,,
2025-10-20 23:01:36.170Z,INTERACTION,,9.0,10.0,,,,,,treasure_interaction,B
2025-10-20 23:01:36.170Z,LEVEL_COMPLETE,,9.0,10.0,,,,,,,
2025-10-20 23:01:39.175Z,LEVEL_COMPLETE,,9.0,10.0,,,30.0,experienced2,,,

Level: s342_2
Timestamp,Type,Player Action,Player X,Player Y,NPC X,NPC Y,Steps Remaining,NPC Path Type,NPC Current Path Index,Interaction Type,Interaction Details
2025-10-20 22:50:21.262Z,LEVEL_START,,,,,,,,,,
2025-10-20 22:50:21.300Z,LEVEL_START,,,,,,,,,,
2025-10-20 22:50:51.455Z,AGENT_OBSERVE,,10.0,8.0,3.0,3.0,,experienced2,,,
2025-10-20 22:50:51.455Z,AGENT_OBSERVE,,10.0,8.0,3.0,3.0,,experienced2,,,
2025-10-20 22:50:59.466Z,GAME_ACTION,left,10.0,8.0,3.0,3.0,,experienced2,,,
2025-10-20 22:50:59.466Z,GAME_ACTION,left,10.0,8.0,3.0,3.0,,experienced2,,,
2025-10-20 22:51:02.192Z,GAME_ACTION,left,9.0,8.0,3.0,3.0,,experienced2,,,
2025-10-20 22:51:02.192Z,GAME_ACTION,left,9.0,8.0,3.0,3.0,,experienced2,,,
2025-10-20 22:51:03.067Z,GAME_ACTION,left,8.0,8.0,3.0,3.0,,experienced2,,,
2025-10-20 22:51:03.067Z,GAME_ACTION,left,8.0,8.0,3.0,3.0,,experienced2,,,
2025-10-20 22:51:04.181Z,GAME_ACTION,up,7.0,8.0,3.0,3.0,,experienced2,,,
2025-10-20 22:51:04.181Z,GAME_ACTION,up,7.0,8.0,3.0,3.0,,experienced2,,,
2025-10-20 22:51:04.419Z,GAME_ACTION,up,7.0,7.0,3.0,3.0,,experienced2,,,
2025-10-20 22:51:04.419Z,GAME_ACTION,up,7.0,7.0,3.0,3.0,,experienced2,,,
2025-10-20 22:51:04.623Z,GAME_ACTION,up,7.0,6.0,3.0,3.0,,experienced2,,,
2025-10-20 22:51:04.623Z,GAME_ACTION,up,7.0,6.0,3.0,3.0,,experienced2,,,
2025-10-20 22:51:04.843Z,GAME_ACTION,up,7.0,5.0,3.0,3.0,,experienced2,,,
2025-10-20 22:51:04.843Z,GAME_ACTION,up,7.0,5.0,3.0,3.0,,experienced2,,,
2025-10-20 22:51:05.092Z,GAME_ACTION,up,7.0,4.0,3.0,3.0,,experienced2,,,
2025-10-20 22:51:05.092Z,GAME_ACTION,up,7.0,4.0,3.0,3.0,,experienced2,,,
2025-10-20 22:51:06.652Z,GAME_ACTION,left,7.0,3.0,3.0,3.0,,experienced2,,,
2025-10-20 22:51:06.652Z,GAME_ACTION,left,7.0,3.0,3.0,3.0,,experienced2,,,
2025-10-20 22:51:06.829Z,GAME_ACTION,left,6.0,3.0,3.0,3.0,,experienced2,,,
2025-10-20 22:51:06.829Z,GAME_ACTION,left,6.0,3.0,3.0,3.0,,experienced2,,,
2025-10-20 22:51:07.025Z,GAME_ACTION,left,5.0,3.0,3.0,3.0,,experienced2,,,
2025-10-20 22:51:07.025Z,GAME_ACTION,left,5.0,3.0,3.0,3.0,,experienced2,,,
2025-10-20 22:51:07.213Z,GAME_ACTION,left,4.0,3.0,3.0,3.0,,experienced2,,,
2025-10-20 22:51:07.213Z,GAME_ACTION,left,4.0,3.0,3.0,3.0,,experienced2,,,
2025-10-20 22:51:07.408Z,GAME_ACTION,left,3.0,3.0,3.0,3.0,,experienced2,,,
2025-10-20 22:51:07.408Z,GAME_ACTION,left,3.0,3.0,3.0,3.0,,experienced2,,,
2025-10-20 22:51:07.617Z,GAME_ACTION,left,2.0,3.0,3.0,3.0,,experienced2,,,
2025-10-20 22:51:07.617Z,GAME_ACTION,left,2.0,3.0,3.0,3.0,,experienced2,,,
2025-10-20 22:51:07.891Z,GAME_ACTION,left,1.0,3.0,3.0,3.0,,experienced2,,,
2025-10-20 22:51:07.891Z,GAME_ACTION,left,1.0,3.0,3.0,3.0,,experienced2,,,
2025-10-20 22:51:08.911Z,GAME_ACTION,up,0.0,3.0,3.0,3.0,,experienced2,,,
2025-10-20 22:51:08.911Z,GAME_ACTION,up,0.0,3.0,3.0,3.0,,experienced2,,,
2025-10-20 22:51:09.157Z,GAME_ACTION,up,0.0,2.0,3.0,3.0,,experienced2,,,
2025-10-20 22:51:09.157Z,GAME_ACTION,up,0.0,2.0,3.0,3.0,,experienced2,,,
2025-10-20 22:51:09.158Z,INTERACTION,,0.0,2.0,3.0,3.0,,experienced2,,wizard_interaction,
2025-10-20 22:51:09.158Z,INTERACTION,,0.0,2.0,3.0,3.0,,experienced2,,wizard_interaction,
2025-10-20 22:51:10.704Z,GAME_ACTION,down,0.0,2.0,3.0,3.0,,experienced2,,,
2025-10-20 22:51:10.704Z,GAME_ACTION,down,0.0,2.0,3.0,3.0,,experienced2,,,
2025-10-20 22:51:10.890Z,GAME_ACTION,down,0.0,3.0,3.0,3.0,,experienced2,,,
2025-10-20 22:51:10.890Z,GAME_ACTION,down,0.0,3.0,3.0,3.0,,experienced2,,,
2025-10-20 22:51:11.105Z,INTERACTION,,0.0,3.0,3.0,3.0,,experienced2,,wizard_interaction,blueAmulet
2025-10-20 22:51:11.105Z,INTERACTION,,0.0,3.0,3.0,3.0,,experienced2,,wizard_interaction,blueAmulet
2025-10-20 22:51:11.105Z,GAME_ACTION,down,0.0,4.0,3.0,3.0,,experienced2,,,
2025-10-20 22:51:11.105Z,GAME_ACTION,down,0.0,4.0,3.0,3.0,,experienced2,,,
2025-10-20 22:51:13.121Z,GAME_ACTION,up,0.0,4.0,3.0,3.0,,experienced2,,,
2025-10-20 22:51:13.121Z,GAME_ACTION,up,0.0,4.0,3.0,3.0,,experienced2,,,
2025-10-20 22:51:14.286Z,GAME_ACTION,right,0.0,3.0,3.0,3.0,,experienced2,,,
2025-10-20 22:51:14.286Z,GAME_ACTION,right,0.0,3.0,3.0,3.0,,experienced2,,,
2025-10-20 22:51:14.461Z,GAME_ACTION,right,1.0,3.0,3.0,3.0,,experienced2,,,
2025-10-20 22:51:14.461Z,GAME_ACTION,right,1.0,3.0,3.0,3.0,,experienced2,,,
2025-10-20 22:51:14.640Z,GAME_ACTION,right,2.0,3.0,3.0,3.0,,experienced2,,,
2025-10-20 22:51:14.640Z,GAME_ACTION,right,2.0,3.0,3.0,3.0,,experienced2,,,
2025-10-20 22:51:14.813Z,GAME_ACTION,right,3.0,3.0,3.0,3.0,,experienced2,,,
2025-10-20 22:51:14.813Z,GAME_ACTION,right,3.0,3.0,3.0,3.0,,experienced2,,,
2025-10-20 22:51:15.005Z,GAME_ACTION,right,4.0,3.0,3.0,3.0,,experienced2,,,
2025-10-20 22:51:15.005Z,GAME_ACTION,right,4.0,3.0,3.0,3.0,,experienced2,,,
2025-10-20 22:51:15.181Z,GAME_ACTION,right,5.0,3.0,3.0,3.0,,experienced2,,,
2025-10-20 22:51:15.181Z,GAME_ACTION,right,5.0,3.0,3.0,3.0,,experienced2,,,
2025-10-20 22:51:15.495Z,GAME_ACTION,right,6.0,3.0,3.0,3.0,,experienced2,,,
2025-10-20 22:51:15.495Z,GAME_ACTION,right,6.0,3.0,3.0,3.0,,experienced2,,,
2025-10-20 22:51:17.303Z,GAME_ACTION,down,7.0,3.0,3.0,3.0,,experienced2,,,
2025-10-20 22:51:17.303Z,GAME_ACTION,down,7.0,3.0,3.0,3.0,,experienced2,,,
2025-10-20 22:51:17.553Z,GAME_ACTION,down,7.0,4.0,3.0,3.0,,experienced2,,,
2025-10-20 22:51:17.553Z,GAME_ACTION,down,7.0,4.0,3.0,3.0,,experienced2,,,
2025-10-20 22:51:17.759Z,GAME_ACTION,down,7.0,5.0,3.0,3.0,,experienced2,,,
2025-10-20 22:51:17.759Z,GAME_ACTION,down,7.0,5.0,3.0,3.0,,experienced2,,,
2025-10-20 22:51:18.014Z,GAME_ACTION,down,7.0,6.0,3.0,3.0,,experienced2,,,
2025-10-20 22:51:18.014Z,GAME_ACTION,down,7.0,6.0,3.0,3.0,,experienced2,,,
2025-10-20 22:51:18.368Z,GAME_ACTION,down,7.0,7.0,3.0,3.0,,experienced2,,,
2025-10-20 22:51:18.368Z,GAME_ACTION,down,7.0,7.0,3.0,3.0,,experienced2,,,
2025-10-20 22:51:19.749Z,GAME_ACTION,left,7.0,8.0,3.0,3.0,,experienced2,,,
2025-10-20 22:51:19.749Z,GAME_ACTION,left,7.0,8.0,3.0,3.0,,experienced2,,,
2025-10-20 22:51:20.168Z,GAME_ACTION,left,6.0,8.0,3.0,3.0,,experienced2,,,
2025-10-20 22:51:20.168Z,GAME_ACTION,left,6.0,8.0,3.0,3.0,,experienced2,,,
2025-10-20 22:51:21.099Z,GAME_ACTION,down,5.0,8.0,3.0,3.0,,experienced2,,,
2025-10-20 22:51:21.099Z,GAME_ACTION,down,5.0,8.0,3.0,3.0,,experienced2,,,
2025-10-20 22:51:21.276Z,GAME_ACTION,down,5.0,9.0,3.0,3.0,,experienced2,,,
2025-10-20 22:51:21.276Z,GAME_ACTION,down,5.0,9.0,3.0,3.0,,experienced2,,,
2025-10-20 22:51:21.463Z,GAME_ACTION,down,5.0,10.0,3.0,3.0,,experienced2,,,
2025-10-20 22:51:21.463Z,INTERACTION,,5.0,10.0,3.0,3.0,,experienced2,,treasure_interaction,B
2025-10-20 22:51:21.463Z,LEVEL_COMPLETE,,5.0,10.0,3.0,3.0,,experienced2,,,
2025-10-20 22:51:21.463Z,INTERACTION,,5.0,10.0,3.0,3.0,,experienced2,,treasure_interaction,B
2025-10-20 22:51:21.463Z,GAME_ACTION,down,5.0,10.0,3.0,3.0,,experienced2,,,
2025-10-20 22:51:21.463Z,LEVEL_COMPLETE,,5.0,10.0,3.0,3.0,,experienced2,,,
2025-10-20 22:51:24.464Z,LEVEL_COMPLETE,,5.0,10.0,3.0,3.0,15.0,experienced2,,,

Level: s421_1
Timestamp,Type,Player Action,Player X,Player Y,NPC X,NPC Y,Steps Remaining,NPC Path Type,NPC Current Path Index,Interaction Type,Interaction Details
2025-10-20 22:52:09.078Z,LEVEL_START,,,,,,,,,,
2025-10-20 22:52:09.078Z,LEVEL_START,,,,,,,,,,
2025-10-20 22:52:46.265Z,AGENT_OBSERVE,,0.0,9.0,4.0,8.0,,experienced1,,,
2025-10-20 22:52:49.920Z,GAME_ACTION,right,0.0,9.0,4.0,8.0,,experienced1,,,
2025-10-20 22:52:50.259Z,GAME_ACTION,right,1.0,9.0,4.0,8.0,,experienced1,,,
2025-10-20 22:52:50.542Z,GAME_ACTION,right,2.0,9.0,4.0,8.0,,experienced1,,,
2025-10-20 22:52:50.912Z,GAME_ACTION,right,3.0,9.0,4.0,8.0,,experienced1,,,
2025-10-20 22:52:51.745Z,AGENT_OBSERVE,,4.0,9.0,4.0,7.0,,experienced1,,,
2025-10-20 22:52:53.942Z,GAME_ACTION,up,4.0,9.0,4.0,7.0,,experienced1,,,
2025-10-20 22:52:54.262Z,GAME_ACTION,up,4.0,8.0,4.0,7.0,,experienced1,,,
2025-10-20 22:52:55.404Z,AGENT_OBSERVE,,4.0,7.0,4.0,6.0,,experienced1,,,
2025-10-20 22:52:57.225Z,GAME_ACTION,up,4.0,7.0,4.0,6.0,,experienced1,,,
2025-10-20 22:52:58.302Z,AGENT_OBSERVE,,4.0,6.0,4.0,5.0,,experienced1,,,
2025-10-20 22:52:59.442Z,AGENT_OBSERVE,,4.0,6.0,4.0,4.0,,experienced1,,,
2025-10-20 22:53:00.720Z,GAME_ACTION,up,4.0,6.0,4.0,4.0,,experienced1,,,
2025-10-20 22:53:00.918Z,GAME_ACTION,up,4.0,5.0,4.0,4.0,,experienced1,,,
2025-10-20 22:53:01.099Z,GAME_ACTION,up,4.0,4.0,4.0,4.0,,experienced1,,,
2025-10-20 22:53:01.332Z,GAME_ACTION,up,4.0,3.0,4.0,4.0,,experienced1,,,
2025-10-20 22:53:02.552Z,GAME_ACTION,left,4.0,3.0,4.0,4.0,,experienced1,,,
2025-10-20 22:53:02.746Z,GAME_ACTION,left,3.0,3.0,4.0,4.0,,experienced1,,,
2025-10-20 22:53:02.951Z,GAME_ACTION,left,2.0,3.0,4.0,4.0,,experienced1,,,
2025-10-20 22:53:03.207Z,GAME_ACTION,left,1.0,3.0,4.0,4.0,,experienced1,,,
2025-10-20 22:53:03.932Z,GAME_ACTION,up,0.0,3.0,4.0,4.0,,experienced1,,,
2025-10-20 22:53:04.127Z,GAME_ACTION,up,0.0,2.0,4.0,4.0,,experienced1,,,
2025-10-20 22:53:04.320Z,GAME_ACTION,up,0.0,1.0,4.0,4.0,,experienced1,,,
2025-10-20 22:53:04.320Z,INTERACTION,,0.0,1.0,4.0,4.0,,experienced1,,wizard_interaction,blueAmulet
2025-10-20 22:53:06.303Z,GAME_ACTION,down,0.0,1.0,4.0,4.0,,experienced1,,,
2025-10-20 22:53:06.497Z,GAME_ACTION,down,0.0,2.0,4.0,4.0,,experienced1,,,
2025-10-20 22:53:06.711Z,GAME_ACTION,down,0.0,3.0,4.0,4.0,,experienced1,,,
2025-10-20 22:53:07.694Z,GAME_ACTION,right,0.0,3.0,4.0,4.0,,experienced1,,,
2025-10-20 22:53:07.957Z,GAME_ACTION,right,1.0,3.0,4.0,4.0,,experienced1,,,
2025-10-20 22:53:08.226Z,GAME_ACTION,right,2.0,3.0,4.0,4.0,,experienced1,,,
2025-10-20 22:53:08.530Z,GAME_ACTION,right,3.0,3.0,4.0,4.0,,experienced1,,,
2025-10-20 22:53:09.579Z,GAME_ACTION,down,4.0,3.0,4.0,4.0,,experienced1,,,
2025-10-20 22:53:09.790Z,GAME_ACTION,down,4.0,4.0,4.0,4.0,,experienced1,,,
2025-10-20 22:53:09.970Z,GAME_ACTION,down,4.0,5.0,4.0,4.0,,experienced1,,,
2025-10-20 22:53:10.174Z,GAME_ACTION,down,4.0,6.0,4.0,4.0,,experienced1,,,
2025-10-20 22:53:10.481Z,GAME_ACTION,down,4.0,7.0,4.0,4.0,,experienced1,,,
2025-10-20 22:53:11.067Z,GAME_ACTION,down,4.0,8.0,4.0,4.0,,experienced1,,,
2025-10-20 22:53:12.253Z,GAME_ACTION,left,4.0,9.0,4.0,4.0,,experienced1,,,
2025-10-20 22:53:12.464Z,GAME_ACTION,left,3.0,9.0,4.0,4.0,,experienced1,,,
2025-10-20 22:53:12.752Z,GAME_ACTION,left,2.0,9.0,4.0,4.0,,experienced1,,,
2025-10-20 22:53:13.204Z,GAME_ACTION,left,1.0,9.0,4.0,4.0,,experienced1,,,
2025-10-20 22:53:14.133Z,GAME_ACTION,down,0.0,9.0,4.0,4.0,,experienced1,,,
2025-10-20 22:53:14.317Z,GAME_ACTION,down,0.0,10.0,4.0,4.0,,experienced1,,,
2025-10-20 22:53:14.317Z,INTERACTION,,0.0,10.0,4.0,4.0,,experienced1,,treasure_interaction,B
2025-10-20 22:53:14.317Z,LEVEL_COMPLETE,,0.0,10.0,4.0,4.0,,experienced1,,,
2025-10-20 22:53:17.318Z,LEVEL_COMPLETE,,0.0,10.0,4.0,4.0,22.0,experienced1,,,

Level: s432_1
Timestamp,Type,Player Action,Player X,Player Y,NPC X,NPC Y,Steps Remaining,NPC Path Type,NPC Current Path Index,Interaction Type,Interaction Details
2025-10-20 22:47:56.834Z,LEVEL_START,,,,,,,,,,
2025-10-20 22:47:56.834Z,LEVEL_START,,,,,,,,,,
2025-10-20 22:49:45.088Z,GAME_ACTION,left,4.0,5.0,,,,,,,
2025-10-20 22:49:46.526Z,GAME_ACTION,left,3.0,5.0,,,,,,,
2025-10-20 22:49:46.980Z,GAME_ACTION,left,2.0,5.0,,,,,,,
2025-10-20 22:49:47.462Z,GAME_ACTION,left,1.0,5.0,,,,,,,
2025-10-20 22:49:48.291Z,GAME_ACTION,up,0.0,5.0,,,,,,,
2025-10-20 22:49:48.497Z,GAME_ACTION,up,0.0,4.0,,,,,,,
2025-10-20 22:49:48.709Z,GAME_ACTION,up,0.0,3.0,,,,,,,
2025-10-20 22:49:48.926Z,GAME_ACTION,up,0.0,2.0,,,,,,,
2025-10-20 22:49:49.278Z,GAME_ACTION,up,0.0,1.0,,,,,,,
2025-10-20 22:49:49.278Z,INTERACTION,,0.0,1.0,,,,,,wizard_interaction,
2025-10-20 22:49:51.352Z,GAME_ACTION,down,0.0,1.0,,,,,,,
2025-10-20 22:49:51.805Z,GAME_ACTION,down,0.0,2.0,,,,,,,
2025-10-20 22:49:52.621Z,GAME_ACTION,right,0.0,3.0,,,,,,,
2025-10-20 22:49:53.340Z,GAME_ACTION,right,1.0,3.0,,,,,,,
2025-10-20 22:49:54.042Z,GAME_ACTION,up,2.0,3.0,,,,,,,
2025-10-20 22:49:54.300Z,GAME_ACTION,up,2.0,2.0,,,,,,,
2025-10-20 22:49:54.872Z,GAME_ACTION,up,2.0,1.0,,,,,,,
2025-10-20 22:49:54.873Z,INTERACTION,,2.0,1.0,,,,,,wizard_interaction,
2025-10-20 22:49:56.976Z,GAME_ACTION,down,2.0,1.0,,,,,,,
2025-10-20 22:49:57.314Z,GAME_ACTION,down,2.0,2.0,,,,,,,
2025-10-20 22:49:59.421Z,GAME_ACTION,right,2.0,3.0,,,,,,,
2025-10-20 22:49:59.804Z,GAME_ACTION,right,3.0,3.0,,,,,,,
2025-10-20 22:50:00.717Z,GAME_ACTION,up,4.0,3.0,,,,,,,
2025-10-20 22:50:00.924Z,GAME_ACTION,up,4.0,2.0,,,,,,,
2025-10-20 22:50:01.141Z,GAME_ACTION,up,4.0,1.0,,,,,,,
2025-10-20 22:50:01.141Z,INTERACTION,,4.0,1.0,,,,,,wizard_interaction,blueAmulet
2025-10-20 22:50:03.815Z,GAME_ACTION,down,4.0,1.0,,,,,,,
2025-10-20 22:50:04.141Z,GAME_ACTION,down,4.0,2.0,,,,,,,
2025-10-20 22:50:05.191Z,GAME_ACTION,left,4.0,3.0,,,,,,,
2025-10-20 22:50:05.492Z,GAME_ACTION,left,3.0,3.0,,,,,,,
2025-10-20 22:50:05.749Z,GAME_ACTION,left,2.0,3.0,,,,,,,
2025-10-20 22:50:06.003Z,GAME_ACTION,left,1.0,3.0,,,,,,,
2025-10-20 22:50:07.685Z,GAME_ACTION,down,0.0,3.0,,,,,,,
2025-10-20 22:50:08.339Z,GAME_ACTION,down,0.0,4.0,,,,,,,
2025-10-20 22:50:08.656Z,GAME_ACTION,down,0.0,5.0,,,,,,,
2025-10-20 22:50:09.534Z,GAME_ACTION,right,0.0,5.0,,,,,,,
2025-10-20 22:50:09.841Z,GAME_ACTION,right,1.0,5.0,,,,,,,
2025-10-20 22:50:10.185Z,GAME_ACTION,right,2.0,5.0,,,,,,,
2025-10-20 22:50:10.993Z,GAME_ACTION,down,3.0,5.0,,,,,,,
2025-10-20 22:50:11.253Z,GAME_ACTION,down,3.0,6.0,,,,,,,
2025-10-20 22:50:11.510Z,GAME_ACTION,down,3.0,7.0,,,,,,,
2025-10-20 22:50:11.766Z,GAME_ACTION,down,3.0,8.0,,,,,,,
2025-10-20 22:50:13.072Z,GAME_ACTION,left,3.0,9.0,,,,,,,
2025-10-20 22:50:13.395Z,GAME_ACTION,left,2.0,9.0,,,,,,,
2025-10-20 22:50:13.887Z,GAME_ACTION,left,1.0,9.0,,,,,,,
2025-10-20 22:50:15.380Z,GAME_ACTION,down,0.0,9.0,,,,,,,
2025-10-20 22:50:18.159Z,GAME_ACTION,down,0.0,10.0,,,,,,,
2025-10-20 22:50:18.159Z,INTERACTION,,0.0,10.0,,,,,,treasure_interaction,B
2025-10-20 22:50:18.159Z,LEVEL_COMPLETE,,0.0,10.0,,,,,,,
2025-10-20 22:50:21.160Z,LEVEL_COMPLETE,,0.0,10.0,,,-6.0,experienced1,,,

Level: s441_2
Timestamp,Type,Player Action,Player X,Player Y,NPC X,NPC Y,Steps Remaining,NPC Path Type,NPC Current Path Index,Interaction Type,Interaction Details
2025-10-20 22:59:20.321Z,LEVEL_START,,,,,,,,,,
2025-10-20 22:59:20.323Z,LEVEL_START,,,,,,,,,,
2025-10-20 23:00:25.461Z,GAME_ACTION,down,4.0,3.0,,,,,,,
2025-10-20 23:00:25.929Z,GAME_ACTION,down,4.0,4.0,,,,,,,
2025-10-20 23:00:26.210Z,GAME_ACTION,down,4.0,5.0,,,,,,,
2025-10-20 23:00:27.038Z,GAME_ACTION,down,4.0,6.0,,,,,,,
2025-10-20 23:00:27.371Z,GAME_ACTION,down,4.0,7.0,,,,,,,
2025-10-20 23:00:28.907Z,AGENT_OBSERVE,,4.0,8.0,4.0,5.0,,experienced2,,,
2025-10-20 23:00:32.359Z,GAME_ACTION,up,4.0,8.0,4.0,5.0,,experienced2,,,
2025-10-20 23:00:32.569Z,GAME_ACTION,up,4.0,7.0,4.0,5.0,,experienced2,,,
2025-10-20 23:00:32.635Z,GAME_ACTION,up,4.0,6.0,4.0,5.0,,experienced2,,,
2025-10-20 23:00:33.980Z,GAME_ACTION,down,4.0,5.0,4.0,5.0,,experienced2,,,
2025-10-20 23:00:34.011Z,GAME_ACTION,down,4.0,6.0,4.0,5.0,,experienced2,,,
2025-10-20 23:00:35.504Z,GAME_ACTION,down,4.0,7.0,4.0,5.0,,experienced2,,,
2025-10-20 23:00:35.533Z,GAME_ACTION,down,4.0,8.0,4.0,5.0,,experienced2,,,
2025-10-20 23:00:35.797Z,GAME_ACTION,down,4.0,9.0,4.0,5.0,,experienced2,,,
2025-10-20 23:00:36.346Z,GAME_ACTION,down,4.0,10.0,4.0,5.0,,experienced2,,,
2025-10-20 23:00:36.346Z,INTERACTION,,4.0,10.0,4.0,5.0,,experienced2,,wizard_interaction,
2025-10-20 23:00:38.395Z,GAME_ACTION,up,4.0,10.0,4.0,5.0,,experienced2,,,
2025-10-20 23:00:39.681Z,GAME_ACTION,left,4.0,9.0,4.0,5.0,,experienced2,,,
2025-10-20 23:00:39.726Z,GAME_ACTION,left,3.0,9.0,4.0,5.0,,experienced2,,,
2025-10-20 23:00:39.892Z,GAME_ACTION,left,2.0,9.0,4.0,5.0,,experienced2,,,
2025-10-20 23:00:39.926Z,GAME_ACTION,left,1.0,9.0,4.0,5.0,,experienced2,,,
2025-10-20 23:00:40.100Z,GAME_ACTION,left,1.0,9.0,4.0,5.0,,experienced2,,,
2025-10-20 23:00:40.127Z,GAME_ACTION,left,1.0,9.0,4.0,5.0,,experienced2,,,
2025-10-20 23:00:40.859Z,GAME_ACTION,down,1.0,9.0,4.0,5.0,,experienced2,,,
2025-10-20 23:00:41.053Z,GAME_ACTION,down,1.0,10.0,4.0,5.0,,experienced2,,,
2025-10-20 23:00:41.053Z,INTERACTION,,1.0,10.0,4.0,5.0,,experienced2,,wizard_interaction,blueAmulet
2025-10-20 23:00:41.248Z,GAME_ACTION,down,1.0,10.0,4.0,5.0,,experienced2,,,
2025-10-20 23:00:41.390Z,GAME_ACTION,down,1.0,10.0,4.0,5.0,,experienced2,,,
2025-10-20 23:00:42.798Z,GAME_ACTION,up,1.0,10.0,4.0,5.0,,experienced2,,,
2025-10-20 23:00:44.027Z,GAME_ACTION,right,1.0,9.0,4.0,5.0,,experienced2,,,
2025-10-20 23:00:44.048Z,GAME_ACTION,right,2.0,9.0,4.0,5.0,,experienced2,,,
2025-10-20 23:00:44.251Z,GAME_ACTION,right,3.0,9.0,4.0,5.0,,experienced2,,,
2025-10-20 23:00:44.255Z,GAME_ACTION,right,4.0,9.0,4.0,5.0,,experienced2,,,
2025-10-20 23:00:44.432Z,GAME_ACTION,right,5.0,9.0,4.0,5.0,,experienced2,,,
2025-10-20 23:00:44.442Z,GAME_ACTION,right,6.0,9.0,4.0,5.0,,experienced2,,,
2025-10-20 23:00:44.608Z,GAME_ACTION,right,7.0,9.0,4.0,5.0,,experienced2,,,
2025-10-20 23:00:44.617Z,GAME_ACTION,right,8.0,9.0,4.0,5.0,,experienced2,,,
2025-10-20 23:00:44.847Z,GAME_ACTION,right,9.0,9.0,4.0,5.0,,experienced2,,,
2025-10-20 23:00:44.853Z,GAME_ACTION,right,9.0,9.0,4.0,5.0,,experienced2,,,
2025-10-20 23:00:46.343Z,GAME_ACTION,down,9.0,9.0,4.0,5.0,,experienced2,,,
2025-10-20 23:00:46.582Z,GAME_ACTION,down,9.0,10.0,4.0,5.0,,experienced2,,,
2025-10-20 23:00:46.583Z,INTERACTION,,9.0,10.0,4.0,5.0,,experienced2,,treasure_interaction,C
2025-10-20 23:00:46.583Z,LEVEL_COMPLETE,,9.0,10.0,4.0,5.0,,experienced2,,,
2025-10-20 23:00:49.585Z,LEVEL_COMPLETE,,9.0,10.0,4.0,5.0,1.0,experienced2,,,

Level: s511_1
Timestamp,Type,Player Action,Player X,Player Y,NPC X,NPC Y,Steps Remaining,NPC Path Type,NPC Current Path Index,Interaction Type,Interaction Details
2025-10-20 22:55:44.123Z,LEVEL_START,,,,,,,,,,
2025-10-20 22:55:44.123Z,LEVEL_START,,,,,,,,,,
2025-10-20 22:57:14.101Z,GAME_ACTION,up,2.0,7.0,,,,,,,
2025-10-20 22:57:14.464Z,GAME_ACTION,up,2.0,6.0,,,,,,,
2025-10-20 22:57:14.928Z,GAME_ACTION,up,2.0,5.0,,,,,,,
2025-10-20 22:57:15.858Z,AGENT_OBSERVE,,2.0,4.0,2.0,4.0,,experienced1,,,
2025-10-20 22:57:16.121Z,AGENT_OBSERVE,,2.0,4.0,2.0,3.0,,experienced1,,,
2025-10-20 22:57:16.638Z,AGENT_OBSERVE,,2.0,4.0,3.0,3.0,,experienced1,,,
2025-10-20 22:57:17.799Z,GAME_ACTION,up,2.0,4.0,3.0,3.0,,experienced1,,,
2025-10-20 22:57:19.007Z,AGENT_OBSERVE,,2.0,3.0,4.0,3.0,,experienced1,,,
2025-10-20 22:57:19.210Z,AGENT_OBSERVE,,2.0,3.0,5.0,3.0,,experienced1,,,
2025-10-20 22:57:19.487Z,AGENT_OBSERVE,,2.0,3.0,6.0,3.0,,experienced1,,,
2025-10-20 22:57:21.937Z,GAME_ACTION,right,2.0,3.0,6.0,3.0,,experienced1,,,
2025-10-20 22:57:22.380Z,GAME_ACTION,right,3.0,3.0,6.0,3.0,,experienced1,,,
2025-10-20 22:57:23.638Z,AGENT_OBSERVE,,4.0,3.0,7.0,3.0,,experienced1,,,
2025-10-20 22:57:25.616Z,GAME_ACTION,right,4.0,3.0,7.0,3.0,,experienced1,,,
2025-10-20 22:57:25.810Z,GAME_ACTION,right,5.0,3.0,7.0,3.0,,experienced1,,,
2025-10-20 22:57:26.019Z,GAME_ACTION,right,6.0,3.0,7.0,3.0,,experienced1,,,
2025-10-20 22:57:26.316Z,GAME_ACTION,right,7.0,3.0,7.0,3.0,,experienced1,,,
2025-10-20 22:57:28.073Z,AGENT_OBSERVE,,8.0,3.0,8.0,3.0,,experienced1,,,
2025-10-20 22:57:28.292Z,AGENT_OBSERVE,,8.0,3.0,9.0,3.0,,experienced1,,,
2025-10-20 22:57:28.515Z,AGENT_OBSERVE,,8.0,3.0,10.0,3.0,,experienced1,,,
2025-10-20 22:57:30.521Z,AGENT_OBSERVE,,8.0,3.0,10.0,2.0,,experienced1,,,
2025-10-20 22:57:32.418Z,GAME_ACTION,right,8.0,3.0,10.0,2.0,,experienced1,,,
2025-10-20 22:57:32.588Z,GAME_ACTION,right,9.0,3.0,10.0,2.0,,experienced1,,,
2025-10-20 22:57:32.981Z,GAME_ACTION,right,10.0,3.0,10.0,2.0,,experienced1,,,
2025-10-20 22:57:33.676Z,GAME_ACTION,up,10.0,3.0,10.0,2.0,,experienced1,,,
2025-10-20 22:57:33.874Z,GAME_ACTION,up,10.0,2.0,10.0,2.0,,experienced1,,,
2025-10-20 22:57:34.062Z,GAME_ACTION,up,10.0,1.0,10.0,2.0,,experienced1,,,
2025-10-20 22:57:34.062Z,INTERACTION,,10.0,1.0,10.0,2.0,,experienced1,,wizard_interaction,blueAmulet
2025-10-20 22:57:35.263Z,GAME_ACTION,down,10.0,1.0,10.0,2.0,,experienced1,,,
2025-10-20 22:57:35.480Z,GAME_ACTION,down,10.0,2.0,10.0,2.0,,experienced1,,,
2025-10-20 22:57:36.588Z,GAME_ACTION,left,10.0,3.0,10.0,2.0,,experienced1,,,
2025-10-20 22:57:36.769Z,GAME_ACTION,left,9.0,3.0,10.0,2.0,,experienced1,,,
2025-10-20 22:57:36.943Z,GAME_ACTION,left,8.0,3.0,10.0,2.0,,experienced1,,,
2025-10-20 22:57:37.133Z,GAME_ACTION,left,7.0,3.0,10.0,2.0,,experienced1,,,
2025-10-20 22:57:37.324Z,GAME_ACTION,left,6.0,3.0,10.0,2.0,,experienced1,,,
2025-10-20 22:57:37.516Z,GAME_ACTION,left,5.0,3.0,10.0,2.0,,experienced1,,,
2025-10-20 22:57:37.713Z,GAME_ACTION,left,4.0,3.0,10.0,2.0,,experienced1,,,
2025-10-20 22:57:38.040Z,GAME_ACTION,left,3.0,3.0,10.0,2.0,,experienced1,,,
2025-10-20 22:57:39.434Z,GAME_ACTION,down,2.0,3.0,10.0,2.0,,experienced1,,,
2025-10-20 22:57:40.496Z,GAME_ACTION,down,2.0,4.0,10.0,2.0,,experienced1,,,
2025-10-20 22:57:42.424Z,GAME_ACTION,left,2.0,5.0,10.0,2.0,,experienced1,,,
2025-10-20 22:57:42.686Z,GAME_ACTION,left,1.0,5.0,10.0,2.0,,experienced1,,,
2025-10-20 22:57:42.686Z,INTERACTION,,1.0,5.0,10.0,2.0,,experienced1,,wizard_interaction,redAmulet
2025-10-20 22:57:43.912Z,GAME_ACTION,right,1.0,5.0,10.0,2.0,,experienced1,,,
2025-10-20 22:57:45.168Z,GAME_ACTION,down,2.0,5.0,10.0,2.0,,experienced1,,,
2025-10-20 22:57:45.557Z,GAME_ACTION,down,2.0,6.0,10.0,2.0,,experienced1,,,
2025-10-20 22:57:45.881Z,GAME_ACTION,down,2.0,7.0,10.0,2.0,,experienced1,,,
2025-10-20 22:57:46.544Z,GAME_ACTION,down,2.0,8.0,10.0,2.0,,experienced1,,,
2025-10-20 22:57:47.766Z,GAME_ACTION,right,2.0,9.0,10.0,2.0,,experienced1,,,
2025-10-20 22:57:47.957Z,GAME_ACTION,right,3.0,9.0,10.0,2.0,,experienced1,,,
2025-10-20 22:57:48.141Z,GAME_ACTION,right,4.0,9.0,10.0,2.0,,experienced1,,,
2025-10-20 22:57:48.313Z,GAME_ACTION,right,5.0,9.0,10.0,2.0,,experienced1,,,
2025-10-20 22:57:48.501Z,GAME_ACTION,right,6.0,9.0,10.0,2.0,,experienced1,,,
2025-10-20 22:57:48.685Z,GAME_ACTION,right,7.0,9.0,10.0,2.0,,experienced1,,,
2025-10-20 22:57:48.922Z,GAME_ACTION,right,8.0,9.0,10.0,2.0,,experienced1,,,
2025-10-20 22:57:49.197Z,GAME_ACTION,right,9.0,9.0,10.0,2.0,,experienced1,,,
2025-10-20 22:57:49.197Z,INTERACTION,,9.0,9.0,10.0,2.0,,experienced1,,treasure_interaction,A
2025-10-20 22:57:50.604Z,GAME_ACTION,left,10.0,9.0,10.0,2.0,,experienced1,,,
2025-10-20 22:57:50.815Z,GAME_ACTION,left,9.0,9.0,10.0,2.0,,experienced1,,,
2025-10-20 22:57:51.008Z,GAME_ACTION,left,8.0,9.0,10.0,2.0,,experienced1,,,
2025-10-20 22:57:51.199Z,GAME_ACTION,left,7.0,9.0,10.0,2.0,,experienced1,,,
2025-10-20 22:57:51.383Z,GAME_ACTION,left,6.0,9.0,10.0,2.0,,experienced1,,,
2025-10-20 22:57:51.568Z,GAME_ACTION,left,5.0,9.0,10.0,2.0,,experienced1,,,
2025-10-20 22:57:51.760Z,GAME_ACTION,left,4.0,9.0,10.0,2.0,,experienced1,,,
2025-10-20 22:57:51.944Z,GAME_ACTION,left,3.0,9.0,10.0,2.0,,experienced1,,,
2025-10-20 22:57:52.148Z,GAME_ACTION,left,2.0,9.0,10.0,2.0,,experienced1,,,
2025-10-20 22:57:52.395Z,GAME_ACTION,left,1.0,9.0,10.0,2.0,,experienced1,,,
2025-10-20 22:57:52.739Z,GAME_ACTION,left,0.0,9.0,10.0,2.0,,experienced1,,,
2025-10-20 22:57:53.457Z,GAME_ACTION,down,0.0,9.0,10.0,2.0,,experienced1,,,
2025-10-20 22:57:53.668Z,GAME_ACTION,down,0.0,10.0,10.0,2.0,,experienced1,,,
2025-10-20 22:57:53.668Z,INTERACTION,,0.0,10.0,10.0,2.0,,experienced1,,treasure_interaction,B
2025-10-20 22:57:53.668Z,LEVEL_COMPLETE,,0.0,10.0,10.0,2.0,,experienced1,,,
2025-10-20 22:57:56.669Z,LEVEL_COMPLETE,,0.0,10.0,10.0,2.0,-38.0,experienced1,,,

Level: s521_2
Timestamp,Type,Player Action,Player X,Player Y,NPC X,NPC Y,Steps Remaining,NPC Path Type,NPC Current Path Index,Interaction Type,Interaction Details
2025-10-20 22:57:56.786Z,LEVEL_START,,,,,,,,,,
2025-10-20 22:57:56.791Z,LEVEL_START,,,,,,,,,,
2025-10-20 22:58:19.317Z,GAME_ACTION,right,0.0,9.0,,,,,,,
2025-10-20 22:58:19.645Z,GAME_ACTION,right,1.0,9.0,,,,,,,
2025-10-20 22:58:19.917Z,GAME_ACTION,right,2.0,9.0,,,,,,,
2025-10-20 22:58:20.273Z,GAME_ACTION,right,3.0,9.0,,,,,,,
2025-10-20 22:58:21.971Z,AGENT_OBSERVE,,4.0,9.0,4.0,10.0,,experienced2,,,
2025-10-20 22:58:24.924Z,AGENT_OBSERVE,,4.0,9.0,4.0,11.0,,experienced2,,,
2025-10-20 22:58:32.006Z,AGENT_OBSERVE,,4.0,9.0,5.0,11.0,,experienced2,,,
2025-10-20 22:58:32.381Z,AGENT_OBSERVE,,4.0,9.0,6.0,11.0,,experienced2,,,
2025-10-20 22:58:32.485Z,AGENT_OBSERVE,,4.0,9.0,7.0,11.0,,experienced2,,,
2025-10-20 22:58:32.679Z,AGENT_OBSERVE,,4.0,9.0,8.0,11.0,,experienced2,,,
2025-10-20 22:58:32.695Z,AGENT_OBSERVE,,4.0,9.0,9.0,11.0,,experienced2,,,
2025-10-20 22:58:32.887Z,AGENT_OBSERVE,,4.0,9.0,10.0,11.0,,experienced2,,,
2025-10-20 22:58:40.075Z,GAME_ACTION,right,4.0,9.0,10.0,11.0,,experienced2,,,
2025-10-20 22:58:40.106Z,GAME_ACTION,right,5.0,9.0,10.0,11.0,,experienced2,,,
2025-10-20 22:58:40.273Z,GAME_ACTION,right,6.0,9.0,10.0,11.0,,experienced2,,,
2025-10-20 22:58:40.302Z,GAME_ACTION,right,7.0,9.0,10.0,11.0,,experienced2,,,
2025-10-20 22:58:40.479Z,GAME_ACTION,right,8.0,9.0,10.0,11.0,,experienced2,,,
2025-10-20 22:58:40.488Z,GAME_ACTION,right,9.0,9.0,10.0,11.0,,experienced2,,,
2025-10-20 22:58:40.488Z,INTERACTION,,9.0,9.0,10.0,11.0,,experienced2,,wizard_interaction,
2025-10-20 22:58:42.173Z,GAME_ACTION,left,9.0,9.0,10.0,11.0,,experienced2,,,
2025-10-20 22:58:42.410Z,GAME_ACTION,left,8.0,9.0,10.0,11.0,,experienced2,,,
2025-10-20 22:58:42.680Z,GAME_ACTION,left,7.0,9.0,10.0,11.0,,experienced2,,,
2025-10-20 22:58:42.915Z,GAME_ACTION,left,6.0,9.0,10.0,11.0,,experienced2,,,
2025-10-20 22:58:43.185Z,GAME_ACTION,left,5.0,9.0,10.0,11.0,,experienced2,,,
2025-10-20 22:58:45.895Z,GAME_ACTION,down,4.0,9.0,10.0,11.0,,experienced2,,,
2025-10-20 22:58:46.071Z,GAME_ACTION,down,4.0,10.0,10.0,11.0,,experienced2,,,
2025-10-20 22:58:46.250Z,GAME_ACTION,down,4.0,11.0,10.0,11.0,,experienced2,,,
2025-10-20 22:58:46.448Z,GAME_ACTION,down,4.0,11.0,10.0,11.0,,experienced2,,,
2025-10-20 22:58:47.647Z,GAME_ACTION,up,4.0,11.0,10.0,11.0,,experienced2,,,
2025-10-20 22:58:47.847Z,GAME_ACTION,up,4.0,10.0,10.0,11.0,,experienced2,,,
2025-10-20 22:58:48.035Z,GAME_ACTION,up,4.0,9.0,10.0,11.0,,experienced2,,,
2025-10-20 22:58:48.219Z,GAME_ACTION,up,4.0,8.0,10.0,11.0,,experienced2,,,
2025-10-20 22:58:48.403Z,GAME_ACTION,up,4.0,7.0,10.0,11.0,,experienced2,,,
2025-10-20 22:58:48.756Z,GAME_ACTION,up,4.0,6.0,10.0,11.0,,experienced2,,,
2025-10-20 22:58:49.921Z,GAME_ACTION,right,4.0,5.0,10.0,11.0,,experienced2,,,
2025-10-20 22:58:50.108Z,GAME_ACTION,right,5.0,5.0,10.0,11.0,,experienced2,,,
2025-10-20 22:58:50.288Z,GAME_ACTION,right,6.0,5.0,10.0,11.0,,experienced2,,,
2025-10-20 22:58:50.469Z,GAME_ACTION,right,7.0,5.0,10.0,11.0,,experienced2,,,
2025-10-20 22:58:50.677Z,GAME_ACTION,right,8.0,5.0,10.0,11.0,,experienced2,,,
2025-10-20 22:58:50.905Z,GAME_ACTION,right,9.0,5.0,10.0,11.0,,experienced2,,,
2025-10-20 22:58:50.905Z,INTERACTION,,9.0,5.0,10.0,11.0,,experienced2,,wizard_interaction,
2025-10-20 22:58:51.265Z,GAME_ACTION,right,9.0,5.0,10.0,11.0,,experienced2,,,
2025-10-20 22:58:52.663Z,GAME_ACTION,left,9.0,5.0,10.0,11.0,,experienced2,,,
2025-10-20 22:58:52.877Z,GAME_ACTION,left,8.0,5.0,10.0,11.0,,experienced2,,,
2025-10-20 22:58:53.112Z,GAME_ACTION,left,7.0,5.0,10.0,11.0,,experienced2,,,
2025-10-20 22:58:53.321Z,GAME_ACTION,left,6.0,5.0,10.0,11.0,,experienced2,,,
2025-10-20 22:58:53.517Z,GAME_ACTION,left,5.0,5.0,10.0,11.0,,experienced2,,,
2025-10-20 22:58:53.708Z,GAME_ACTION,left,4.0,5.0,10.0,11.0,,experienced2,,,
2025-10-20 22:58:54.282Z,GAME_ACTION,up,4.0,5.0,10.0,11.0,,experienced2,,,
2025-10-20 22:58:54.470Z,GAME_ACTION,up,4.0,4.0,10.0,11.0,,experienced2,,,
2025-10-20 22:58:54.666Z,GAME_ACTION,up,4.0,3.0,10.0,11.0,,experienced2,,,
2025-10-20 22:58:55.720Z,GAME_ACTION,right,4.0,3.0,10.0,11.0,,experienced2,,,
2025-10-20 22:58:55.879Z,GAME_ACTION,right,5.0,3.0,10.0,11.0,,experienced2,,,
2025-10-20 22:58:56.074Z,GAME_ACTION,right,6.0,3.0,10.0,11.0,,experienced2,,,
2025-10-20 22:58:56.259Z,GAME_ACTION,right,7.0,3.0,10.0,11.0,,experienced2,,,
2025-10-20 22:58:56.449Z,GAME_ACTION,right,8.0,3.0,10.0,11.0,,experienced2,,,
2025-10-20 22:58:57.588Z,GAME_ACTION,right,9.0,3.0,10.0,11.0,,experienced2,,,
2025-10-20 22:58:57.964Z,GAME_ACTION,up,10.0,3.0,10.0,11.0,,experienced2,,,
2025-10-20 22:58:58.152Z,GAME_ACTION,up,10.0,2.0,10.0,11.0,,experienced2,,,
2025-10-20 22:58:58.332Z,GAME_ACTION,up,10.0,1.0,10.0,11.0,,experienced2,,,
2025-10-20 22:58:58.332Z,INTERACTION,,10.0,1.0,10.0,11.0,,experienced2,,wizard_interaction,
2025-10-20 22:58:58.512Z,GAME_ACTION,up,10.0,1.0,10.0,11.0,,experienced2,,,
2025-10-20 22:59:00.639Z,GAME_ACTION,down,10.0,1.0,10.0,11.0,,experienced2,,,
2025-10-20 22:59:01.572Z,GAME_ACTION,down,10.0,2.0,10.0,11.0,,experienced2,,,
2025-10-20 22:59:02.619Z,GAME_ACTION,left,10.0,3.0,10.0,11.0,,experienced2,,,
2025-10-20 22:59:02.830Z,GAME_ACTION,left,9.0,3.0,10.0,11.0,,experienced2,,,
2025-10-20 22:59:03.037Z,GAME_ACTION,left,8.0,3.0,10.0,11.0,,experienced2,,,
2025-10-20 22:59:03.226Z,GAME_ACTION,left,7.0,3.0,10.0,11.0,,experienced2,,,
2025-10-20 22:59:03.430Z,GAME_ACTION,left,6.0,3.0,10.0,11.0,,experienced2,,,
2025-10-20 22:59:03.626Z,GAME_ACTION,left,5.0,3.0,10.0,11.0,,experienced2,,,
2025-10-20 22:59:03.832Z,GAME_ACTION,left,4.0,3.0,10.0,11.0,,experienced2,,,
2025-10-20 22:59:04.031Z,GAME_ACTION,left,3.0,3.0,10.0,11.0,,experienced2,,,
2025-10-20 22:59:04.215Z,GAME_ACTION,left,2.0,3.0,10.0,11.0,,experienced2,,,
2025-10-20 22:59:04.447Z,GAME_ACTION,left,1.0,3.0,10.0,11.0,,experienced2,,,
2025-10-20 22:59:05.351Z,GAME_ACTION,up,0.0,3.0,10.0,11.0,,experienced2,,,
2025-10-20 22:59:05.533Z,GAME_ACTION,up,0.0,2.0,10.0,11.0,,experienced2,,,
2025-10-20 22:59:05.723Z,GAME_ACTION,up,0.0,1.0,10.0,11.0,,experienced2,,,
2025-10-20 22:59:05.723Z,INTERACTION,,0.0,1.0,10.0,11.0,,experienced2,,wizard_interaction,blueAmulet
2025-10-20 22:59:05.925Z,GAME_ACTION,up,0.0,1.0,10.0,11.0,,experienced2,,,
2025-10-20 22:59:07.338Z,GAME_ACTION,down,0.0,1.0,10.0,11.0,,experienced2,,,
2025-10-20 22:59:07.537Z,GAME_ACTION,down,0.0,2.0,10.0,11.0,,experienced2,,,
2025-10-20 22:59:07.729Z,GAME_ACTION,down,0.0,3.0,10.0,11.0,,experienced2,,,
2025-10-20 22:59:08.926Z,GAME_ACTION,right,0.0,3.0,10.0,11.0,,experienced2,,,
2025-10-20 22:59:09.161Z,GAME_ACTION,right,1.0,3.0,10.0,11.0,,experienced2,,,
2025-10-20 22:59:09.393Z,GAME_ACTION,right,2.0,3.0,10.0,11.0,,experienced2,,,
2025-10-20 22:59:09.612Z,GAME_ACTION,right,3.0,3.0,10.0,11.0,,experienced2,,,
2025-10-20 22:59:10.327Z,GAME_ACTION,down,4.0,3.0,10.0,11.0,,experienced2,,,
2025-10-20 22:59:10.528Z,GAME_ACTION,down,4.0,4.0,10.0,11.0,,experienced2,,,
2025-10-20 22:59:10.715Z,GAME_ACTION,down,4.0,5.0,10.0,11.0,,experienced2,,,
2025-10-20 22:59:10.819Z,GAME_ACTION,down,4.0,6.0,10.0,11.0,,experienced2,,,
2025-10-20 22:59:10.894Z,GAME_ACTION,down,4.0,7.0,10.0,11.0,,experienced2,,,
2025-10-20 22:59:11.017Z,GAME_ACTION,down,4.0,8.0,10.0,11.0,,experienced2,,,
2025-10-20 22:59:11.078Z,GAME_ACTION,down,4.0,9.0,10.0,11.0,,experienced2,,,
2025-10-20 22:59:11.430Z,GAME_ACTION,down,4.0,10.0,10.0,11.0,,experienced2,,,
2025-10-20 22:59:12.897Z,GAME_ACTION,up,4.0,11.0,10.0,11.0,,experienced2,,,
2025-10-20 22:59:14.657Z,GAME_ACTION,up,4.0,10.0,10.0,11.0,,experienced2,,,
2025-10-20 22:59:15.196Z,GAME_ACTION,left,4.0,9.0,10.0,11.0,,experienced2,,,
2025-10-20 22:59:15.502Z,GAME_ACTION,left,3.0,9.0,10.0,11.0,,experienced2,,,
2025-10-20 22:59:15.800Z,GAME_ACTION,left,2.0,9.0,10.0,11.0,,experienced2,,,
2025-10-20 22:59:15.954Z,GAME_ACTION,left,1.0,9.0,10.0,11.0,,experienced2,,,
2025-10-20 22:59:16.023Z,GAME_ACTION,left,0.0,9.0,10.0,11.0,,experienced2,,,
2025-10-20 22:59:16.237Z,GAME_ACTION,left,0.0,9.0,10.0,11.0,,experienced2,,,
2025-10-20 22:59:16.253Z,GAME_ACTION,left,0.0,9.0,10.0,11.0,,experienced2,,,
2025-10-20 22:59:17.038Z,GAME_ACTION,down,0.0,9.0,10.0,11.0,,experienced2,,,
2025-10-20 22:59:17.221Z,GAME_ACTION,down,0.0,10.0,10.0,11.0,,experienced2,,,
2025-10-20 22:59:17.221Z,INTERACTION,,0.0,10.0,10.0,11.0,,experienced2,,treasure_interaction,B
2025-10-20 22:59:17.221Z,LEVEL_COMPLETE,,0.0,10.0,10.0,11.0,,experienced2,,,
2025-10-20 22:59:20.222Z,LEVEL_COMPLETE,,0.0,10.0,10.0,11.0,-128.0,experienced2,,,

Level: s541_2
Timestamp,Type,Player Action,Player X,Player Y,NPC X,NPC Y,Steps Remaining,NPC Path Type,NPC Current Path Index,Interaction Type,Interaction Details
2025-10-20 22:54:22.084Z,LEVEL_START,,,,,,,,,,
2025-10-20 22:54:22.093Z,LEVEL_START,,,,,,,,,,
2025-10-20 22:54:59.772Z,GAME_ACTION,up,0.0,9.0,,,,,,,
2025-10-20 22:55:02.109Z,GAME_ACTION,right,0.0,9.0,,,,,,,
2025-10-20 22:55:02.697Z,GAME_ACTION,right,1.0,9.0,,,,,,,
2025-10-20 22:55:03.095Z,GAME_ACTION,right,2.0,9.0,,,,,,,
2025-10-20 22:55:03.476Z,GAME_ACTION,right,3.0,9.0,,,,,,,
2025-10-20 22:55:04.023Z,GAME_ACTION,right,4.0,9.0,,,,,,,
2025-10-20 22:55:05.054Z,GAME_ACTION,up,5.0,9.0,,,,,,,
2025-10-20 22:55:05.344Z,GAME_ACTION,up,5.0,8.0,,,,,,,
2025-10-20 22:55:05.627Z,GAME_ACTION,up,5.0,7.0,,,,,,,
2025-10-20 22:55:05.907Z,GAME_ACTION,up,5.0,6.0,,,,,,,
2025-10-20 22:55:06.268Z,GAME_ACTION,up,5.0,5.0,,,,,,,
2025-10-20 22:55:06.944Z,AGENT_OBSERVE,,5.0,4.0,6.0,5.0,,experienced2,,,
2025-10-20 22:55:11.411Z,GAME_ACTION,up,5.0,4.0,6.0,5.0,,experienced2,,,
2025-10-20 22:55:11.953Z,GAME_ACTION,up,5.0,3.0,6.0,5.0,,experienced2,,,
2025-10-20 22:55:15.398Z,GAME_ACTION,left,5.0,2.0,6.0,5.0,,experienced2,,,
2025-10-20 22:55:16.775Z,GAME_ACTION,up,4.0,2.0,6.0,5.0,,experienced2,,,
2025-10-20 22:55:16.995Z,GAME_ACTION,up,4.0,1.0,6.0,5.0,,experienced2,,,
2025-10-20 22:55:16.995Z,INTERACTION,,4.0,1.0,6.0,5.0,,experienced2,,wizard_interaction,
2025-10-20 22:55:19.152Z,GAME_ACTION,down,4.0,1.0,6.0,5.0,,experienced2,,,
2025-10-20 22:55:20.596Z,GAME_ACTION,left,4.0,2.0,6.0,5.0,,experienced2,,,
2025-10-20 22:55:21.161Z,GAME_ACTION,left,3.0,2.0,6.0,5.0,,experienced2,,,
2025-10-20 22:55:21.665Z,GAME_ACTION,up,2.0,2.0,6.0,5.0,,experienced2,,,
2025-10-20 22:55:21.882Z,GAME_ACTION,up,2.0,1.0,6.0,5.0,,experienced2,,,
2025-10-20 22:55:21.882Z,INTERACTION,,2.0,1.0,6.0,5.0,,experienced2,,wizard_interaction,blueAmulet
2025-10-20 22:55:26.607Z,GAME_ACTION,down,2.0,1.0,6.0,5.0,,experienced2,,,
2025-10-20 22:55:34.968Z,GAME_ACTION,right,2.0,2.0,6.0,5.0,,experienced2,,,
2025-10-20 22:55:35.356Z,GAME_ACTION,right,3.0,2.0,6.0,5.0,,experienced2,,,
2025-10-20 22:55:37.062Z,GAME_ACTION,right,4.0,2.0,6.0,5.0,,experienced2,,,
2025-10-20 22:55:38.461Z,GAME_ACTION,down,5.0,2.0,6.0,5.0,,experienced2,,,
2025-10-20 22:55:38.712Z,GAME_ACTION,down,5.0,3.0,6.0,5.0,,experienced2,,,
2025-10-20 22:55:39.057Z,GAME_ACTION,down,5.0,4.0,6.0,5.0,,experienced2,,,
2025-10-20 22:55:40.238Z,GAME_ACTION,left,5.0,5.0,6.0,5.0,,experienced2,,,
2025-10-20 22:55:40.435Z,GAME_ACTION,left,4.0,5.0,6.0,5.0,,experienced2,,,
2025-10-20 22:55:40.622Z,GAME_ACTION,left,3.0,5.0,6.0,5.0,,experienced2,,,
2025-10-20 22:55:40.801Z,GAME_ACTION,left,2.0,5.0,6.0,5.0,,experienced2,,,
2025-10-20 22:55:41.003Z,GAME_ACTION,left,1.0,5.0,6.0,5.0,,experienced2,,,
2025-10-20 22:55:41.003Z,INTERACTION,,1.0,5.0,6.0,5.0,,experienced2,,treasure_interaction,A
2025-10-20 22:55:41.003Z,LEVEL_COMPLETE,,1.0,5.0,6.0,5.0,,experienced2,,,
2025-10-20 22:55:44.007Z,LEVEL_COMPLETE,,1.0,5.0,6.0,5.0,18.0,experienced2,,,

