Session ID,u1760819396449
Completed At,2025-10-18 20:30:27.224Z
Created At,2025-10-18 20:29:56.449Z

User Data
(no demographics found),

Comprehension Check
Passed,FALSE

Level: s111
Timestamp,Type,Player Action,Player X,Player Y,NPC X,NPC Y,Steps Remaining,NPC Path Type,NPC Current Path Index,Interaction Type,Interaction Details
2025-10-18 20:29:56.590Z,LEVEL_START,,,,,,,,,,

Level: s211
Timestamp,Type,Player Action,Player X,Player Y,NPC X,NPC Y,Steps Remaining,NPC Path Type,NPC Current Path Index,Interaction Type,Interaction Details
2025-10-18 20:29:56.543Z,LEVEL_START,,,,,,,,,,

