Session ID,u1770139781703
Completed At,2026-02-03 17:49:33.912Z
Created At,2026-02-03 17:29:41.703Z

User Data
prolificId,5e07d174da6bad1342bafab2
age,42
gender,male
timestamp,1770140973664

Comprehension Check
Passed,TRUE

Level: comprehension_check
Timestamp,Type,Player Action,Player X,Player Y,Observed Agent ID,NPC 1 X,NPC 1 Y,NPC 2 X,NPC 2 Y,Steps Remaining,NPC 1 Path Type,NPC 1 Path Index,NPC 2 Path Type,NPC 2 Path Index,Interaction Type,Interaction Details
2026-02-03 17:37:40.908Z,INTERACTION,,,,,,,,,,,,,,comprehension_check,passed

Level: experiment
Timestamp,Type,Player Action,Player X,Player Y,Observed Agent ID,NPC 1 X,NPC 1 Y,NPC 2 X,NPC 2 Y,Steps Remaining,NPC 1 Path Type,NPC 1 Path Index,NPC 2 Path Type,NPC 2 Path Index,Interaction Type,Interaction Details
2026-02-03 17:49:19.266Z,EXPERIMENT_COMPLETE,,,,,,,,,,,,,,,

Level: s111_1
Timestamp,Type,Player Action,Player X,Player Y,Observed Agent ID,NPC 1 X,NPC 1 Y,NPC 2 X,NPC 2 Y,Steps Remaining,NPC 1 Path Type,NPC 1 Path Index,NPC 2 Path Type,NPC 2 Path Index,Interaction Type,Interaction Details
2026-02-03 17:29:41.833Z,LEVEL_START,,,,,,,,,,,,,,,

Level: sm111_1
Timestamp,Type,Player Action,Player X,Player Y,Observed Agent ID,NPC 1 X,NPC 1 Y,NPC 2 X,NPC 2 Y,Steps Remaining,NPC 1 Path Type,NPC 1 Path Index,NPC 2 Path Type,NPC 2 Path Index,Interaction Type,Interaction Details
2026-02-03 17:29:41.900Z,LEVEL_START,,,,,,,,,,,,,,,
2026-02-03 17:38:07.592Z,AGENT_OBSERVE,,5.0,6.0,2.0,,,2.0,8.0,,,,experienced1,,,
2026-02-03 17:38:11.065Z,AGENT_OBSERVE,,5.0,6.0,2.0,,,3.0,8.0,,,,experienced1,,,
2026-02-03 17:38:12.077Z,AGENT_OBSERVE,,5.0,6.0,2.0,,,4.0,8.0,,,,experienced1,,,
2026-02-03 17:38:12.490Z,AGENT_OBSERVE,,5.0,6.0,2.0,,,5.0,8.0,,,,experienced1,,,
2026-02-03 17:38:12.925Z,AGENT_OBSERVE,,5.0,6.0,2.0,,,5.0,7.0,,,,experienced1,,,
2026-02-03 17:38:14.177Z,AGENT_OBSERVE,,5.0,6.0,2.0,,,5.0,6.0,,,,experienced1,,,
2026-02-03 17:38:14.687Z,AGENT_OBSERVE,,5.0,6.0,2.0,,,5.0,5.0,,,,experienced1,,,
2026-02-03 17:38:15.685Z,AGENT_OBSERVE,,5.0,6.0,2.0,,,5.0,4.0,,,,experienced1,,,
2026-02-03 17:38:16.262Z,AGENT_OBSERVE,,5.0,6.0,2.0,,,5.0,3.0,,,,experienced1,,,
2026-02-03 17:38:16.802Z,AGENT_OBSERVE,,5.0,6.0,2.0,,,5.0,2.0,,,,experienced1,,,
2026-02-03 17:38:17.342Z,AGENT_OBSERVE,,5.0,6.0,2.0,,,6.0,2.0,,,,experienced1,,,
2026-02-03 17:38:17.928Z,AGENT_OBSERVE,,5.0,6.0,2.0,,,7.0,2.0,,,,experienced1,,,
2026-02-03 17:38:18.408Z,AGENT_OBSERVE,,5.0,6.0,2.0,,,8.0,2.0,,,,experienced1,,,
2026-02-03 17:38:21.078Z,GAME_ACTION,up,5.0,6.0,,,,8.0,2.0,,,,experienced1,,,
2026-02-03 17:38:21.865Z,GAME_ACTION,up,5.0,5.0,,,,8.0,2.0,,,,experienced1,,,
2026-02-03 17:38:22.405Z,GAME_ACTION,up,5.0,4.0,,,,8.0,2.0,,,,experienced1,,,
2026-02-03 17:38:22.900Z,GAME_ACTION,up,5.0,3.0,,,,8.0,2.0,,,,experienced1,,,
2026-02-03 17:38:24.618Z,GAME_ACTION,right,5.0,2.0,,,,8.0,2.0,,,,experienced1,,,
2026-02-03 17:38:24.933Z,GAME_ACTION,right,6.0,2.0,,,,8.0,2.0,,,,experienced1,,,
2026-02-03 17:38:25.210Z,GAME_ACTION,right,7.0,2.0,,,,8.0,2.0,,,,experienced1,,,
2026-02-03 17:38:25.525Z,GAME_ACTION,right,8.0,2.0,,,,8.0,2.0,,,,experienced1,,,
2026-02-03 17:38:26.365Z,GAME_ACTION,up,9.0,2.0,,,,8.0,2.0,,,,experienced1,,,
2026-02-03 17:38:26.365Z,INTERACTION,,9.0,2.0,,,,8.0,2.0,,,,experienced1,,wizard_interaction,blueAmulet
2026-02-03 17:38:29.605Z,GAME_ACTION,left,9.0,2.0,,,,8.0,2.0,,,,experienced1,,,
2026-02-03 17:38:29.830Z,GAME_ACTION,left,8.0,2.0,,,,8.0,2.0,,,,experienced1,,,
2026-02-03 17:38:30.039Z,GAME_ACTION,left,7.0,2.0,,,,8.0,2.0,,,,experienced1,,,
2026-02-03 17:38:30.348Z,GAME_ACTION,left,6.0,2.0,,,,8.0,2.0,,,,experienced1,,,
2026-02-03 17:38:33.310Z,GAME_ACTION,down,5.0,2.0,,,,8.0,2.0,,,,experienced1,,,
2026-02-03 17:38:33.558Z,GAME_ACTION,down,5.0,3.0,,,,8.0,2.0,,,,experienced1,,,
2026-02-03 17:38:33.798Z,GAME_ACTION,down,5.0,4.0,,,,8.0,2.0,,,,experienced1,,,
2026-02-03 17:38:34.060Z,GAME_ACTION,down,5.0,5.0,,,,8.0,2.0,,,,experienced1,,,
2026-02-03 17:38:34.480Z,GAME_ACTION,down,5.0,6.0,,,,8.0,2.0,,,,experienced1,,,
2026-02-03 17:38:34.840Z,GAME_ACTION,down,5.0,7.0,,,,8.0,2.0,,,,experienced1,,,
2026-02-03 17:38:36.048Z,GAME_ACTION,right,5.0,8.0,,,,8.0,2.0,,,,experienced1,,,
2026-02-03 17:38:36.460Z,GAME_ACTION,right,6.0,8.0,,,,8.0,2.0,,,,experienced1,,,
2026-02-03 17:38:36.798Z,GAME_ACTION,right,7.0,8.0,,,,8.0,2.0,,,,experienced1,,,
2026-02-03 17:38:37.360Z,GAME_ACTION,right,8.0,8.0,,,,8.0,2.0,,,,experienced1,,,
2026-02-03 17:38:37.360Z,INTERACTION,,8.0,8.0,,,,8.0,2.0,,,,experienced1,,treasure_interaction,B
2026-02-03 17:38:37.360Z,LEVEL_COMPLETE,,8.0,8.0,,,,8.0,2.0,,,,experienced1,,,
2026-02-03 17:38:40.376Z,LEVEL_COMPLETE,,8.0,8.0,,,,8.0,2.0,10.0,,,experienced1,,,

Level: sm112_1
Timestamp,Type,Player Action,Player X,Player Y,Observed Agent ID,NPC 1 X,NPC 1 Y,NPC 2 X,NPC 2 Y,Steps Remaining,NPC 1 Path Type,NPC 1 Path Index,NPC 2 Path Type,NPC 2 Path Index,Interaction Type,Interaction Details
2026-02-03 17:38:40.504Z,LEVEL_START,,,,,,,,,,,,,,,
2026-02-03 17:38:40.509Z,LEVEL_START,,,,,,,,,,,,,,,
2026-02-03 17:38:55.173Z,AGENT_OBSERVE,,5.0,6.0,2.0,,,5.0,5.0,,,,experienced1,,,
2026-02-03 17:39:07.923Z,AGENT_OBSERVE,,5.0,6.0,3.0,4.0,2.0,5.0,5.0,,experienced1,,experienced1,,,
2026-02-03 17:39:08.493Z,AGENT_OBSERVE,,5.0,6.0,3.0,3.0,2.0,5.0,5.0,,experienced1,,experienced1,,,
2026-02-03 17:39:09.115Z,AGENT_OBSERVE,,5.0,6.0,3.0,3.0,2.0,5.0,5.0,,experienced1,,experienced1,,,
2026-02-03 17:39:10.638Z,AGENT_OBSERVE,,5.0,6.0,3.0,2.0,2.0,5.0,5.0,,experienced1,,experienced1,,,
2026-02-03 17:39:11.193Z,AGENT_OBSERVE,,5.0,6.0,3.0,1.0,2.0,5.0,5.0,,experienced1,,experienced1,,,
2026-02-03 17:39:12.175Z,AGENT_OBSERVE,,5.0,6.0,3.0,1.0,2.0,5.0,5.0,,experienced1,,experienced1,,,
2026-02-03 17:39:12.843Z,AGENT_OBSERVE,,5.0,6.0,3.0,2.0,2.0,5.0,5.0,,experienced1,,experienced1,,,
2026-02-03 17:39:13.472Z,AGENT_OBSERVE,,5.0,6.0,3.0,3.0,2.0,5.0,5.0,,experienced1,,experienced1,,,
2026-02-03 17:39:14.170Z,AGENT_OBSERVE,,5.0,6.0,3.0,4.0,2.0,5.0,5.0,,experienced1,,experienced1,,,
2026-02-03 17:39:14.710Z,AGENT_OBSERVE,,5.0,6.0,3.0,5.0,2.0,5.0,5.0,,experienced1,,experienced1,,,
2026-02-03 17:39:15.228Z,AGENT_OBSERVE,,5.0,6.0,3.0,5.0,3.0,5.0,5.0,,experienced1,,experienced1,,,
2026-02-03 17:39:15.753Z,AGENT_OBSERVE,,5.0,6.0,3.0,5.0,4.0,5.0,5.0,,experienced1,,experienced1,,,
2026-02-03 17:39:16.533Z,AGENT_OBSERVE,,5.0,6.0,3.0,6.0,4.0,5.0,5.0,,experienced1,,experienced1,,,
2026-02-03 17:39:24.992Z,GAME_ACTION,up,5.0,6.0,,6.0,4.0,5.0,5.0,,experienced1,,experienced1,,,
2026-02-03 17:39:25.750Z,GAME_ACTION,up,5.0,5.0,,6.0,4.0,5.0,5.0,,experienced1,,experienced1,,,
2026-02-03 17:39:27.633Z,GAME_ACTION,right,5.0,4.0,,6.0,4.0,5.0,5.0,,experienced1,,experienced1,,,
2026-02-03 17:39:28.098Z,GAME_ACTION,right,6.0,4.0,,6.0,4.0,5.0,5.0,,experienced1,,experienced1,,,
2026-02-03 17:39:28.592Z,GAME_ACTION,right,7.0,4.0,,6.0,4.0,5.0,5.0,,experienced1,,experienced1,,,
2026-02-03 17:39:29.110Z,GAME_ACTION,right,8.0,4.0,,6.0,4.0,5.0,5.0,,experienced1,,experienced1,,,
2026-02-03 17:39:29.110Z,INTERACTION,,8.0,4.0,,6.0,4.0,5.0,5.0,,experienced1,,experienced1,,wizard_interaction,blueAmulet
2026-02-03 17:39:30.858Z,GAME_ACTION,left,8.0,4.0,,6.0,4.0,5.0,5.0,,experienced1,,experienced1,,,
2026-02-03 17:39:31.277Z,GAME_ACTION,left,7.0,4.0,,6.0,4.0,5.0,5.0,,experienced1,,experienced1,,,
2026-02-03 17:39:31.795Z,GAME_ACTION,left,6.0,4.0,,6.0,4.0,5.0,5.0,,experienced1,,experienced1,,,
2026-02-03 17:39:33.093Z,GAME_ACTION,down,5.0,4.0,,6.0,4.0,5.0,5.0,,experienced1,,experienced1,,,
2026-02-03 17:39:33.446Z,GAME_ACTION,down,5.0,5.0,,6.0,4.0,5.0,5.0,,experienced1,,experienced1,,,
2026-02-03 17:39:33.829Z,GAME_ACTION,down,5.0,6.0,,6.0,4.0,5.0,5.0,,experienced1,,experienced1,,,
2026-02-03 17:39:34.264Z,GAME_ACTION,down,5.0,7.0,,6.0,4.0,5.0,5.0,,experienced1,,experienced1,,,
2026-02-03 17:39:36.094Z,GAME_ACTION,left,5.0,8.0,,6.0,4.0,5.0,5.0,,experienced1,,experienced1,,,
2026-02-03 17:39:36.333Z,GAME_ACTION,left,4.0,8.0,,6.0,4.0,5.0,5.0,,experienced1,,experienced1,,,
2026-02-03 17:39:36.573Z,GAME_ACTION,left,3.0,8.0,,6.0,4.0,5.0,5.0,,experienced1,,experienced1,,,
2026-02-03 17:39:36.843Z,GAME_ACTION,left,2.0,8.0,,6.0,4.0,5.0,5.0,,experienced1,,experienced1,,,
2026-02-03 17:39:37.714Z,GAME_ACTION,down,1.0,8.0,,6.0,4.0,5.0,5.0,,experienced1,,experienced1,,,
2026-02-03 17:39:37.953Z,GAME_ACTION,down,1.0,9.0,,6.0,4.0,5.0,5.0,,experienced1,,experienced1,,,
2026-02-03 17:39:37.954Z,INTERACTION,,1.0,9.0,,6.0,4.0,5.0,5.0,,experienced1,,experienced1,,wizard_interaction,redAmulet
2026-02-03 17:39:39.386Z,GAME_ACTION,up,1.0,9.0,,6.0,4.0,5.0,5.0,,experienced1,,experienced1,,,
2026-02-03 17:39:40.878Z,GAME_ACTION,right,2.0,8.0,,6.0,4.0,5.0,5.0,,experienced1,,experienced1,,,
2026-02-03 17:39:41.133Z,GAME_ACTION,right,3.0,8.0,,6.0,4.0,5.0,5.0,,experienced1,,experienced1,,,
2026-02-03 17:39:41.643Z,GAME_ACTION,right,4.0,8.0,,6.0,4.0,5.0,5.0,,experienced1,,experienced1,,,
2026-02-03 17:39:42.475Z,GAME_ACTION,up,5.0,8.0,,6.0,4.0,5.0,5.0,,experienced1,,experienced1,,,
2026-02-03 17:39:42.896Z,GAME_ACTION,up,5.0,7.0,,6.0,4.0,5.0,5.0,,experienced1,,experienced1,,,
2026-02-03 17:39:44.201Z,GAME_ACTION,left,5.0,6.0,,6.0,4.0,5.0,5.0,,experienced1,,experienced1,,,
2026-02-03 17:39:44.432Z,GAME_ACTION,left,4.0,6.0,,6.0,4.0,5.0,5.0,,experienced1,,experienced1,,,
2026-02-03 17:39:44.883Z,GAME_ACTION,left,3.0,6.0,,6.0,4.0,5.0,5.0,,experienced1,,experienced1,,,
2026-02-03 17:39:45.266Z,GAME_ACTION,left,2.0,6.0,,6.0,4.0,5.0,5.0,,experienced1,,experienced1,,,
2026-02-03 17:39:45.266Z,INTERACTION,,2.0,6.0,,6.0,4.0,5.0,5.0,,experienced1,,experienced1,,treasure_interaction,A
2026-02-03 17:39:45.266Z,LEVEL_COMPLETE,,2.0,6.0,,6.0,4.0,5.0,5.0,,experienced1,,experienced1,,,
2026-02-03 17:39:48.273Z,LEVEL_COMPLETE,,2.0,6.0,,6.0,4.0,5.0,5.0,12.0,experienced1,,experienced1,,,

Level: sm211_2
Timestamp,Type,Player Action,Player X,Player Y,Observed Agent ID,NPC 1 X,NPC 1 Y,NPC 2 X,NPC 2 Y,Steps Remaining,NPC 1 Path Type,NPC 1 Path Index,NPC 2 Path Type,NPC 2 Path Index,Interaction Type,Interaction Details
2026-02-03 17:45:45.175Z,LEVEL_START,,,,,,,,,,,,,,,
2026-02-03 17:45:45.183Z,LEVEL_START,,,,,,,,,,,,,,,
2026-02-03 17:46:04.158Z,AGENT_OBSERVE,,8.0,9.0,2.0,,,6.0,10.0,,,,experienced2,,,
2026-02-03 17:46:06.003Z,AGENT_OBSERVE,,8.0,9.0,2.0,,,6.0,9.0,,,,experienced2,,,
2026-02-03 17:46:14.103Z,AGENT_OBSERVE,,8.0,9.0,3.0,0.0,2.0,6.0,9.0,,experienced2,,experienced2,,,
2026-02-03 17:46:14.673Z,AGENT_OBSERVE,,8.0,9.0,3.0,0.0,3.0,6.0,9.0,,experienced2,,experienced2,,,
2026-02-03 17:46:15.288Z,AGENT_OBSERVE,,8.0,9.0,3.0,1.0,3.0,6.0,9.0,,experienced2,,experienced2,,,
2026-02-03 17:46:15.714Z,AGENT_OBSERVE,,8.0,9.0,3.0,2.0,3.0,6.0,9.0,,experienced2,,experienced2,,,
2026-02-03 17:46:16.143Z,AGENT_OBSERVE,,8.0,9.0,3.0,3.0,3.0,6.0,9.0,,experienced2,,experienced2,,,
2026-02-03 17:46:20.350Z,GAME_ACTION,left,8.0,9.0,,3.0,3.0,6.0,9.0,,experienced2,,experienced2,,,
2026-02-03 17:46:21.011Z,GAME_ACTION,left,7.0,9.0,,3.0,3.0,6.0,9.0,,experienced2,,experienced2,,,
2026-02-03 17:46:21.288Z,GAME_ACTION,left,6.0,9.0,,3.0,3.0,6.0,9.0,,experienced2,,experienced2,,,
2026-02-03 17:46:21.513Z,GAME_ACTION,left,5.0,9.0,,3.0,3.0,6.0,9.0,,experienced2,,experienced2,,,
2026-02-03 17:46:21.723Z,GAME_ACTION,left,4.0,9.0,,3.0,3.0,6.0,9.0,,experienced2,,experienced2,,,
2026-02-03 17:46:22.308Z,GAME_ACTION,left,3.0,9.0,,3.0,3.0,6.0,9.0,,experienced2,,experienced2,,,
2026-02-03 17:46:23.568Z,GAME_ACTION,up,2.0,9.0,,3.0,3.0,6.0,9.0,,experienced2,,experienced2,,,
2026-02-03 17:46:23.793Z,GAME_ACTION,up,2.0,8.0,,3.0,3.0,6.0,9.0,,experienced2,,experienced2,,,
2026-02-03 17:46:24.009Z,GAME_ACTION,up,2.0,7.0,,3.0,3.0,6.0,9.0,,experienced2,,experienced2,,,
2026-02-03 17:46:24.227Z,GAME_ACTION,up,2.0,6.0,,3.0,3.0,6.0,9.0,,experienced2,,experienced2,,,
2026-02-03 17:46:24.444Z,GAME_ACTION,up,2.0,5.0,,3.0,3.0,6.0,9.0,,experienced2,,experienced2,,,
2026-02-03 17:46:24.738Z,GAME_ACTION,up,2.0,4.0,,3.0,3.0,6.0,9.0,,experienced2,,experienced2,,,
2026-02-03 17:46:25.923Z,GAME_ACTION,right,2.0,3.0,,3.0,3.0,6.0,9.0,,experienced2,,experienced2,,,
2026-02-03 17:46:26.306Z,GAME_ACTION,right,3.0,3.0,,3.0,3.0,6.0,9.0,,experienced2,,experienced2,,,
2026-02-03 17:46:26.696Z,GAME_ACTION,right,4.0,3.0,,3.0,3.0,6.0,9.0,,experienced2,,experienced2,,,
2026-02-03 17:46:26.898Z,GAME_ACTION,right,5.0,3.0,,3.0,3.0,6.0,9.0,,experienced2,,experienced2,,,
2026-02-03 17:46:27.296Z,GAME_ACTION,right,6.0,3.0,,3.0,3.0,6.0,9.0,,experienced2,,experienced2,,,
2026-02-03 17:46:27.693Z,GAME_ACTION,right,7.0,3.0,,3.0,3.0,6.0,9.0,,experienced2,,experienced2,,,
2026-02-03 17:46:27.896Z,GAME_ACTION,right,8.0,3.0,,3.0,3.0,6.0,9.0,,experienced2,,experienced2,,,
2026-02-03 17:46:28.271Z,GAME_ACTION,right,9.0,3.0,,3.0,3.0,6.0,9.0,,experienced2,,experienced2,,,
2026-02-03 17:46:28.990Z,GAME_ACTION,up,10.0,3.0,,3.0,3.0,6.0,9.0,,experienced2,,experienced2,,,
2026-02-03 17:46:29.336Z,GAME_ACTION,up,10.0,2.0,,3.0,3.0,6.0,9.0,,experienced2,,experienced2,,,
2026-02-03 17:46:29.336Z,INTERACTION,,10.0,2.0,,3.0,3.0,6.0,9.0,,experienced2,,experienced2,,wizard_interaction,blueAmulet
2026-02-03 17:46:30.873Z,GAME_ACTION,down,10.0,2.0,,3.0,3.0,6.0,9.0,,experienced2,,experienced2,,,
2026-02-03 17:46:31.736Z,GAME_ACTION,left,10.0,3.0,,3.0,3.0,6.0,9.0,,experienced2,,experienced2,,,
2026-02-03 17:46:31.960Z,GAME_ACTION,left,9.0,3.0,,3.0,3.0,6.0,9.0,,experienced2,,experienced2,,,
2026-02-03 17:46:32.373Z,GAME_ACTION,left,8.0,3.0,,3.0,3.0,6.0,9.0,,experienced2,,experienced2,,,
2026-02-03 17:46:32.771Z,GAME_ACTION,left,7.0,3.0,,3.0,3.0,6.0,9.0,,experienced2,,experienced2,,,
2026-02-03 17:46:32.988Z,GAME_ACTION,left,6.0,3.0,,3.0,3.0,6.0,9.0,,experienced2,,experienced2,,,
2026-02-03 17:46:33.273Z,GAME_ACTION,left,5.0,3.0,,3.0,3.0,6.0,9.0,,experienced2,,experienced2,,,
2026-02-03 17:46:33.506Z,GAME_ACTION,left,4.0,3.0,,3.0,3.0,6.0,9.0,,experienced2,,experienced2,,,
2026-02-03 17:46:33.790Z,GAME_ACTION,left,3.0,3.0,,3.0,3.0,6.0,9.0,,experienced2,,experienced2,,,
2026-02-03 17:46:34.593Z,GAME_ACTION,down,2.0,3.0,,3.0,3.0,6.0,9.0,,experienced2,,experienced2,,,
2026-02-03 17:46:34.877Z,GAME_ACTION,down,2.0,4.0,,3.0,3.0,6.0,9.0,,experienced2,,experienced2,,,
2026-02-03 17:46:35.132Z,GAME_ACTION,down,2.0,5.0,,3.0,3.0,6.0,9.0,,experienced2,,experienced2,,,
2026-02-03 17:46:35.396Z,GAME_ACTION,down,2.0,6.0,,3.0,3.0,6.0,9.0,,experienced2,,experienced2,,,
2026-02-03 17:46:35.672Z,GAME_ACTION,down,2.0,7.0,,3.0,3.0,6.0,9.0,,experienced2,,experienced2,,,
2026-02-03 17:46:35.950Z,GAME_ACTION,down,2.0,8.0,,3.0,3.0,6.0,9.0,,experienced2,,experienced2,,,
2026-02-03 17:46:37.337Z,GAME_ACTION,left,2.0,9.0,,3.0,3.0,6.0,9.0,,experienced2,,experienced2,,,
2026-02-03 17:46:37.743Z,GAME_ACTION,left,1.0,9.0,,3.0,3.0,6.0,9.0,,experienced2,,experienced2,,,
2026-02-03 17:46:39.018Z,GAME_ACTION,down,0.0,9.0,,3.0,3.0,6.0,9.0,,experienced2,,experienced2,,,
2026-02-03 17:46:39.610Z,GAME_ACTION,down,0.0,10.0,,3.0,3.0,6.0,9.0,,experienced2,,experienced2,,,
2026-02-03 17:46:39.611Z,INTERACTION,,0.0,10.0,,3.0,3.0,6.0,9.0,,experienced2,,experienced2,,treasure_interaction,B
2026-02-03 17:46:39.611Z,LEVEL_COMPLETE,,0.0,10.0,,3.0,3.0,6.0,9.0,,experienced2,,experienced2,,,
2026-02-03 17:46:42.613Z,LEVEL_COMPLETE,,0.0,10.0,,3.0,3.0,6.0,9.0,17.0,experienced2,,experienced2,,,

Level: sm341_2
Timestamp,Type,Player Action,Player X,Player Y,Observed Agent ID,NPC 1 X,NPC 1 Y,NPC 2 X,NPC 2 Y,Steps Remaining,NPC 1 Path Type,NPC 1 Path Index,NPC 2 Path Type,NPC 2 Path Index,Interaction Type,Interaction Details
2026-02-03 17:48:28.499Z,LEVEL_START,,,,,,,,,,,,,,,
2026-02-03 17:48:28.506Z,LEVEL_START,,,,,,,,,,,,,,,
2026-02-03 17:48:52.879Z,AGENT_OBSERVE,,0.0,8.0,2.0,,,6.0,3.0,,,,experienced2,,,
2026-02-03 17:48:54.199Z,AGENT_OBSERVE,,0.0,8.0,2.0,,,5.0,3.0,,,,experienced2,,,
2026-02-03 17:48:54.746Z,AGENT_OBSERVE,,0.0,8.0,2.0,,,4.0,3.0,,,,experienced2,,,
2026-02-03 17:48:55.406Z,AGENT_OBSERVE,,0.0,8.0,2.0,,,3.0,3.0,,,,experienced2,,,
2026-02-03 17:48:57.409Z,AGENT_OBSERVE,,0.0,8.0,2.0,,,2.0,3.0,,,,experienced2,,,
2026-02-03 17:48:57.874Z,AGENT_OBSERVE,,0.0,8.0,2.0,,,1.0,3.0,,,,experienced2,,,
2026-02-03 17:48:58.481Z,AGENT_OBSERVE,,0.0,8.0,2.0,,,0.0,3.0,,,,experienced2,,,
2026-02-03 17:48:59.126Z,AGENT_OBSERVE,,0.0,8.0,2.0,,,0.0,4.0,,,,experienced2,,,
2026-02-03 17:49:01.789Z,GAME_ACTION,right,0.0,8.0,,,,0.0,4.0,,,,experienced2,,,
2026-02-03 17:49:02.261Z,GAME_ACTION,right,1.0,8.0,,,,0.0,4.0,,,,experienced2,,,
2026-02-03 17:49:03.791Z,GAME_ACTION,up,2.0,8.0,,,,0.0,4.0,,,,experienced2,,,
2026-02-03 17:49:04.121Z,GAME_ACTION,up,2.0,7.0,,,,0.0,4.0,,,,experienced2,,,
2026-02-03 17:49:04.339Z,GAME_ACTION,up,2.0,6.0,,,,0.0,4.0,,,,experienced2,,,
2026-02-03 17:49:04.616Z,GAME_ACTION,up,2.0,5.0,,,,0.0,4.0,,,,experienced2,,,
2026-02-03 17:49:04.916Z,GAME_ACTION,up,2.0,4.0,,,,0.0,4.0,,,,experienced2,,,
2026-02-03 17:49:06.341Z,GAME_ACTION,left,2.0,3.0,,,,0.0,4.0,,,,experienced2,,,
2026-02-03 17:49:06.611Z,GAME_ACTION,left,1.0,3.0,,,,0.0,4.0,,,,experienced2,,,
2026-02-03 17:49:07.564Z,GAME_ACTION,down,0.0,3.0,,,,0.0,4.0,,,,experienced2,,,
2026-02-03 17:49:07.781Z,GAME_ACTION,down,0.0,4.0,,,,0.0,4.0,,,,experienced2,,,
2026-02-03 17:49:08.044Z,GAME_ACTION,down,0.0,5.0,,,,0.0,4.0,,,,experienced2,,,
2026-02-03 17:49:08.044Z,INTERACTION,,0.0,5.0,,,,0.0,4.0,,,,experienced2,,wizard_interaction,blueAmulet
2026-02-03 17:49:09.604Z,GAME_ACTION,up,0.0,5.0,,,,0.0,4.0,,,,experienced2,,,
2026-02-03 17:49:10.054Z,GAME_ACTION,up,0.0,4.0,,,,0.0,4.0,,,,experienced2,,,
2026-02-03 17:49:11.614Z,GAME_ACTION,right,0.0,3.0,,,,0.0,4.0,,,,experienced2,,,
2026-02-03 17:49:11.862Z,GAME_ACTION,right,1.0,3.0,,,,0.0,4.0,,,,experienced2,,,
2026-02-03 17:49:12.784Z,GAME_ACTION,down,2.0,3.0,,,,0.0,4.0,,,,experienced2,,,
2026-02-03 17:49:13.024Z,GAME_ACTION,down,2.0,4.0,,,,0.0,4.0,,,,experienced2,,,
2026-02-03 17:49:13.272Z,GAME_ACTION,down,2.0,5.0,,,,0.0,4.0,,,,experienced2,,,
2026-02-03 17:49:13.504Z,GAME_ACTION,down,2.0,6.0,,,,0.0,4.0,,,,experienced2,,,
2026-02-03 17:49:13.782Z,GAME_ACTION,down,2.0,7.0,,,,0.0,4.0,,,,experienced2,,,
2026-02-03 17:49:14.472Z,GAME_ACTION,right,2.0,8.0,,,,0.0,4.0,,,,experienced2,,,
2026-02-03 17:49:14.719Z,GAME_ACTION,right,3.0,8.0,,,,0.0,4.0,,,,experienced2,,,
2026-02-03 17:49:14.959Z,GAME_ACTION,right,4.0,8.0,,,,0.0,4.0,,,,experienced2,,,
2026-02-03 17:49:15.731Z,GAME_ACTION,down,5.0,8.0,,,,0.0,4.0,,,,experienced2,,,
2026-02-03 17:49:16.001Z,GAME_ACTION,down,5.0,9.0,,,,0.0,4.0,,,,experienced2,,,
2026-02-03 17:49:16.264Z,GAME_ACTION,down,5.0,10.0,,,,0.0,4.0,,,,experienced2,,,
2026-02-03 17:49:16.264Z,INTERACTION,,5.0,10.0,,,,0.0,4.0,,,,experienced2,,treasure_interaction,B
2026-02-03 17:49:16.264Z,LEVEL_COMPLETE,,5.0,10.0,,,,0.0,4.0,,,,experienced2,,,
2026-02-03 17:49:19.264Z,LEVEL_COMPLETE,,5.0,10.0,,,,0.0,4.0,18.0,,,experienced2,,,

Level: sm351_1
Timestamp,Type,Player Action,Player X,Player Y,Observed Agent ID,NPC 1 X,NPC 1 Y,NPC 2 X,NPC 2 Y,Steps Remaining,NPC 1 Path Type,NPC 1 Path Index,NPC 2 Path Type,NPC 2 Path Index,Interaction Type,Interaction Details
2026-02-03 17:43:59.994Z,LEVEL_START,,,,,,,,,,,,,,,
2026-02-03 17:44:00.003Z,LEVEL_START,,,,,,,,,,,,,,,
2026-02-03 17:44:15.250Z,AGENT_OBSERVE,,10.0,11.0,2.0,,,5.0,10.0,,,,experienced1,,,
2026-02-03 17:44:16.368Z,AGENT_OBSERVE,,10.0,11.0,2.0,,,5.0,9.0,,,,experienced1,,,
2026-02-03 17:44:17.403Z,AGENT_OBSERVE,,10.0,11.0,2.0,,,5.0,8.0,,,,experienced1,,,
2026-02-03 17:44:18.062Z,AGENT_OBSERVE,,10.0,11.0,2.0,,,5.0,7.0,,,,experienced1,,,
2026-02-03 17:44:18.670Z,AGENT_OBSERVE,,10.0,11.0,2.0,,,5.0,6.0,,,,experienced1,,,
2026-02-03 17:44:19.315Z,AGENT_OBSERVE,,10.0,11.0,2.0,,,6.0,6.0,,,,experienced1,,,
2026-02-03 17:44:21.565Z,AGENT_OBSERVE,,10.0,11.0,3.0,5.0,2.0,6.0,6.0,,experienced1,,experienced1,,,
2026-02-03 17:44:22.105Z,AGENT_OBSERVE,,10.0,11.0,3.0,5.0,2.0,6.0,6.0,,experienced1,,experienced1,,,
2026-02-03 17:44:22.810Z,AGENT_OBSERVE,,10.0,11.0,3.0,5.0,3.0,6.0,6.0,,experienced1,,experienced1,,,
2026-02-03 17:44:23.508Z,AGENT_OBSERVE,,10.0,11.0,3.0,6.0,3.0,6.0,6.0,,experienced1,,experienced1,,,
2026-02-03 17:44:24.220Z,AGENT_OBSERVE,,10.0,11.0,3.0,7.0,3.0,6.0,6.0,,experienced1,,experienced1,,,
2026-02-03 17:44:24.730Z,AGENT_OBSERVE,,10.0,11.0,3.0,7.0,2.0,6.0,6.0,,experienced1,,experienced1,,,
2026-02-03 17:44:25.187Z,AGENT_OBSERVE,,10.0,11.0,3.0,7.0,2.0,6.0,6.0,,experienced1,,experienced1,,,
2026-02-03 17:44:25.855Z,AGENT_OBSERVE,,10.0,11.0,3.0,7.0,3.0,6.0,6.0,,experienced1,,experienced1,,,
2026-02-03 17:44:26.477Z,AGENT_OBSERVE,,10.0,11.0,3.0,8.0,3.0,6.0,6.0,,experienced1,,experienced1,,,
2026-02-03 17:44:27.100Z,AGENT_OBSERVE,,10.0,11.0,3.0,9.0,3.0,6.0,6.0,,experienced1,,experienced1,,,
2026-02-03 17:44:32.852Z,GAME_ACTION,left,10.0,11.0,,9.0,3.0,6.0,6.0,,experienced1,,experienced1,,,
2026-02-03 17:44:33.077Z,GAME_ACTION,left,9.0,11.0,,9.0,3.0,6.0,6.0,,experienced1,,experienced1,,,
2026-02-03 17:44:33.512Z,GAME_ACTION,left,8.0,11.0,,9.0,3.0,6.0,6.0,,experienced1,,experienced1,,,
2026-02-03 17:44:33.872Z,GAME_ACTION,left,7.0,11.0,,9.0,3.0,6.0,6.0,,experienced1,,experienced1,,,
2026-02-03 17:44:34.254Z,GAME_ACTION,left,6.0,11.0,,9.0,3.0,6.0,6.0,,experienced1,,experienced1,,,
2026-02-03 17:44:35.064Z,GAME_ACTION,up,5.0,11.0,,9.0,3.0,6.0,6.0,,experienced1,,experienced1,,,
2026-02-03 17:44:35.297Z,GAME_ACTION,up,5.0,10.0,,9.0,3.0,6.0,6.0,,experienced1,,experienced1,,,
2026-02-03 17:44:35.717Z,GAME_ACTION,up,5.0,9.0,,9.0,3.0,6.0,6.0,,experienced1,,experienced1,,,
2026-02-03 17:44:35.949Z,GAME_ACTION,up,5.0,8.0,,9.0,3.0,6.0,6.0,,experienced1,,experienced1,,,
2026-02-03 17:44:36.174Z,GAME_ACTION,up,5.0,7.0,,9.0,3.0,6.0,6.0,,experienced1,,experienced1,,,
2026-02-03 17:44:36.392Z,GAME_ACTION,up,5.0,6.0,,9.0,3.0,6.0,6.0,,experienced1,,experienced1,,,
2026-02-03 17:44:36.624Z,GAME_ACTION,up,5.0,5.0,,9.0,3.0,6.0,6.0,,experienced1,,experienced1,,,
2026-02-03 17:44:37.089Z,GAME_ACTION,up,5.0,4.0,,9.0,3.0,6.0,6.0,,experienced1,,experienced1,,,
2026-02-03 17:44:38.155Z,GAME_ACTION,right,5.0,3.0,,9.0,3.0,6.0,6.0,,experienced1,,experienced1,,,
2026-02-03 17:44:38.357Z,GAME_ACTION,right,6.0,3.0,,9.0,3.0,6.0,6.0,,experienced1,,experienced1,,,
2026-02-03 17:44:38.762Z,GAME_ACTION,right,7.0,3.0,,9.0,3.0,6.0,6.0,,experienced1,,experienced1,,,
2026-02-03 17:44:38.980Z,GAME_ACTION,right,8.0,3.0,,9.0,3.0,6.0,6.0,,experienced1,,experienced1,,,
2026-02-03 17:44:39.227Z,GAME_ACTION,right,9.0,3.0,,9.0,3.0,6.0,6.0,,experienced1,,experienced1,,,
2026-02-03 17:44:39.940Z,GAME_ACTION,up,10.0,3.0,,9.0,3.0,6.0,6.0,,experienced1,,experienced1,,,
2026-02-03 17:44:40.330Z,GAME_ACTION,up,10.0,2.0,,9.0,3.0,6.0,6.0,,experienced1,,experienced1,,,
2026-02-03 17:44:40.330Z,INTERACTION,,10.0,2.0,,9.0,3.0,6.0,6.0,,experienced1,,experienced1,,wizard_interaction,blueAmulet
2026-02-03 17:44:42.550Z,GAME_ACTION,down,10.0,2.0,,9.0,3.0,6.0,6.0,,experienced1,,experienced1,,,
2026-02-03 17:44:44.485Z,GAME_ACTION,left,10.0,3.0,,9.0,3.0,6.0,6.0,,experienced1,,experienced1,,,
2026-02-03 17:44:44.882Z,GAME_ACTION,left,9.0,3.0,,9.0,3.0,6.0,6.0,,experienced1,,experienced1,,,
2026-02-03 17:44:45.295Z,GAME_ACTION,left,8.0,3.0,,9.0,3.0,6.0,6.0,,experienced1,,experienced1,,,
2026-02-03 17:44:45.520Z,GAME_ACTION,left,7.0,3.0,,9.0,3.0,6.0,6.0,,experienced1,,experienced1,,,
2026-02-03 17:44:45.790Z,GAME_ACTION,left,6.0,3.0,,9.0,3.0,6.0,6.0,,experienced1,,experienced1,,,
2026-02-03 17:44:47.230Z,GAME_ACTION,down,5.0,3.0,,9.0,3.0,6.0,6.0,,experienced1,,experienced1,,,
2026-02-03 17:44:47.620Z,GAME_ACTION,down,5.0,4.0,,9.0,3.0,6.0,6.0,,experienced1,,experienced1,,,
2026-02-03 17:44:48.017Z,GAME_ACTION,down,5.0,5.0,,9.0,3.0,6.0,6.0,,experienced1,,experienced1,,,
2026-02-03 17:44:48.444Z,GAME_ACTION,down,5.0,6.0,,9.0,3.0,6.0,6.0,,experienced1,,experienced1,,,
2026-02-03 17:44:48.692Z,GAME_ACTION,down,5.0,7.0,,9.0,3.0,6.0,6.0,,experienced1,,experienced1,,,
2026-02-03 17:44:49.037Z,GAME_ACTION,down,5.0,8.0,,9.0,3.0,6.0,6.0,,experienced1,,experienced1,,,
2026-02-03 17:44:50.020Z,GAME_ACTION,right,5.0,9.0,,9.0,3.0,6.0,6.0,,experienced1,,experienced1,,,
2026-02-03 17:44:50.425Z,GAME_ACTION,right,6.0,9.0,,9.0,3.0,6.0,6.0,,experienced1,,experienced1,,,
2026-02-03 17:44:50.822Z,GAME_ACTION,right,7.0,9.0,,9.0,3.0,6.0,6.0,,experienced1,,experienced1,,,
2026-02-03 17:44:51.025Z,GAME_ACTION,right,8.0,9.0,,9.0,3.0,6.0,6.0,,experienced1,,experienced1,,,
2026-02-03 17:44:51.430Z,GAME_ACTION,right,9.0,9.0,,9.0,3.0,6.0,6.0,,experienced1,,experienced1,,,
2026-02-03 17:44:51.430Z,INTERACTION,,9.0,9.0,,9.0,3.0,6.0,6.0,,experienced1,,experienced1,,treasure_interaction,C
2026-02-03 17:44:51.430Z,LEVEL_COMPLETE,,9.0,9.0,,9.0,3.0,6.0,6.0,,experienced1,,experienced1,,,
2026-02-03 17:44:54.443Z,LEVEL_COMPLETE,,9.0,9.0,,9.0,3.0,6.0,6.0,10.0,experienced1,,experienced1,,,

Level: sm361_1
Timestamp,Type,Player Action,Player X,Player Y,Observed Agent ID,NPC 1 X,NPC 1 Y,NPC 2 X,NPC 2 Y,Steps Remaining,NPC 1 Path Type,NPC 1 Path Index,NPC 2 Path Type,NPC 2 Path Index,Interaction Type,Interaction Details
2026-02-03 17:43:09.359Z,LEVEL_START,,,,,,,,,,,,,,,
2026-02-03 17:43:09.369Z,LEVEL_START,,,,,,,,,,,,,,,
2026-02-03 17:43:24.912Z,AGENT_OBSERVE,,8.0,9.0,2.0,,,4.0,3.0,,,,experienced1,,,
2026-02-03 17:43:28.218Z,AGENT_OBSERVE,,8.0,9.0,3.0,7.0,1.0,4.0,3.0,,experienced1,,experienced1,,,
2026-02-03 17:43:28.767Z,AGENT_OBSERVE,,8.0,9.0,3.0,7.0,1.0,4.0,3.0,,experienced1,,experienced1,,,
2026-02-03 17:43:29.629Z,AGENT_OBSERVE,,8.0,9.0,3.0,7.0,2.0,4.0,3.0,,experienced1,,experienced1,,,
2026-02-03 17:43:30.506Z,AGENT_OBSERVE,,8.0,9.0,3.0,8.0,2.0,4.0,3.0,,experienced1,,experienced1,,,
2026-02-03 17:43:31.174Z,AGENT_OBSERVE,,8.0,9.0,3.0,9.0,2.0,4.0,3.0,,experienced1,,experienced1,,,
2026-02-03 17:43:31.676Z,AGENT_OBSERVE,,8.0,9.0,3.0,9.0,1.0,4.0,3.0,,experienced1,,experienced1,,,
2026-02-03 17:43:32.269Z,AGENT_OBSERVE,,8.0,9.0,3.0,9.0,1.0,4.0,3.0,,experienced1,,experienced1,,,
2026-02-03 17:43:33.393Z,AGENT_OBSERVE,,8.0,9.0,3.0,9.0,2.0,4.0,3.0,,experienced1,,experienced1,,,
2026-02-03 17:43:34.032Z,AGENT_OBSERVE,,8.0,9.0,3.0,8.0,2.0,4.0,3.0,,experienced1,,experienced1,,,
2026-02-03 17:43:34.533Z,AGENT_OBSERVE,,8.0,9.0,3.0,8.0,3.0,4.0,3.0,,experienced1,,experienced1,,,
2026-02-03 17:43:41.036Z,GAME_ACTION,up,8.0,9.0,,8.0,3.0,4.0,3.0,,experienced1,,experienced1,,,
2026-02-03 17:43:41.448Z,GAME_ACTION,up,8.0,8.0,,8.0,3.0,4.0,3.0,,experienced1,,experienced1,,,
2026-02-03 17:43:41.673Z,GAME_ACTION,up,8.0,7.0,,8.0,3.0,4.0,3.0,,experienced1,,experienced1,,,
2026-02-03 17:43:41.922Z,GAME_ACTION,up,8.0,6.0,,8.0,3.0,4.0,3.0,,experienced1,,experienced1,,,
2026-02-03 17:43:42.168Z,GAME_ACTION,up,8.0,5.0,,8.0,3.0,4.0,3.0,,experienced1,,experienced1,,,
2026-02-03 17:43:42.408Z,GAME_ACTION,up,8.0,4.0,,8.0,3.0,4.0,3.0,,experienced1,,experienced1,,,
2026-02-03 17:43:42.656Z,GAME_ACTION,up,8.0,3.0,,8.0,3.0,4.0,3.0,,experienced1,,experienced1,,,
2026-02-03 17:43:43.773Z,GAME_ACTION,right,8.0,2.0,,8.0,3.0,4.0,3.0,,experienced1,,experienced1,,,
2026-02-03 17:43:44.682Z,GAME_ACTION,up,9.0,2.0,,8.0,3.0,4.0,3.0,,experienced1,,experienced1,,,
2026-02-03 17:43:45.940Z,GAME_ACTION,up,9.0,1.0,,8.0,3.0,4.0,3.0,,experienced1,,experienced1,,,
2026-02-03 17:43:45.941Z,INTERACTION,,9.0,1.0,,8.0,3.0,4.0,3.0,,experienced1,,experienced1,,wizard_interaction,blueAmulet
2026-02-03 17:43:48.955Z,GAME_ACTION,down,9.0,1.0,,8.0,3.0,4.0,3.0,,experienced1,,experienced1,,,
2026-02-03 17:43:50.134Z,GAME_ACTION,left,9.0,2.0,,8.0,3.0,4.0,3.0,,experienced1,,experienced1,,,
2026-02-03 17:43:51.108Z,GAME_ACTION,down,8.0,2.0,,8.0,3.0,4.0,3.0,,experienced1,,experienced1,,,
2026-02-03 17:43:51.535Z,GAME_ACTION,down,8.0,3.0,,8.0,3.0,4.0,3.0,,experienced1,,experienced1,,,
2026-02-03 17:43:51.775Z,GAME_ACTION,down,8.0,4.0,,8.0,3.0,4.0,3.0,,experienced1,,experienced1,,,
2026-02-03 17:43:52.023Z,GAME_ACTION,down,8.0,5.0,,8.0,3.0,4.0,3.0,,experienced1,,experienced1,,,
2026-02-03 17:43:52.270Z,GAME_ACTION,down,8.0,6.0,,8.0,3.0,4.0,3.0,,experienced1,,experienced1,,,
2026-02-03 17:43:52.788Z,GAME_ACTION,down,8.0,7.0,,8.0,3.0,4.0,3.0,,experienced1,,experienced1,,,
2026-02-03 17:43:53.508Z,GAME_ACTION,down,8.0,8.0,,8.0,3.0,4.0,3.0,,experienced1,,experienced1,,,
2026-02-03 17:43:54.190Z,GAME_ACTION,left,8.0,9.0,,8.0,3.0,4.0,3.0,,experienced1,,experienced1,,,
2026-02-03 17:43:55.039Z,GAME_ACTION,down,7.0,9.0,,8.0,3.0,4.0,3.0,,experienced1,,experienced1,,,
2026-02-03 17:43:55.615Z,GAME_ACTION,down,7.0,10.0,,8.0,3.0,4.0,3.0,,experienced1,,experienced1,,,
2026-02-03 17:43:56.418Z,GAME_ACTION,right,7.0,11.0,,8.0,3.0,4.0,3.0,,experienced1,,experienced1,,,
2026-02-03 17:43:56.628Z,GAME_ACTION,right,8.0,11.0,,8.0,3.0,4.0,3.0,,experienced1,,experienced1,,,
2026-02-03 17:43:56.868Z,GAME_ACTION,right,9.0,11.0,,8.0,3.0,4.0,3.0,,experienced1,,experienced1,,,
2026-02-03 17:43:56.868Z,INTERACTION,,9.0,11.0,,8.0,3.0,4.0,3.0,,experienced1,,experienced1,,treasure_interaction,C
2026-02-03 17:43:56.868Z,LEVEL_COMPLETE,,9.0,11.0,,8.0,3.0,4.0,3.0,,experienced1,,experienced1,,,
2026-02-03 17:43:59.868Z,LEVEL_COMPLETE,,9.0,11.0,,8.0,3.0,4.0,3.0,11.0,experienced1,,experienced1,,,

Level: sm421_2
Timestamp,Type,Player Action,Player X,Player Y,Observed Agent ID,NPC 1 X,NPC 1 Y,NPC 2 X,NPC 2 Y,Steps Remaining,NPC 1 Path Type,NPC 1 Path Index,NPC 2 Path Type,NPC 2 Path Index,Interaction Type,Interaction Details
2026-02-03 17:41:13.547Z,LEVEL_START,,,,,,,,,,,,,,,
2026-02-03 17:41:13.555Z,LEVEL_START,,,,,,,,,,,,,,,
2026-02-03 17:41:34.496Z,AGENT_OBSERVE,,0.0,9.0,2.0,,,4.0,9.0,,,,experienced2,,,
2026-02-03 17:41:44.846Z,AGENT_OBSERVE,,0.0,9.0,3.0,9.0,9.0,4.0,9.0,,experienced2,,experienced2,,,
2026-02-03 17:41:45.596Z,AGENT_OBSERVE,,0.0,9.0,3.0,9.0,9.0,4.0,9.0,,experienced2,,experienced2,,,
2026-02-03 17:41:46.398Z,AGENT_OBSERVE,,0.0,9.0,3.0,8.0,9.0,4.0,9.0,,experienced2,,experienced2,,,
2026-02-03 17:41:47.066Z,AGENT_OBSERVE,,0.0,9.0,3.0,8.0,8.0,4.0,9.0,,experienced2,,experienced2,,,
2026-02-03 17:41:47.733Z,AGENT_OBSERVE,,0.0,9.0,3.0,8.0,7.0,4.0,9.0,,experienced2,,experienced2,,,
2026-02-03 17:41:48.206Z,AGENT_OBSERVE,,0.0,9.0,3.0,9.0,7.0,4.0,9.0,,experienced2,,experienced2,,,
2026-02-03 17:41:49.263Z,AGENT_OBSERVE,,0.0,9.0,3.0,9.0,7.0,4.0,9.0,,experienced2,,experienced2,,,
2026-02-03 17:41:51.236Z,AGENT_OBSERVE,,0.0,9.0,3.0,8.0,7.0,4.0,9.0,,experienced2,,experienced2,,,
2026-02-03 17:41:51.731Z,AGENT_OBSERVE,,0.0,9.0,3.0,8.0,6.0,4.0,9.0,,experienced2,,experienced2,,,
2026-02-03 17:41:52.286Z,AGENT_OBSERVE,,0.0,9.0,3.0,8.0,5.0,4.0,9.0,,experienced2,,experienced2,,,
2026-02-03 17:41:53.036Z,AGENT_OBSERVE,,0.0,9.0,3.0,9.0,5.0,4.0,9.0,,experienced2,,experienced2,,,
2026-02-03 17:41:54.221Z,AGENT_OBSERVE,,0.0,9.0,3.0,9.0,5.0,4.0,9.0,,experienced2,,experienced2,,,
2026-02-03 17:41:54.926Z,AGENT_OBSERVE,,0.0,9.0,3.0,8.0,5.0,4.0,9.0,,experienced2,,experienced2,,,
2026-02-03 17:41:55.518Z,AGENT_OBSERVE,,0.0,9.0,3.0,8.0,4.0,4.0,9.0,,experienced2,,experienced2,,,
2026-02-03 17:41:58.841Z,GAME_ACTION,right,0.0,9.0,,8.0,4.0,4.0,9.0,,experienced2,,experienced2,,,
2026-02-03 17:41:59.291Z,GAME_ACTION,right,1.0,9.0,,8.0,4.0,4.0,9.0,,experienced2,,experienced2,,,
2026-02-03 17:41:59.598Z,GAME_ACTION,right,2.0,9.0,,8.0,4.0,4.0,9.0,,experienced2,,experienced2,,,
2026-02-03 17:41:59.883Z,GAME_ACTION,right,3.0,9.0,,8.0,4.0,4.0,9.0,,experienced2,,experienced2,,,
2026-02-03 17:42:00.138Z,GAME_ACTION,right,4.0,9.0,,8.0,4.0,4.0,9.0,,experienced2,,experienced2,,,
2026-02-03 17:42:00.416Z,GAME_ACTION,right,5.0,9.0,,8.0,4.0,4.0,9.0,,experienced2,,experienced2,,,
2026-02-03 17:42:00.686Z,GAME_ACTION,right,6.0,9.0,,8.0,4.0,4.0,9.0,,experienced2,,experienced2,,,
2026-02-03 17:42:01.458Z,GAME_ACTION,right,7.0,9.0,,8.0,4.0,4.0,9.0,,experienced2,,experienced2,,,
2026-02-03 17:42:02.441Z,GAME_ACTION,up,8.0,9.0,,8.0,4.0,4.0,9.0,,experienced2,,experienced2,,,
2026-02-03 17:42:02.861Z,GAME_ACTION,up,8.0,8.0,,8.0,4.0,4.0,9.0,,experienced2,,experienced2,,,
2026-02-03 17:42:03.281Z,GAME_ACTION,up,8.0,7.0,,8.0,4.0,4.0,9.0,,experienced2,,experienced2,,,
2026-02-03 17:42:03.528Z,GAME_ACTION,up,8.0,6.0,,8.0,4.0,4.0,9.0,,experienced2,,experienced2,,,
2026-02-03 17:42:03.873Z,GAME_ACTION,up,8.0,5.0,,8.0,4.0,4.0,9.0,,experienced2,,experienced2,,,
2026-02-03 17:42:04.196Z,GAME_ACTION,up,8.0,4.0,,8.0,4.0,4.0,9.0,,experienced2,,experienced2,,,
2026-02-03 17:42:05.975Z,GAME_ACTION,left,8.0,3.0,,8.0,4.0,4.0,9.0,,experienced2,,experienced2,,,
2026-02-03 17:42:06.184Z,GAME_ACTION,left,7.0,3.0,,8.0,4.0,4.0,9.0,,experienced2,,experienced2,,,
2026-02-03 17:42:06.394Z,GAME_ACTION,left,6.0,3.0,,8.0,4.0,4.0,9.0,,experienced2,,experienced2,,,
2026-02-03 17:42:06.641Z,GAME_ACTION,left,5.0,3.0,,8.0,4.0,4.0,9.0,,experienced2,,experienced2,,,
2026-02-03 17:42:06.904Z,GAME_ACTION,left,4.0,3.0,,8.0,4.0,4.0,9.0,,experienced2,,experienced2,,,
2026-02-03 17:42:07.271Z,GAME_ACTION,left,3.0,3.0,,8.0,4.0,4.0,9.0,,experienced2,,experienced2,,,
2026-02-03 17:42:08.096Z,GAME_ACTION,up,2.0,3.0,,8.0,4.0,4.0,9.0,,experienced2,,experienced2,,,
2026-02-03 17:42:08.516Z,GAME_ACTION,up,2.0,2.0,,8.0,4.0,4.0,9.0,,experienced2,,experienced2,,,
2026-02-03 17:42:09.070Z,GAME_ACTION,up,2.0,1.0,,8.0,4.0,4.0,9.0,,experienced2,,experienced2,,,
2026-02-03 17:42:09.071Z,INTERACTION,,2.0,1.0,,8.0,4.0,4.0,9.0,,experienced2,,experienced2,,wizard_interaction,blueAmulet
2026-02-03 17:42:10.811Z,GAME_ACTION,down,2.0,1.0,,8.0,4.0,4.0,9.0,,experienced2,,experienced2,,,
2026-02-03 17:42:11.096Z,GAME_ACTION,down,2.0,2.0,,8.0,4.0,4.0,9.0,,experienced2,,experienced2,,,
2026-02-03 17:42:11.854Z,GAME_ACTION,right,2.0,3.0,,8.0,4.0,4.0,9.0,,experienced2,,experienced2,,,
2026-02-03 17:42:12.064Z,GAME_ACTION,right,3.0,3.0,,8.0,4.0,4.0,9.0,,experienced2,,experienced2,,,
2026-02-03 17:42:12.273Z,GAME_ACTION,right,4.0,3.0,,8.0,4.0,4.0,9.0,,experienced2,,experienced2,,,
2026-02-03 17:42:12.679Z,GAME_ACTION,right,5.0,3.0,,8.0,4.0,4.0,9.0,,experienced2,,experienced2,,,
2026-02-03 17:42:13.054Z,GAME_ACTION,right,6.0,3.0,,8.0,4.0,4.0,9.0,,experienced2,,experienced2,,,
2026-02-03 17:42:13.429Z,GAME_ACTION,right,7.0,3.0,,8.0,4.0,4.0,9.0,,experienced2,,experienced2,,,
2026-02-03 17:42:14.629Z,GAME_ACTION,down,8.0,3.0,,8.0,4.0,4.0,9.0,,experienced2,,experienced2,,,
2026-02-03 17:42:15.476Z,GAME_ACTION,down,8.0,5.0,,8.0,4.0,4.0,9.0,,experienced2,,experienced2,,,
2026-02-03 17:42:15.859Z,GAME_ACTION,down,8.0,6.0,,8.0,4.0,4.0,9.0,,experienced2,,experienced2,,,
2026-02-03 17:42:16.234Z,GAME_ACTION,down,8.0,7.0,,8.0,4.0,4.0,9.0,,experienced2,,experienced2,,,
2026-02-03 17:42:16.691Z,GAME_ACTION,down,8.0,8.0,,8.0,4.0,4.0,9.0,,experienced2,,experienced2,,,
2026-02-03 17:42:17.786Z,GAME_ACTION,left,8.0,9.0,,8.0,4.0,4.0,9.0,,experienced2,,experienced2,,,
2026-02-03 17:42:18.175Z,GAME_ACTION,left,7.0,9.0,,8.0,4.0,4.0,9.0,,experienced2,,experienced2,,,
2026-02-03 17:42:18.394Z,GAME_ACTION,left,6.0,9.0,,8.0,4.0,4.0,9.0,,experienced2,,experienced2,,,
2026-02-03 17:42:18.784Z,GAME_ACTION,left,5.0,9.0,,8.0,4.0,4.0,9.0,,experienced2,,experienced2,,,
2026-02-03 17:42:19.189Z,GAME_ACTION,left,4.0,9.0,,8.0,4.0,4.0,9.0,,experienced2,,experienced2,,,
2026-02-03 17:42:19.594Z,GAME_ACTION,left,3.0,9.0,,8.0,4.0,4.0,9.0,,experienced2,,experienced2,,,
2026-02-03 17:42:19.811Z,GAME_ACTION,left,2.0,9.0,,8.0,4.0,4.0,9.0,,experienced2,,experienced2,,,
2026-02-03 17:42:20.020Z,GAME_ACTION,left,1.0,9.0,,8.0,4.0,4.0,9.0,,experienced2,,experienced2,,,
2026-02-03 17:42:21.079Z,GAME_ACTION,down,0.0,9.0,,8.0,4.0,4.0,9.0,,experienced2,,experienced2,,,
2026-02-03 17:42:21.971Z,GAME_ACTION,down,0.0,10.0,,8.0,4.0,4.0,9.0,,experienced2,,experienced2,,,
2026-02-03 17:42:21.971Z,INTERACTION,,0.0,10.0,,8.0,4.0,4.0,9.0,,experienced2,,experienced2,,treasure_interaction,B
2026-02-03 17:42:21.971Z,LEVEL_COMPLETE,,0.0,10.0,,8.0,4.0,4.0,9.0,,experienced2,,experienced2,,,
2026-02-03 17:42:24.972Z,LEVEL_COMPLETE,,0.0,10.0,,8.0,4.0,4.0,9.0,11.0,experienced2,,experienced2,,,

Level: sm431_2
Timestamp,Type,Player Action,Player X,Player Y,Observed Agent ID,NPC 1 X,NPC 1 Y,NPC 2 X,NPC 2 Y,Steps Remaining,NPC 1 Path Type,NPC 1 Path Index,NPC 2 Path Type,NPC 2 Path Index,Interaction Type,Interaction Details
2026-02-03 17:44:54.567Z,LEVEL_START,,,,,,,,,,,,,,,
2026-02-03 17:44:54.577Z,LEVEL_START,,,,,,,,,,,,,,,
2026-02-03 17:45:09.505Z,AGENT_OBSERVE,,5.0,9.0,2.0,,,2.0,5.0,,,,experienced2,,,
2026-02-03 17:45:12.362Z,AGENT_OBSERVE,,5.0,9.0,3.0,0.0,2.0,2.0,5.0,,experienced2,,experienced2,,,
2026-02-03 17:45:13.345Z,AGENT_OBSERVE,,5.0,9.0,3.0,0.0,2.0,2.0,5.0,,experienced2,,experienced2,,,
2026-02-03 17:45:14.260Z,AGENT_OBSERVE,,5.0,9.0,3.0,0.0,3.0,2.0,5.0,,experienced2,,experienced2,,,
2026-02-03 17:45:14.807Z,AGENT_OBSERVE,,5.0,9.0,3.0,1.0,3.0,2.0,5.0,,experienced2,,experienced2,,,
2026-02-03 17:45:15.385Z,AGENT_OBSERVE,,5.0,9.0,3.0,2.0,3.0,2.0,5.0,,experienced2,,experienced2,,,
2026-02-03 17:45:15.940Z,AGENT_OBSERVE,,5.0,9.0,3.0,2.0,2.0,2.0,5.0,,experienced2,,experienced2,,,
2026-02-03 17:45:16.502Z,AGENT_OBSERVE,,5.0,9.0,3.0,2.0,2.0,2.0,5.0,,experienced2,,experienced2,,,
2026-02-03 17:45:17.072Z,AGENT_OBSERVE,,5.0,9.0,3.0,2.0,3.0,2.0,5.0,,experienced2,,experienced2,,,
2026-02-03 17:45:17.665Z,AGENT_OBSERVE,,5.0,9.0,3.0,3.0,3.0,2.0,5.0,,experienced2,,experienced2,,,
2026-02-03 17:45:21.025Z,GAME_ACTION,left,5.0,9.0,,3.0,3.0,2.0,5.0,,experienced2,,experienced2,,,
2026-02-03 17:45:21.550Z,GAME_ACTION,left,4.0,9.0,,3.0,3.0,2.0,5.0,,experienced2,,experienced2,,,
2026-02-03 17:45:22.277Z,GAME_ACTION,up,3.0,9.0,,3.0,3.0,2.0,5.0,,experienced2,,experienced2,,,
2026-02-03 17:45:22.540Z,GAME_ACTION,up,3.0,8.0,,3.0,3.0,2.0,5.0,,experienced2,,experienced2,,,
2026-02-03 17:45:22.750Z,GAME_ACTION,up,3.0,7.0,,3.0,3.0,2.0,5.0,,experienced2,,experienced2,,,
2026-02-03 17:45:22.967Z,GAME_ACTION,up,3.0,6.0,,3.0,3.0,2.0,5.0,,experienced2,,experienced2,,,
2026-02-03 17:45:24.377Z,GAME_ACTION,left,3.0,5.0,,3.0,3.0,2.0,5.0,,experienced2,,experienced2,,,
2026-02-03 17:45:24.760Z,GAME_ACTION,left,2.0,5.0,,3.0,3.0,2.0,5.0,,experienced2,,experienced2,,,
2026-02-03 17:45:25.300Z,GAME_ACTION,left,1.0,5.0,,3.0,3.0,2.0,5.0,,experienced2,,experienced2,,,
2026-02-03 17:45:26.170Z,GAME_ACTION,up,0.0,5.0,,3.0,3.0,2.0,5.0,,experienced2,,experienced2,,,
2026-02-03 17:45:26.380Z,GAME_ACTION,up,0.0,4.0,,3.0,3.0,2.0,5.0,,experienced2,,experienced2,,,
2026-02-03 17:45:27.550Z,GAME_ACTION,right,0.0,3.0,,3.0,3.0,2.0,5.0,,experienced2,,experienced2,,,
2026-02-03 17:45:27.940Z,GAME_ACTION,right,1.0,3.0,,3.0,3.0,2.0,5.0,,experienced2,,experienced2,,,
2026-02-03 17:45:28.352Z,GAME_ACTION,right,2.0,3.0,,3.0,3.0,2.0,5.0,,experienced2,,experienced2,,,
2026-02-03 17:45:28.585Z,GAME_ACTION,right,3.0,3.0,,3.0,3.0,2.0,5.0,,experienced2,,experienced2,,,
2026-02-03 17:45:29.327Z,GAME_ACTION,up,4.0,3.0,,3.0,3.0,2.0,5.0,,experienced2,,experienced2,,,
2026-02-03 17:45:30.130Z,GAME_ACTION,up,4.0,2.0,,3.0,3.0,2.0,5.0,,experienced2,,experienced2,,,
2026-02-03 17:45:30.130Z,INTERACTION,,4.0,2.0,,3.0,3.0,2.0,5.0,,experienced2,,experienced2,,wizard_interaction,blueAmulet
2026-02-03 17:45:31.750Z,GAME_ACTION,down,4.0,2.0,,3.0,3.0,2.0,5.0,,experienced2,,experienced2,,,
2026-02-03 17:45:32.665Z,GAME_ACTION,left,4.0,3.0,,3.0,3.0,2.0,5.0,,experienced2,,experienced2,,,
2026-02-03 17:45:32.875Z,GAME_ACTION,left,3.0,3.0,,3.0,3.0,2.0,5.0,,experienced2,,experienced2,,,
2026-02-03 17:45:33.107Z,GAME_ACTION,left,2.0,3.0,,3.0,3.0,2.0,5.0,,experienced2,,experienced2,,,
2026-02-03 17:45:33.640Z,GAME_ACTION,left,1.0,3.0,,3.0,3.0,2.0,5.0,,experienced2,,experienced2,,,
2026-02-03 17:45:34.930Z,GAME_ACTION,down,0.0,3.0,,3.0,3.0,2.0,5.0,,experienced2,,experienced2,,,
2026-02-03 17:45:35.755Z,GAME_ACTION,down,0.0,4.0,,3.0,3.0,2.0,5.0,,experienced2,,experienced2,,,
2026-02-03 17:45:36.775Z,GAME_ACTION,right,0.0,5.0,,3.0,3.0,2.0,5.0,,experienced2,,experienced2,,,
2026-02-03 17:45:37.082Z,GAME_ACTION,right,1.0,5.0,,3.0,3.0,2.0,5.0,,experienced2,,experienced2,,,
2026-02-03 17:45:37.390Z,GAME_ACTION,right,2.0,5.0,,3.0,3.0,2.0,5.0,,experienced2,,experienced2,,,
2026-02-03 17:45:38.081Z,GAME_ACTION,down,3.0,5.0,,3.0,3.0,2.0,5.0,,experienced2,,experienced2,,,
2026-02-03 17:45:38.327Z,GAME_ACTION,down,3.0,6.0,,3.0,3.0,2.0,5.0,,experienced2,,experienced2,,,
2026-02-03 17:45:38.582Z,GAME_ACTION,down,3.0,7.0,,3.0,3.0,2.0,5.0,,experienced2,,experienced2,,,
2026-02-03 17:45:38.875Z,GAME_ACTION,down,3.0,8.0,,3.0,3.0,2.0,5.0,,experienced2,,experienced2,,,
2026-02-03 17:45:39.685Z,GAME_ACTION,left,3.0,9.0,,3.0,3.0,2.0,5.0,,experienced2,,experienced2,,,
2026-02-03 17:45:39.925Z,GAME_ACTION,left,2.0,9.0,,3.0,3.0,2.0,5.0,,experienced2,,experienced2,,,
2026-02-03 17:45:40.187Z,GAME_ACTION,left,1.0,9.0,,3.0,3.0,2.0,5.0,,experienced2,,experienced2,,,
2026-02-03 17:45:41.620Z,GAME_ACTION,down,0.0,9.0,,3.0,3.0,2.0,5.0,,experienced2,,experienced2,,,
2026-02-03 17:45:42.048Z,GAME_ACTION,down,0.0,10.0,,3.0,3.0,2.0,5.0,,experienced2,,experienced2,,,
2026-02-03 17:45:42.048Z,INTERACTION,,0.0,10.0,,3.0,3.0,2.0,5.0,,experienced2,,experienced2,,treasure_interaction,B
2026-02-03 17:45:42.048Z,LEVEL_COMPLETE,,0.0,10.0,,3.0,3.0,2.0,5.0,,experienced2,,experienced2,,,
2026-02-03 17:45:45.050Z,LEVEL_COMPLETE,,0.0,10.0,,3.0,3.0,2.0,5.0,14.0,experienced2,,experienced2,,,

Level: sm511_1
Timestamp,Type,Player Action,Player X,Player Y,Observed Agent ID,NPC 1 X,NPC 1 Y,NPC 2 X,NPC 2 Y,Steps Remaining,NPC 1 Path Type,NPC 1 Path Index,NPC 2 Path Type,NPC 2 Path Index,Interaction Type,Interaction Details
2026-02-03 17:39:48.397Z,LEVEL_START,,,,,,,,,,,,,,,
2026-02-03 17:39:48.403Z,LEVEL_START,,,,,,,,,,,,,,,
2026-02-03 17:40:10.172Z,AGENT_OBSERVE,,7.0,9.0,2.0,,,1.0,7.0,,,,experienced1,,,
2026-02-03 17:40:15.446Z,AGENT_OBSERVE,,7.0,9.0,3.0,0.0,2.0,1.0,7.0,,experienced1,,experienced1,,,
2026-02-03 17:40:16.308Z,AGENT_OBSERVE,,7.0,9.0,3.0,0.0,3.0,1.0,7.0,,experienced1,,experienced1,,,
2026-02-03 17:40:16.713Z,AGENT_OBSERVE,,7.0,9.0,3.0,1.0,3.0,1.0,7.0,,experienced1,,experienced1,,,
2026-02-03 17:40:17.425Z,AGENT_OBSERVE,,7.0,9.0,3.0,2.0,3.0,1.0,7.0,,experienced1,,experienced1,,,
2026-02-03 17:40:18.070Z,AGENT_OBSERVE,,7.0,9.0,3.0,3.0,3.0,1.0,7.0,,experienced1,,experienced1,,,
2026-02-03 17:40:18.648Z,AGENT_OBSERVE,,7.0,9.0,3.0,3.0,2.0,1.0,7.0,,experienced1,,experienced1,,,
2026-02-03 17:40:19.159Z,AGENT_OBSERVE,,7.0,9.0,3.0,3.0,2.0,1.0,7.0,,experienced1,,experienced1,,,
2026-02-03 17:40:19.735Z,AGENT_OBSERVE,,7.0,9.0,3.0,3.0,3.0,1.0,7.0,,experienced1,,experienced1,,,
2026-02-03 17:40:20.403Z,AGENT_OBSERVE,,7.0,9.0,3.0,4.0,3.0,1.0,7.0,,experienced1,,experienced1,,,
2026-02-03 17:40:21.025Z,AGENT_OBSERVE,,7.0,9.0,3.0,5.0,3.0,1.0,7.0,,experienced1,,experienced1,,,
2026-02-03 17:40:21.573Z,AGENT_OBSERVE,,7.0,9.0,3.0,6.0,3.0,1.0,7.0,,experienced1,,experienced1,,,
2026-02-03 17:40:22.090Z,AGENT_OBSERVE,,7.0,9.0,3.0,6.0,2.0,1.0,7.0,,experienced1,,experienced1,,,
2026-02-03 17:40:22.616Z,AGENT_OBSERVE,,7.0,9.0,3.0,6.0,2.0,1.0,7.0,,experienced1,,experienced1,,,
2026-02-03 17:40:23.358Z,AGENT_OBSERVE,,7.0,9.0,3.0,6.0,3.0,1.0,7.0,,experienced1,,experienced1,,,
2026-02-03 17:40:24.019Z,AGENT_OBSERVE,,7.0,9.0,3.0,7.0,3.0,1.0,7.0,,experienced1,,experienced1,,,
2026-02-03 17:40:24.619Z,AGENT_OBSERVE,,7.0,9.0,3.0,8.0,3.0,1.0,7.0,,experienced1,,experienced1,,,
2026-02-03 17:40:25.083Z,AGENT_OBSERVE,,7.0,9.0,3.0,9.0,3.0,1.0,7.0,,experienced1,,experienced1,,,
2026-02-03 17:40:26.043Z,AGENT_OBSERVE,,7.0,9.0,3.0,10.0,3.0,1.0,7.0,,experienced1,,experienced1,,,
2026-02-03 17:40:26.560Z,AGENT_OBSERVE,,7.0,9.0,3.0,10.0,2.0,1.0,7.0,,experienced1,,experienced1,,,
2026-02-03 17:40:27.131Z,AGENT_OBSERVE,,7.0,9.0,3.0,10.0,2.0,1.0,7.0,,experienced1,,experienced1,,,
2026-02-03 17:40:27.963Z,AGENT_OBSERVE,,7.0,9.0,3.0,10.0,3.0,1.0,7.0,,experienced1,,experienced1,,,
2026-02-03 17:40:28.489Z,AGENT_OBSERVE,,7.0,9.0,3.0,9.0,3.0,1.0,7.0,,experienced1,,experienced1,,,
2026-02-03 17:40:38.823Z,GAME_ACTION,left,7.0,9.0,,9.0,3.0,1.0,7.0,,experienced1,,experienced1,,,
2026-02-03 17:40:39.310Z,GAME_ACTION,left,6.0,9.0,,9.0,3.0,1.0,7.0,,experienced1,,experienced1,,,
2026-02-03 17:40:39.753Z,GAME_ACTION,left,5.0,9.0,,9.0,3.0,1.0,7.0,,experienced1,,experienced1,,,
2026-02-03 17:40:40.225Z,GAME_ACTION,left,4.0,9.0,,9.0,3.0,1.0,7.0,,experienced1,,experienced1,,,
2026-02-03 17:40:40.758Z,GAME_ACTION,left,3.0,9.0,,9.0,3.0,1.0,7.0,,experienced1,,experienced1,,,
2026-02-03 17:40:42.235Z,GAME_ACTION,up,2.0,9.0,,9.0,3.0,1.0,7.0,,experienced1,,experienced1,,,
2026-02-03 17:40:42.633Z,GAME_ACTION,up,2.0,8.0,,9.0,3.0,1.0,7.0,,experienced1,,experienced1,,,
2026-02-03 17:40:43.030Z,GAME_ACTION,up,2.0,7.0,,9.0,3.0,1.0,7.0,,experienced1,,experienced1,,,
2026-02-03 17:40:43.263Z,GAME_ACTION,up,2.0,6.0,,9.0,3.0,1.0,7.0,,experienced1,,experienced1,,,
2026-02-03 17:40:43.525Z,GAME_ACTION,up,2.0,5.0,,9.0,3.0,1.0,7.0,,experienced1,,experienced1,,,
2026-02-03 17:40:44.050Z,GAME_ACTION,up,2.0,4.0,,9.0,3.0,1.0,7.0,,experienced1,,experienced1,,,
2026-02-03 17:40:45.040Z,GAME_ACTION,right,2.0,3.0,,9.0,3.0,1.0,7.0,,experienced1,,experienced1,,,
2026-02-03 17:40:45.258Z,GAME_ACTION,right,3.0,3.0,,9.0,3.0,1.0,7.0,,experienced1,,experienced1,,,
2026-02-03 17:40:45.513Z,GAME_ACTION,right,4.0,3.0,,9.0,3.0,1.0,7.0,,experienced1,,experienced1,,,
2026-02-03 17:40:45.753Z,GAME_ACTION,right,5.0,3.0,,9.0,3.0,1.0,7.0,,experienced1,,experienced1,,,
2026-02-03 17:40:46.030Z,GAME_ACTION,right,6.0,3.0,,9.0,3.0,1.0,7.0,,experienced1,,experienced1,,,
2026-02-03 17:40:46.308Z,GAME_ACTION,right,7.0,3.0,,9.0,3.0,1.0,7.0,,experienced1,,experienced1,,,
2026-02-03 17:40:46.585Z,GAME_ACTION,right,8.0,3.0,,9.0,3.0,1.0,7.0,,experienced1,,experienced1,,,
2026-02-03 17:40:47.013Z,GAME_ACTION,right,9.0,3.0,,9.0,3.0,1.0,7.0,,experienced1,,experienced1,,,
2026-02-03 17:40:47.808Z,GAME_ACTION,up,10.0,3.0,,9.0,3.0,1.0,7.0,,experienced1,,experienced1,,,
2026-02-03 17:40:48.408Z,GAME_ACTION,up,10.0,2.0,,9.0,3.0,1.0,7.0,,experienced1,,experienced1,,,
2026-02-03 17:40:48.409Z,INTERACTION,,10.0,2.0,,9.0,3.0,1.0,7.0,,experienced1,,experienced1,,wizard_interaction,blueAmulet
2026-02-03 17:40:51.814Z,GAME_ACTION,down,10.0,2.0,,9.0,3.0,1.0,7.0,,experienced1,,experienced1,,,
2026-02-03 17:40:52.780Z,GAME_ACTION,left,10.0,3.0,,9.0,3.0,1.0,7.0,,experienced1,,experienced1,,,
2026-02-03 17:40:53.208Z,GAME_ACTION,left,9.0,3.0,,9.0,3.0,1.0,7.0,,experienced1,,experienced1,,,
2026-02-03 17:40:53.456Z,GAME_ACTION,left,8.0,3.0,,9.0,3.0,1.0,7.0,,experienced1,,experienced1,,,
2026-02-03 17:40:53.771Z,GAME_ACTION,left,7.0,3.0,,9.0,3.0,1.0,7.0,,experienced1,,experienced1,,,
2026-02-03 17:40:54.071Z,GAME_ACTION,left,6.0,3.0,,9.0,3.0,1.0,7.0,,experienced1,,experienced1,,,
2026-02-03 17:40:54.416Z,GAME_ACTION,left,5.0,3.0,,9.0,3.0,1.0,7.0,,experienced1,,experienced1,,,
2026-02-03 17:40:54.753Z,GAME_ACTION,left,4.0,3.0,,9.0,3.0,1.0,7.0,,experienced1,,experienced1,,,
2026-02-03 17:40:55.158Z,GAME_ACTION,left,3.0,3.0,,9.0,3.0,1.0,7.0,,experienced1,,experienced1,,,
2026-02-03 17:40:56.268Z,GAME_ACTION,down,2.0,3.0,,9.0,3.0,1.0,7.0,,experienced1,,experienced1,,,
2026-02-03 17:40:56.523Z,GAME_ACTION,down,2.0,4.0,,9.0,3.0,1.0,7.0,,experienced1,,experienced1,,,
2026-02-03 17:40:56.838Z,GAME_ACTION,down,2.0,5.0,,9.0,3.0,1.0,7.0,,experienced1,,experienced1,,,
2026-02-03 17:40:57.146Z,GAME_ACTION,down,2.0,6.0,,9.0,3.0,1.0,7.0,,experienced1,,experienced1,,,
2026-02-03 17:40:57.498Z,GAME_ACTION,down,2.0,7.0,,9.0,3.0,1.0,7.0,,experienced1,,experienced1,,,
2026-02-03 17:40:58.091Z,GAME_ACTION,down,2.0,8.0,,9.0,3.0,1.0,7.0,,experienced1,,experienced1,,,
2026-02-03 17:40:59.313Z,GAME_ACTION,left,2.0,9.0,,9.0,3.0,1.0,7.0,,experienced1,,experienced1,,,
2026-02-03 17:40:59.928Z,GAME_ACTION,left,1.0,9.0,,9.0,3.0,1.0,7.0,,experienced1,,experienced1,,,
2026-02-03 17:41:00.828Z,GAME_ACTION,down,0.0,9.0,,9.0,3.0,1.0,7.0,,experienced1,,experienced1,,,
2026-02-03 17:41:10.413Z,GAME_ACTION,down,0.0,10.0,,9.0,3.0,1.0,7.0,,experienced1,,experienced1,,,
2026-02-03 17:41:10.414Z,INTERACTION,,0.0,10.0,,9.0,3.0,1.0,7.0,,experienced1,,experienced1,,treasure_interaction,B
2026-02-03 17:41:10.414Z,LEVEL_COMPLETE,,0.0,10.0,,9.0,3.0,1.0,7.0,,experienced1,,experienced1,,,
2026-02-03 17:41:13.424Z,LEVEL_COMPLETE,,0.0,10.0,,9.0,3.0,1.0,7.0,-1.0,experienced1,,experienced1,,,

Level: sm521_2
Timestamp,Type,Player Action,Player X,Player Y,Observed Agent ID,NPC 1 X,NPC 1 Y,NPC 2 X,NPC 2 Y,Steps Remaining,NPC 1 Path Type,NPC 1 Path Index,NPC 2 Path Type,NPC 2 Path Index,Interaction Type,Interaction Details
2026-02-03 17:46:42.737Z,LEVEL_START,,,,,,,,,,,,,,,
2026-02-03 17:46:42.743Z,LEVEL_START,,,,,,,,,,,,,,,
2026-02-03 17:47:05.313Z,AGENT_OBSERVE,,0.0,9.0,2.0,,,6.0,9.0,,,,experienced2,,,
2026-02-03 17:47:05.996Z,AGENT_OBSERVE,,0.0,9.0,2.0,,,7.0,9.0,,,,experienced2,,,
2026-02-03 17:47:06.627Z,AGENT_OBSERVE,,0.0,9.0,2.0,,,8.0,9.0,,,,experienced2,,,
2026-02-03 17:47:07.158Z,AGENT_OBSERVE,,0.0,9.0,2.0,,,8.0,8.0,,,,experienced2,,,
2026-02-03 17:47:07.827Z,AGENT_OBSERVE,,0.0,9.0,2.0,,,8.0,7.0,,,,experienced2,,,
2026-02-03 17:47:08.411Z,AGENT_OBSERVE,,0.0,9.0,2.0,,,8.0,6.0,,,,experienced2,,,
2026-02-03 17:47:09.056Z,AGENT_OBSERVE,,0.0,9.0,2.0,,,8.0,5.0,,,,experienced2,,,
2026-02-03 17:47:09.627Z,AGENT_OBSERVE,,0.0,9.0,2.0,,,8.0,4.0,,,,experienced2,,,
2026-02-03 17:47:10.263Z,AGENT_OBSERVE,,0.0,9.0,2.0,,,8.0,3.0,,,,experienced2,,,
2026-02-03 17:47:13.736Z,GAME_ACTION,right,0.0,9.0,,,,8.0,3.0,,,,experienced2,,,
2026-02-03 17:47:14.111Z,GAME_ACTION,right,1.0,9.0,,,,8.0,3.0,,,,experienced2,,,
2026-02-03 17:47:14.508Z,GAME_ACTION,right,2.0,9.0,,,,8.0,3.0,,,,experienced2,,,
2026-02-03 17:47:16.196Z,AGENT_OBSERVE,,3.0,9.0,2.0,,,7.0,3.0,,,,experienced2,,,
2026-02-03 17:47:17.757Z,GAME_ACTION,right,3.0,9.0,,,,7.0,3.0,,,,experienced2,,,
2026-02-03 17:47:18.213Z,GAME_ACTION,right,4.0,9.0,,,,7.0,3.0,,,,experienced2,,,
2026-02-03 17:47:18.573Z,GAME_ACTION,right,5.0,9.0,,,,7.0,3.0,,,,experienced2,,,
2026-02-03 17:47:18.903Z,GAME_ACTION,right,6.0,9.0,,,,7.0,3.0,,,,experienced2,,,
2026-02-03 17:47:19.240Z,GAME_ACTION,right,7.0,9.0,,,,7.0,3.0,,,,experienced2,,,
2026-02-03 17:47:20.224Z,GAME_ACTION,up,8.0,9.0,,,,7.0,3.0,,,,experienced2,,,
2026-02-03 17:47:20.448Z,GAME_ACTION,up,8.0,8.0,,,,7.0,3.0,,,,experienced2,,,
2026-02-03 17:47:20.839Z,GAME_ACTION,up,8.0,7.0,,,,7.0,3.0,,,,experienced2,,,
2026-02-03 17:47:21.259Z,GAME_ACTION,up,8.0,6.0,,,,7.0,3.0,,,,experienced2,,,
2026-02-03 17:47:21.483Z,GAME_ACTION,up,8.0,5.0,,,,7.0,3.0,,,,experienced2,,,
2026-02-03 17:47:21.730Z,GAME_ACTION,up,8.0,4.0,,,,7.0,3.0,,,,experienced2,,,
2026-02-03 17:47:22.699Z,GAME_ACTION,left,8.0,3.0,,,,7.0,3.0,,,,experienced2,,,
2026-02-03 17:47:22.901Z,GAME_ACTION,left,7.0,3.0,,,,7.0,3.0,,,,experienced2,,,
2026-02-03 17:47:23.283Z,GAME_ACTION,left,6.0,3.0,,,,7.0,3.0,,,,experienced2,,,
2026-02-03 17:47:23.681Z,GAME_ACTION,left,5.0,3.0,,,,7.0,3.0,,,,experienced2,,,
2026-02-03 17:47:23.883Z,GAME_ACTION,left,4.0,3.0,,,,7.0,3.0,,,,experienced2,,,
2026-02-03 17:47:24.250Z,GAME_ACTION,left,3.0,3.0,,,,7.0,3.0,,,,experienced2,,,
2026-02-03 17:47:24.918Z,GAME_ACTION,up,2.0,3.0,,,,7.0,3.0,,,,experienced2,,,
2026-02-03 17:47:25.308Z,GAME_ACTION,up,2.0,2.0,,,,7.0,3.0,,,,experienced2,,,
2026-02-03 17:47:25.660Z,GAME_ACTION,up,2.0,1.0,,,,7.0,3.0,,,,experienced2,,,
2026-02-03 17:47:25.660Z,INTERACTION,,2.0,1.0,,,,7.0,3.0,,,,experienced2,,wizard_interaction,blueAmulet
2026-02-03 17:47:27.289Z,GAME_ACTION,down,2.0,1.0,,,,7.0,3.0,,,,experienced2,,,
2026-02-03 17:47:27.723Z,GAME_ACTION,down,2.0,2.0,,,,7.0,3.0,,,,experienced2,,,
2026-02-03 17:47:28.713Z,GAME_ACTION,right,2.0,3.0,,,,7.0,3.0,,,,experienced2,,,
2026-02-03 17:47:28.916Z,GAME_ACTION,right,3.0,3.0,,,,7.0,3.0,,,,experienced2,,,
2026-02-03 17:47:29.313Z,GAME_ACTION,right,4.0,3.0,,,,7.0,3.0,,,,experienced2,,,
2026-02-03 17:47:29.523Z,GAME_ACTION,right,5.0,3.0,,,,7.0,3.0,,,,experienced2,,,
2026-02-03 17:47:29.748Z,GAME_ACTION,right,6.0,3.0,,,,7.0,3.0,,,,experienced2,,,
2026-02-03 17:47:30.213Z,GAME_ACTION,right,7.0,3.0,,,,7.0,3.0,,,,experienced2,,,
2026-02-03 17:47:31.023Z,GAME_ACTION,down,8.0,3.0,,,,7.0,3.0,,,,experienced2,,,
2026-02-03 17:47:31.429Z,GAME_ACTION,down,8.0,4.0,,,,7.0,3.0,,,,experienced2,,,
2026-02-03 17:47:31.630Z,GAME_ACTION,down,8.0,5.0,,,,7.0,3.0,,,,experienced2,,,
2026-02-03 17:47:32.013Z,GAME_ACTION,down,8.0,6.0,,,,7.0,3.0,,,,experienced2,,,
2026-02-03 17:47:32.253Z,GAME_ACTION,down,8.0,7.0,,,,7.0,3.0,,,,experienced2,,,
2026-02-03 17:47:32.478Z,GAME_ACTION,down,8.0,8.0,,,,7.0,3.0,,,,experienced2,,,
2026-02-03 17:47:33.798Z,GAME_ACTION,left,8.0,9.0,,,,7.0,3.0,,,,experienced2,,,
2026-02-03 17:47:34.008Z,GAME_ACTION,left,7.0,9.0,,,,7.0,3.0,,,,experienced2,,,
2026-02-03 17:47:34.225Z,GAME_ACTION,left,6.0,9.0,,,,7.0,3.0,,,,experienced2,,,
2026-02-03 17:47:34.630Z,GAME_ACTION,left,5.0,9.0,,,,7.0,3.0,,,,experienced2,,,
2026-02-03 17:47:34.841Z,GAME_ACTION,left,4.0,9.0,,,,7.0,3.0,,,,experienced2,,,
2026-02-03 17:47:35.058Z,GAME_ACTION,left,3.0,9.0,,,,7.0,3.0,,,,experienced2,,,
2026-02-03 17:47:35.433Z,GAME_ACTION,left,2.0,9.0,,,,7.0,3.0,,,,experienced2,,,
2026-02-03 17:47:35.815Z,GAME_ACTION,left,1.0,9.0,,,,7.0,3.0,,,,experienced2,,,
2026-02-03 17:47:36.813Z,GAME_ACTION,down,0.0,9.0,,,,7.0,3.0,,,,experienced2,,,
2026-02-03 17:47:37.181Z,GAME_ACTION,down,0.0,10.0,,,,7.0,3.0,,,,experienced2,,,
2026-02-03 17:47:37.181Z,INTERACTION,,0.0,10.0,,,,7.0,3.0,,,,experienced2,,treasure_interaction,B
2026-02-03 17:47:37.181Z,LEVEL_COMPLETE,,0.0,10.0,,,,7.0,3.0,,,,experienced2,,,
2026-02-03 17:47:40.193Z,LEVEL_COMPLETE,,0.0,10.0,,,,7.0,3.0,16.0,,,experienced2,,,

Level: sm543_1
Timestamp,Type,Player Action,Player X,Player Y,Observed Agent ID,NPC 1 X,NPC 1 Y,NPC 2 X,NPC 2 Y,Steps Remaining,NPC 1 Path Type,NPC 1 Path Index,NPC 2 Path Type,NPC 2 Path Index,Interaction Type,Interaction Details
2026-02-03 17:47:40.316Z,LEVEL_START,,,,,,,,,,,,,,,
2026-02-03 17:47:40.328Z,LEVEL_START,,,,,,,,,,,,,,,
2026-02-03 17:48:01.781Z,AGENT_OBSERVE,,3.0,0.0,2.0,,,9.0,9.0,,,,experienced1,,,
2026-02-03 17:48:02.253Z,AGENT_OBSERVE,,3.0,0.0,2.0,,,8.0,9.0,,,,experienced1,,,
2026-02-03 17:48:02.771Z,AGENT_OBSERVE,,3.0,0.0,2.0,,,7.0,9.0,,,,experienced1,,,
2026-02-03 17:48:03.243Z,AGENT_OBSERVE,,3.0,0.0,2.0,,,6.0,9.0,,,,experienced1,,,
2026-02-03 17:48:03.798Z,AGENT_OBSERVE,,3.0,0.0,2.0,,,5.0,9.0,,,,experienced1,,,
2026-02-03 17:48:04.308Z,AGENT_OBSERVE,,3.0,0.0,2.0,,,5.0,8.0,,,,experienced1,,,
2026-02-03 17:48:04.826Z,AGENT_OBSERVE,,3.0,0.0,2.0,,,5.0,7.0,,,,experienced1,,,
2026-02-03 17:48:05.351Z,AGENT_OBSERVE,,3.0,0.0,2.0,,,5.0,6.0,,,,experienced1,,,
2026-02-03 17:48:05.891Z,AGENT_OBSERVE,,3.0,0.0,2.0,,,5.0,5.0,,,,experienced1,,,
2026-02-03 17:48:06.408Z,AGENT_OBSERVE,,3.0,0.0,2.0,,,5.0,4.0,,,,experienced1,,,
2026-02-03 17:48:08.058Z,AGENT_OBSERVE,,3.0,0.0,2.0,,,5.0,3.0,,,,experienced1,,,
2026-02-03 17:48:08.576Z,AGENT_OBSERVE,,3.0,0.0,2.0,,,5.0,2.0,,,,experienced1,,,
2026-02-03 17:48:09.131Z,AGENT_OBSERVE,,3.0,0.0,2.0,,,4.0,2.0,,,,experienced1,,,
2026-02-03 17:48:09.641Z,AGENT_OBSERVE,,3.0,0.0,2.0,,,3.0,2.0,,,,experienced1,,,
2026-02-03 17:48:10.158Z,AGENT_OBSERVE,,3.0,0.0,2.0,,,3.0,1.0,,,,experienced1,,,
2026-02-03 17:48:10.638Z,AGENT_OBSERVE,,3.0,0.0,2.0,,,3.0,0.0,,,,experienced1,,,
2026-02-03 17:48:11.223Z,AGENT_OBSERVE,,3.0,0.0,2.0,,,4.0,0.0,,,,experienced1,,,
2026-02-03 17:48:13.563Z,GAME_ACTION,right,3.0,0.0,,,,4.0,0.0,,,,experienced1,,,
2026-02-03 17:48:14.013Z,GAME_ACTION,right,4.0,0.0,,,,4.0,0.0,,,,experienced1,,,
2026-02-03 17:48:14.013Z,INTERACTION,,4.0,0.0,,,,4.0,0.0,,,,experienced1,,wizard_interaction,blueAmulet
2026-02-03 17:48:15.108Z,GAME_ACTION,left,4.0,0.0,,,,4.0,0.0,,,,experienced1,,,
2026-02-03 17:48:16.353Z,GAME_ACTION,down,3.0,0.0,,,,4.0,0.0,,,,experienced1,,,
2026-02-03 17:48:16.743Z,GAME_ACTION,down,3.0,1.0,,,,4.0,0.0,,,,experienced1,,,
2026-02-03 17:48:19.368Z,GAME_ACTION,right,3.0,2.0,,,,4.0,0.0,,,,experienced1,,,
2026-02-03 17:48:19.788Z,GAME_ACTION,right,4.0,2.0,,,,4.0,0.0,,,,experienced1,,,
2026-02-03 17:48:22.166Z,GAME_ACTION,down,5.0,2.0,,,,4.0,0.0,,,,experienced1,,,
2026-02-03 17:48:22.443Z,GAME_ACTION,down,5.0,3.0,,,,4.0,0.0,,,,experienced1,,,
2026-02-03 17:48:22.848Z,GAME_ACTION,down,5.0,4.0,,,,4.0,0.0,,,,experienced1,,,
2026-02-03 17:48:23.711Z,GAME_ACTION,left,5.0,5.0,,,,4.0,0.0,,,,experienced1,,,
2026-02-03 17:48:24.087Z,GAME_ACTION,left,4.0,5.0,,,,4.0,0.0,,,,experienced1,,,
2026-02-03 17:48:24.483Z,GAME_ACTION,left,3.0,5.0,,,,4.0,0.0,,,,experienced1,,,
2026-02-03 17:48:24.888Z,GAME_ACTION,left,2.0,5.0,,,,4.0,0.0,,,,experienced1,,,
2026-02-03 17:48:25.376Z,GAME_ACTION,left,1.0,5.0,,,,4.0,0.0,,,,experienced1,,,
2026-02-03 17:48:25.376Z,INTERACTION,,1.0,5.0,,,,4.0,0.0,,,,experienced1,,treasure_interaction,A
2026-02-03 17:48:25.376Z,LEVEL_COMPLETE,,1.0,5.0,,,,4.0,0.0,,,,experienced1,,,
2026-02-03 17:48:28.378Z,LEVEL_COMPLETE,,1.0,5.0,,,,4.0,0.0,5.0,,,experienced1,,,

Level: sm611_1
Timestamp,Type,Player Action,Player X,Player Y,Observed Agent ID,NPC 1 X,NPC 1 Y,NPC 2 X,NPC 2 Y,Steps Remaining,NPC 1 Path Type,NPC 1 Path Index,NPC 2 Path Type,NPC 2 Path Index,Interaction Type,Interaction Details
2026-02-03 17:42:25.111Z,LEVEL_START,,,,,,,,,,,,,,,
2026-02-03 17:42:25.112Z,LEVEL_START,,,,,,,,,,,,,,,
2026-02-03 17:42:41.936Z,AGENT_OBSERVE,,2.0,11.0,2.0,,,6.0,4.0,,,,experienced1,,,
2026-02-03 17:42:44.703Z,AGENT_OBSERVE,,2.0,11.0,2.0,,,5.0,4.0,,,,experienced1,,,
2026-02-03 17:42:52.654Z,GAME_ACTION,up,2.0,11.0,,,,5.0,4.0,,,,experienced1,,,
2026-02-03 17:42:53.036Z,GAME_ACTION,up,2.0,10.0,,,,5.0,4.0,,,,experienced1,,,
2026-02-03 17:42:53.584Z,GAME_ACTION,up,2.0,9.0,,,,5.0,4.0,,,,experienced1,,,
2026-02-03 17:42:54.814Z,GAME_ACTION,right,2.0,8.0,,,,5.0,4.0,,,,experienced1,,,
2026-02-03 17:42:55.076Z,GAME_ACTION,right,3.0,8.0,,,,5.0,4.0,,,,experienced1,,,
2026-02-03 17:42:55.346Z,GAME_ACTION,right,4.0,8.0,,,,5.0,4.0,,,,experienced1,,,
2026-02-03 17:42:55.999Z,GAME_ACTION,right,5.0,8.0,,,,5.0,4.0,,,,experienced1,,,
2026-02-03 17:42:56.710Z,GAME_ACTION,up,6.0,8.0,,,,5.0,4.0,,,,experienced1,,,
2026-02-03 17:42:57.019Z,GAME_ACTION,up,6.0,7.0,,,,5.0,4.0,,,,experienced1,,,
2026-02-03 17:42:57.325Z,GAME_ACTION,up,6.0,6.0,,,,5.0,4.0,,,,experienced1,,,
2026-02-03 17:42:57.724Z,GAME_ACTION,up,6.0,5.0,,,,5.0,4.0,,,,experienced1,,,
2026-02-03 17:42:59.178Z,GAME_ACTION,left,6.0,4.0,,,,5.0,4.0,,,,experienced1,,,
2026-02-03 17:42:59.403Z,GAME_ACTION,left,5.0,4.0,,,,5.0,4.0,,,,experienced1,,,
2026-02-03 17:42:59.620Z,GAME_ACTION,left,4.0,4.0,,,,5.0,4.0,,,,experienced1,,,
2026-02-03 17:42:59.830Z,GAME_ACTION,left,3.0,4.0,,,,5.0,4.0,,,,experienced1,,,
2026-02-03 17:43:00.048Z,GAME_ACTION,left,2.0,4.0,,,,5.0,4.0,,,,experienced1,,,
2026-02-03 17:43:00.310Z,GAME_ACTION,left,1.0,4.0,,,,5.0,4.0,,,,experienced1,,,
2026-02-03 17:43:00.311Z,INTERACTION,,1.0,4.0,,,,5.0,4.0,,,,experienced1,,wizard_interaction,blueAmulet
2026-02-03 17:43:01.488Z,GAME_ACTION,right,1.0,4.0,,,,5.0,4.0,,,,experienced1,,,
2026-02-03 17:43:01.728Z,GAME_ACTION,right,2.0,4.0,,,,5.0,4.0,,,,experienced1,,,
2026-02-03 17:43:01.938Z,GAME_ACTION,right,3.0,4.0,,,,5.0,4.0,,,,experienced1,,,
2026-02-03 17:43:02.141Z,GAME_ACTION,right,4.0,4.0,,,,5.0,4.0,,,,experienced1,,,
2026-02-03 17:43:02.358Z,GAME_ACTION,right,5.0,4.0,,,,5.0,4.0,,,,experienced1,,,
2026-02-03 17:43:03.221Z,GAME_ACTION,up,6.0,4.0,,,,5.0,4.0,,,,experienced1,,,
2026-02-03 17:43:04.376Z,GAME_ACTION,right,6.0,3.0,,,,5.0,4.0,,,,experienced1,,,
2026-02-03 17:43:05.613Z,GAME_ACTION,up,7.0,3.0,,,,5.0,4.0,,,,experienced1,,,
2026-02-03 17:43:05.906Z,GAME_ACTION,up,7.0,2.0,,,,5.0,4.0,,,,experienced1,,,
2026-02-03 17:43:06.228Z,GAME_ACTION,up,7.0,1.0,,,,5.0,4.0,,,,experienced1,,,
2026-02-03 17:43:06.229Z,INTERACTION,,7.0,1.0,,,,5.0,4.0,,,,experienced1,,treasure_interaction,A
2026-02-03 17:43:06.229Z,LEVEL_COMPLETE,,7.0,1.0,,,,5.0,4.0,,,,experienced1,,,
2026-02-03 17:43:09.236Z,LEVEL_COMPLETE,,7.0,1.0,,,,5.0,4.0,24.0,,,experienced1,,,

