Session ID,u1770140744914
Completed At,2026-02-03 18:05:50.410Z
Created At,2026-02-03 17:45:44.914Z

User Data
prolificId,6743905b3105844d1c76e0b5
age,35
gender,female
timestamp,1770141949340

Comprehension Check
Passed,TRUE

Level: comprehension_check
Timestamp,Type,Player Action,Player X,Player Y,Observed Agent ID,NPC 1 X,NPC 1 Y,NPC 2 X,NPC 2 Y,Steps Remaining,NPC 1 Path Type,NPC 1 Path Index,NPC 2 Path Type,NPC 2 Path Index,Interaction Type,Interaction Details
2026-02-03 17:51:39.744Z,INTERACTION,,,,,,,,,,,,,,comprehension_check,failed
2026-02-03 17:51:44.325Z,INTERACTION,,,,,,,,,,,,,,comprehension_check,failed
2026-02-03 17:52:04.953Z,INTERACTION,,,,,,,,,,,,,,comprehension_check,passed

Level: experiment
Timestamp,Type,Player Action,Player X,Player Y,Observed Agent ID,NPC 1 X,NPC 1 Y,NPC 2 X,NPC 2 Y,Steps Remaining,NPC 1 Path Type,NPC 1 Path Index,NPC 2 Path Type,NPC 2 Path Index,Interaction Type,Interaction Details
2026-02-03 18:05:35.142Z,EXPERIMENT_COMPLETE,,,,,,,,,,,,,,,

Level: s111_1
Timestamp,Type,Player Action,Player X,Player Y,Observed Agent ID,NPC 1 X,NPC 1 Y,NPC 2 X,NPC 2 Y,Steps Remaining,NPC 1 Path Type,NPC 1 Path Index,NPC 2 Path Type,NPC 2 Path Index,Interaction Type,Interaction Details
2026-02-03 17:45:45.041Z,LEVEL_START,,,,,,,,,,,,,,,

Level: sm111_1
Timestamp,Type,Player Action,Player X,Player Y,Observed Agent ID,NPC 1 X,NPC 1 Y,NPC 2 X,NPC 2 Y,Steps Remaining,NPC 1 Path Type,NPC 1 Path Index,NPC 2 Path Type,NPC 2 Path Index,Interaction Type,Interaction Details
2026-02-03 17:45:45.141Z,LEVEL_START,,,,,,,,,,,,,,,
2026-02-03 17:52:31.452Z,AGENT_OBSERVE,,5.0,6.0,2.0,,,2.0,8.0,,,,experienced1,,,
2026-02-03 17:52:39.684Z,AGENT_OBSERVE,,5.0,6.0,2.0,,,3.0,8.0,,,,experienced1,,,
2026-02-03 17:52:46.506Z,AGENT_OBSERVE,,5.0,6.0,3.0,1.0,2.0,3.0,8.0,,experienced1,,experienced1,,,
2026-02-03 17:52:47.201Z,AGENT_OBSERVE,,5.0,6.0,3.0,1.0,2.0,3.0,8.0,,experienced1,,experienced1,,,
2026-02-03 17:52:47.773Z,AGENT_OBSERVE,,5.0,6.0,3.0,2.0,2.0,3.0,8.0,,experienced1,,experienced1,,,
2026-02-03 17:52:48.344Z,AGENT_OBSERVE,,5.0,6.0,3.0,3.0,2.0,3.0,8.0,,experienced1,,experienced1,,,
2026-02-03 17:52:49.155Z,AGENT_OBSERVE,,5.0,6.0,3.0,4.0,2.0,3.0,8.0,,experienced1,,experienced1,,,
2026-02-03 17:52:49.664Z,AGENT_OBSERVE,,5.0,6.0,3.0,5.0,2.0,3.0,8.0,,experienced1,,experienced1,,,
2026-02-03 17:52:50.344Z,AGENT_OBSERVE,,5.0,6.0,3.0,5.0,2.0,3.0,8.0,,experienced1,,experienced1,,,
2026-02-03 17:52:51.016Z,AGENT_OBSERVE,,5.0,6.0,3.0,6.0,2.0,3.0,8.0,,experienced1,,experienced1,,,
2026-02-03 17:52:51.815Z,AGENT_OBSERVE,,5.0,6.0,3.0,7.0,2.0,3.0,8.0,,experienced1,,experienced1,,,
2026-02-03 17:52:55.535Z,GAME_ACTION,up,5.0,6.0,,7.0,2.0,3.0,8.0,,experienced1,,experienced1,,,
2026-02-03 17:52:56.456Z,GAME_ACTION,up,5.0,5.0,,7.0,2.0,3.0,8.0,,experienced1,,experienced1,,,
2026-02-03 17:52:57.713Z,GAME_ACTION,right,5.0,4.0,,7.0,2.0,3.0,8.0,,experienced1,,experienced1,,,
2026-02-03 17:52:58.152Z,GAME_ACTION,right,6.0,4.0,,7.0,2.0,3.0,8.0,,experienced1,,experienced1,,,
2026-02-03 17:52:58.471Z,GAME_ACTION,right,7.0,4.0,,7.0,2.0,3.0,8.0,,experienced1,,experienced1,,,
2026-02-03 17:52:58.842Z,GAME_ACTION,right,8.0,4.0,,7.0,2.0,3.0,8.0,,experienced1,,experienced1,,,
2026-02-03 17:52:58.843Z,INTERACTION,,8.0,4.0,,7.0,2.0,3.0,8.0,,experienced1,,experienced1,,wizard_interaction,redAmulet
2026-02-03 17:53:00.353Z,GAME_ACTION,left,8.0,4.0,,7.0,2.0,3.0,8.0,,experienced1,,experienced1,,,
2026-02-03 17:53:00.774Z,GAME_ACTION,left,7.0,4.0,,7.0,2.0,3.0,8.0,,experienced1,,experienced1,,,
2026-02-03 17:53:01.228Z,GAME_ACTION,left,6.0,4.0,,7.0,2.0,3.0,8.0,,experienced1,,experienced1,,,
2026-02-03 17:53:02.591Z,GAME_ACTION,down,5.0,4.0,,7.0,2.0,3.0,8.0,,experienced1,,experienced1,,,
2026-02-03 17:53:02.977Z,GAME_ACTION,down,5.0,5.0,,7.0,2.0,3.0,8.0,,experienced1,,experienced1,,,
2026-02-03 17:53:03.430Z,GAME_ACTION,down,5.0,6.0,,7.0,2.0,3.0,8.0,,experienced1,,experienced1,,,
2026-02-03 17:53:04.821Z,GAME_ACTION,up,5.0,7.0,,7.0,2.0,3.0,8.0,,experienced1,,experienced1,,,
2026-02-03 17:53:05.629Z,GAME_ACTION,left,5.0,6.0,,7.0,2.0,3.0,8.0,,experienced1,,experienced1,,,
2026-02-03 17:53:06.099Z,GAME_ACTION,left,4.0,6.0,,7.0,2.0,3.0,8.0,,experienced1,,experienced1,,,
2026-02-03 17:53:07.672Z,GAME_ACTION,left,3.0,6.0,,7.0,2.0,3.0,8.0,,experienced1,,experienced1,,,
2026-02-03 17:53:08.732Z,GAME_ACTION,right,3.0,6.0,,7.0,2.0,3.0,8.0,,experienced1,,experienced1,,,
2026-02-03 17:53:09.235Z,GAME_ACTION,right,4.0,6.0,,7.0,2.0,3.0,8.0,,experienced1,,experienced1,,,
2026-02-03 17:53:10.108Z,GAME_ACTION,up,5.0,6.0,,7.0,2.0,3.0,8.0,,experienced1,,experienced1,,,
2026-02-03 17:53:10.476Z,GAME_ACTION,up,5.0,5.0,,7.0,2.0,3.0,8.0,,experienced1,,experienced1,,,
2026-02-03 17:53:10.849Z,GAME_ACTION,up,5.0,4.0,,7.0,2.0,3.0,8.0,,experienced1,,experienced1,,,
2026-02-03 17:53:11.101Z,GAME_ACTION,up,5.0,3.0,,7.0,2.0,3.0,8.0,,experienced1,,experienced1,,,
2026-02-03 17:53:11.435Z,GAME_ACTION,up,5.0,2.0,,7.0,2.0,3.0,8.0,,experienced1,,experienced1,,,
2026-02-03 17:53:11.436Z,INTERACTION,,5.0,2.0,,7.0,2.0,3.0,8.0,,experienced1,,experienced1,,wizard_interaction,
2026-02-03 17:53:13.028Z,GAME_ACTION,right,5.0,2.0,,7.0,2.0,3.0,8.0,,experienced1,,experienced1,,,
2026-02-03 17:53:13.314Z,GAME_ACTION,right,6.0,2.0,,7.0,2.0,3.0,8.0,,experienced1,,experienced1,,,
2026-02-03 17:53:13.631Z,GAME_ACTION,right,7.0,2.0,,7.0,2.0,3.0,8.0,,experienced1,,experienced1,,,
2026-02-03 17:53:14.052Z,GAME_ACTION,right,8.0,2.0,,7.0,2.0,3.0,8.0,,experienced1,,experienced1,,,
2026-02-03 17:53:14.939Z,GAME_ACTION,up,9.0,2.0,,7.0,2.0,3.0,8.0,,experienced1,,experienced1,,,
2026-02-03 17:53:14.939Z,INTERACTION,,9.0,2.0,,7.0,2.0,3.0,8.0,,experienced1,,experienced1,,wizard_interaction,blueAmulet
2026-02-03 17:53:16.404Z,GAME_ACTION,left,9.0,2.0,,7.0,2.0,3.0,8.0,,experienced1,,experienced1,,,
2026-02-03 17:53:16.808Z,GAME_ACTION,left,8.0,2.0,,7.0,2.0,3.0,8.0,,experienced1,,experienced1,,,
2026-02-03 17:53:17.226Z,GAME_ACTION,left,7.0,2.0,,7.0,2.0,3.0,8.0,,experienced1,,experienced1,,,
2026-02-03 17:53:18.018Z,GAME_ACTION,left,6.0,2.0,,7.0,2.0,3.0,8.0,,experienced1,,experienced1,,,
2026-02-03 17:53:19.319Z,GAME_ACTION,down,5.0,2.0,,7.0,2.0,3.0,8.0,,experienced1,,experienced1,,,
2026-02-03 17:53:19.688Z,GAME_ACTION,down,5.0,3.0,,7.0,2.0,3.0,8.0,,experienced1,,experienced1,,,
2026-02-03 17:53:20.159Z,GAME_ACTION,down,5.0,4.0,,7.0,2.0,3.0,8.0,,experienced1,,experienced1,,,
2026-02-03 17:53:20.629Z,GAME_ACTION,down,5.0,5.0,,7.0,2.0,3.0,8.0,,experienced1,,experienced1,,,
2026-02-03 17:53:21.733Z,GAME_ACTION,left,5.0,6.0,,7.0,2.0,3.0,8.0,,experienced1,,experienced1,,,
2026-02-03 17:53:22.103Z,GAME_ACTION,left,4.0,6.0,,7.0,2.0,3.0,8.0,,experienced1,,experienced1,,,
2026-02-03 17:53:22.542Z,GAME_ACTION,left,3.0,6.0,,7.0,2.0,3.0,8.0,,experienced1,,experienced1,,,
2026-02-03 17:53:23.149Z,GAME_ACTION,left,2.0,6.0,,7.0,2.0,3.0,8.0,,experienced1,,experienced1,,,
2026-02-03 17:53:23.150Z,INTERACTION,,2.0,6.0,,7.0,2.0,3.0,8.0,,experienced1,,experienced1,,treasure_interaction,A
2026-02-03 17:53:25.885Z,GAME_ACTION,right,1.0,6.0,,7.0,2.0,3.0,8.0,,experienced1,,experienced1,,,
2026-02-03 17:53:31.464Z,INTERACTION,,1.0,6.0,,7.0,2.0,3.0,8.0,,experienced1,,experienced1,,treasure_interaction,A
2026-02-03 17:53:31.464Z,GAME_ACTION,left,2.0,6.0,,7.0,2.0,3.0,8.0,,experienced1,,experienced1,,,
2026-02-03 17:53:35.806Z,GAME_ACTION,right,1.0,6.0,,7.0,2.0,3.0,8.0,,experienced1,,experienced1,,,
2026-02-03 17:53:36.129Z,GAME_ACTION,right,2.0,6.0,,7.0,2.0,3.0,8.0,,experienced1,,experienced1,,,
2026-02-03 17:53:36.548Z,GAME_ACTION,right,3.0,6.0,,7.0,2.0,3.0,8.0,,experienced1,,experienced1,,,
2026-02-03 17:53:37.069Z,GAME_ACTION,right,4.0,6.0,,7.0,2.0,3.0,8.0,,experienced1,,experienced1,,,
2026-02-03 17:53:38.157Z,GAME_ACTION,down,5.0,6.0,,7.0,2.0,3.0,8.0,,experienced1,,experienced1,,,
2026-02-03 17:53:38.457Z,GAME_ACTION,down,5.0,7.0,,7.0,2.0,3.0,8.0,,experienced1,,experienced1,,,
2026-02-03 17:53:38.760Z,GAME_ACTION,down,5.0,8.0,,7.0,2.0,3.0,8.0,,experienced1,,experienced1,,,
2026-02-03 17:53:39.540Z,INTERACTION,,5.0,8.0,,7.0,2.0,3.0,8.0,,experienced1,,experienced1,,treasure_interaction,C
2026-02-03 17:53:39.540Z,GAME_ACTION,down,5.0,9.0,,7.0,2.0,3.0,8.0,,experienced1,,experienced1,,,
2026-02-03 17:53:41.216Z,GAME_ACTION,up,5.0,10.0,,7.0,2.0,3.0,8.0,,experienced1,,experienced1,,,
2026-02-03 17:53:41.703Z,GAME_ACTION,up,5.0,9.0,,7.0,2.0,3.0,8.0,,experienced1,,experienced1,,,
2026-02-03 17:53:42.810Z,GAME_ACTION,right,5.0,8.0,,7.0,2.0,3.0,8.0,,experienced1,,experienced1,,,
2026-02-03 17:53:43.021Z,GAME_ACTION,right,6.0,8.0,,7.0,2.0,3.0,8.0,,experienced1,,experienced1,,,
2026-02-03 17:53:43.400Z,GAME_ACTION,right,7.0,8.0,,7.0,2.0,3.0,8.0,,experienced1,,experienced1,,,
2026-02-03 17:53:43.671Z,GAME_ACTION,right,8.0,8.0,,7.0,2.0,3.0,8.0,,experienced1,,experienced1,,,
2026-02-03 17:53:43.672Z,LEVEL_COMPLETE,,8.0,8.0,,7.0,2.0,3.0,8.0,,experienced1,,experienced1,,,
2026-02-03 17:53:43.672Z,INTERACTION,,8.0,8.0,,7.0,2.0,3.0,8.0,,experienced1,,experienced1,,treasure_interaction,B
2026-02-03 17:53:46.674Z,LEVEL_COMPLETE,,8.0,8.0,,7.0,2.0,3.0,8.0,-73.0,experienced1,,experienced1,,,

Level: sm112_1
Timestamp,Type,Player Action,Player X,Player Y,Observed Agent ID,NPC 1 X,NPC 1 Y,NPC 2 X,NPC 2 Y,Steps Remaining,NPC 1 Path Type,NPC 1 Path Index,NPC 2 Path Type,NPC 2 Path Index,Interaction Type,Interaction Details
2026-02-03 17:53:46.828Z,LEVEL_START,,,,,,,,,,,,,,,
2026-02-03 17:53:46.845Z,LEVEL_START,,,,,,,,,,,,,,,
2026-02-03 17:54:17.575Z,AGENT_OBSERVE,,5.0,6.0,2.0,,,5.0,5.0,,,,experienced1,,,
2026-02-03 17:54:29.512Z,GAME_ACTION,down,5.0,6.0,,,,5.0,5.0,,,,experienced1,,,
2026-02-03 17:54:30.459Z,GAME_ACTION,down,5.0,7.0,,,,5.0,5.0,,,,experienced1,,,
2026-02-03 17:54:31.958Z,GAME_ACTION,left,5.0,8.0,,,,5.0,5.0,,,,experienced1,,,
2026-02-03 17:54:32.179Z,GAME_ACTION,left,4.0,8.0,,,,5.0,5.0,,,,experienced1,,,
2026-02-03 17:54:32.425Z,GAME_ACTION,left,3.0,8.0,,,,5.0,5.0,,,,experienced1,,,
2026-02-03 17:54:32.729Z,GAME_ACTION,left,2.0,8.0,,,,5.0,5.0,,,,experienced1,,,
2026-02-03 17:54:34.098Z,GAME_ACTION,down,1.0,8.0,,,,5.0,5.0,,,,experienced1,,,
2026-02-03 17:54:34.371Z,GAME_ACTION,down,1.0,9.0,,,,5.0,5.0,,,,experienced1,,,
2026-02-03 17:54:34.372Z,INTERACTION,,1.0,9.0,,,,5.0,5.0,,,,experienced1,,wizard_interaction,redAmulet
2026-02-03 17:54:37.369Z,GAME_ACTION,up,1.0,9.0,,,,5.0,5.0,,,,experienced1,,,
2026-02-03 17:54:38.625Z,GAME_ACTION,right,1.0,8.0,,,,5.0,5.0,,,,experienced1,,,
2026-02-03 17:54:38.874Z,GAME_ACTION,right,2.0,8.0,,,,5.0,5.0,,,,experienced1,,,
2026-02-03 17:54:39.264Z,GAME_ACTION,right,3.0,8.0,,,,5.0,5.0,,,,experienced1,,,
2026-02-03 17:54:40.000Z,GAME_ACTION,right,4.0,8.0,,,,5.0,5.0,,,,experienced1,,,
2026-02-03 17:54:41.994Z,GAME_ACTION,up,5.0,8.0,,,,5.0,5.0,,,,experienced1,,,
2026-02-03 17:54:42.525Z,GAME_ACTION,up,5.0,7.0,,,,5.0,5.0,,,,experienced1,,,
2026-02-03 17:54:44.352Z,GAME_ACTION,up,5.0,6.0,,,,5.0,5.0,,,,experienced1,,,
2026-02-03 17:54:48.050Z,AGENT_OBSERVE,,5.0,5.0,3.0,4.0,2.0,5.0,5.0,,experienced1,,experienced1,,,
2026-02-03 17:54:48.050Z,AGENT_OBSERVE,,5.0,5.0,3.0,4.0,2.0,5.0,5.0,,experienced1,,experienced1,,,
2026-02-03 17:54:49.505Z,AGENT_OBSERVE,,5.0,5.0,3.0,3.0,2.0,5.0,5.0,,experienced1,,experienced1,,,
2026-02-03 17:54:49.505Z,AGENT_OBSERVE,,5.0,5.0,3.0,3.0,2.0,5.0,5.0,,experienced1,,experienced1,,,
2026-02-03 17:54:50.483Z,AGENT_OBSERVE,,5.0,5.0,3.0,3.0,2.0,5.0,5.0,,experienced1,,experienced1,,,
2026-02-03 17:54:50.483Z,AGENT_OBSERVE,,5.0,5.0,3.0,3.0,2.0,5.0,5.0,,experienced1,,experienced1,,,
2026-02-03 17:54:51.512Z,AGENT_OBSERVE,,5.0,5.0,3.0,2.0,2.0,5.0,5.0,,experienced1,,experienced1,,,
2026-02-03 17:54:51.512Z,AGENT_OBSERVE,,5.0,5.0,3.0,2.0,2.0,5.0,5.0,,experienced1,,experienced1,,,
2026-02-03 17:54:53.897Z,GAME_ACTION,up,5.0,5.0,,2.0,2.0,5.0,5.0,,experienced1,,experienced1,,,
2026-02-03 17:54:53.897Z,GAME_ACTION,up,5.0,5.0,,2.0,2.0,5.0,5.0,,experienced1,,experienced1,,,
2026-02-03 17:54:54.400Z,GAME_ACTION,up,5.0,4.0,,2.0,2.0,5.0,5.0,,experienced1,,experienced1,,,
2026-02-03 17:54:54.400Z,GAME_ACTION,up,5.0,4.0,,2.0,2.0,5.0,5.0,,experienced1,,experienced1,,,
2026-02-03 17:54:54.937Z,GAME_ACTION,up,5.0,3.0,,2.0,2.0,5.0,5.0,,experienced1,,experienced1,,,
2026-02-03 17:54:54.937Z,GAME_ACTION,up,5.0,3.0,,2.0,2.0,5.0,5.0,,experienced1,,experienced1,,,
2026-02-03 17:54:56.064Z,GAME_ACTION,left,5.0,2.0,,2.0,2.0,5.0,5.0,,experienced1,,experienced1,,,
2026-02-03 17:54:56.064Z,GAME_ACTION,left,5.0,2.0,,2.0,2.0,5.0,5.0,,experienced1,,experienced1,,,
2026-02-03 17:54:56.383Z,GAME_ACTION,left,4.0,2.0,,2.0,2.0,5.0,5.0,,experienced1,,experienced1,,,
2026-02-03 17:54:56.383Z,GAME_ACTION,left,4.0,2.0,,2.0,2.0,5.0,5.0,,experienced1,,experienced1,,,
2026-02-03 17:54:56.870Z,GAME_ACTION,left,3.0,2.0,,2.0,2.0,5.0,5.0,,experienced1,,experienced1,,,
2026-02-03 17:54:56.870Z,GAME_ACTION,left,3.0,2.0,,2.0,2.0,5.0,5.0,,experienced1,,experienced1,,,
2026-02-03 17:54:57.328Z,GAME_ACTION,left,2.0,2.0,,2.0,2.0,5.0,5.0,,experienced1,,experienced1,,,
2026-02-03 17:54:57.328Z,GAME_ACTION,left,2.0,2.0,,2.0,2.0,5.0,5.0,,experienced1,,experienced1,,,
2026-02-03 17:54:58.223Z,INTERACTION,,2.0,2.0,,2.0,2.0,5.0,5.0,,experienced1,,experienced1,,wizard_interaction,
2026-02-03 17:54:58.223Z,INTERACTION,,2.0,2.0,,2.0,2.0,5.0,5.0,,experienced1,,experienced1,,wizard_interaction,
2026-02-03 17:54:58.223Z,GAME_ACTION,up,1.0,2.0,,2.0,2.0,5.0,5.0,,experienced1,,experienced1,,,
2026-02-03 17:54:58.223Z,GAME_ACTION,up,1.0,2.0,,2.0,2.0,5.0,5.0,,experienced1,,experienced1,,,
2026-02-03 17:55:01.605Z,GAME_ACTION,right,1.0,2.0,,2.0,2.0,5.0,5.0,,experienced1,,experienced1,,,
2026-02-03 17:55:01.605Z,GAME_ACTION,right,1.0,2.0,,2.0,2.0,5.0,5.0,,experienced1,,experienced1,,,
2026-02-03 17:55:02.009Z,GAME_ACTION,right,2.0,2.0,,2.0,2.0,5.0,5.0,,experienced1,,experienced1,,,
2026-02-03 17:55:02.009Z,GAME_ACTION,right,2.0,2.0,,2.0,2.0,5.0,5.0,,experienced1,,experienced1,,,
2026-02-03 17:55:03.017Z,GAME_ACTION,up,3.0,2.0,,2.0,2.0,5.0,5.0,,experienced1,,experienced1,,,
2026-02-03 17:55:03.017Z,INTERACTION,,3.0,2.0,,2.0,2.0,5.0,5.0,,experienced1,,experienced1,,wizard_interaction,
2026-02-03 17:55:03.017Z,GAME_ACTION,up,3.0,2.0,,2.0,2.0,5.0,5.0,,experienced1,,experienced1,,,
2026-02-03 17:55:03.017Z,INTERACTION,,3.0,2.0,,2.0,2.0,5.0,5.0,,experienced1,,experienced1,,wizard_interaction,
2026-02-03 17:55:05.845Z,GAME_ACTION,down,3.0,2.0,,2.0,2.0,5.0,5.0,,experienced1,,experienced1,,,
2026-02-03 17:55:05.845Z,GAME_ACTION,down,3.0,2.0,,2.0,2.0,5.0,5.0,,experienced1,,experienced1,,,
2026-02-03 17:55:07.511Z,GAME_ACTION,right,3.0,2.0,,2.0,2.0,5.0,5.0,,experienced1,,experienced1,,,
2026-02-03 17:55:07.511Z,GAME_ACTION,right,3.0,2.0,,2.0,2.0,5.0,5.0,,experienced1,,experienced1,,,
2026-02-03 17:55:07.898Z,GAME_ACTION,right,4.0,2.0,,2.0,2.0,5.0,5.0,,experienced1,,experienced1,,,
2026-02-03 17:55:07.898Z,GAME_ACTION,right,4.0,2.0,,2.0,2.0,5.0,5.0,,experienced1,,experienced1,,,
2026-02-03 17:55:09.021Z,GAME_ACTION,down,5.0,2.0,,2.0,2.0,5.0,5.0,,experienced1,,experienced1,,,
2026-02-03 17:55:09.021Z,GAME_ACTION,down,5.0,2.0,,2.0,2.0,5.0,5.0,,experienced1,,experienced1,,,
2026-02-03 17:55:09.424Z,GAME_ACTION,down,5.0,3.0,,2.0,2.0,5.0,5.0,,experienced1,,experienced1,,,
2026-02-03 17:55:09.424Z,GAME_ACTION,down,5.0,3.0,,2.0,2.0,5.0,5.0,,experienced1,,experienced1,,,
2026-02-03 17:55:10.400Z,GAME_ACTION,right,5.0,4.0,,2.0,2.0,5.0,5.0,,experienced1,,experienced1,,,
2026-02-03 17:55:10.400Z,GAME_ACTION,right,5.0,4.0,,2.0,2.0,5.0,5.0,,experienced1,,experienced1,,,
2026-02-03 17:55:10.631Z,GAME_ACTION,right,6.0,4.0,,2.0,2.0,5.0,5.0,,experienced1,,experienced1,,,
2026-02-03 17:55:10.631Z,GAME_ACTION,right,6.0,4.0,,2.0,2.0,5.0,5.0,,experienced1,,experienced1,,,
2026-02-03 17:55:10.887Z,GAME_ACTION,right,7.0,4.0,,2.0,2.0,5.0,5.0,,experienced1,,experienced1,,,
2026-02-03 17:55:10.887Z,GAME_ACTION,right,7.0,4.0,,2.0,2.0,5.0,5.0,,experienced1,,experienced1,,,
2026-02-03 17:55:11.238Z,INTERACTION,,7.0,4.0,,2.0,2.0,5.0,5.0,,experienced1,,experienced1,,wizard_interaction,blueAmulet
2026-02-03 17:55:11.238Z,GAME_ACTION,right,8.0,4.0,,2.0,2.0,5.0,5.0,,experienced1,,experienced1,,,
2026-02-03 17:55:11.238Z,INTERACTION,,8.0,4.0,,2.0,2.0,5.0,5.0,,experienced1,,experienced1,,wizard_interaction,blueAmulet
2026-02-03 17:55:11.238Z,GAME_ACTION,right,8.0,4.0,,2.0,2.0,5.0,5.0,,experienced1,,experienced1,,,
2026-02-03 17:55:12.819Z,GAME_ACTION,left,8.0,4.0,,2.0,2.0,5.0,5.0,,experienced1,,experienced1,,,
2026-02-03 17:55:12.819Z,GAME_ACTION,left,8.0,4.0,,2.0,2.0,5.0,5.0,,experienced1,,experienced1,,,
2026-02-03 17:55:13.071Z,GAME_ACTION,left,7.0,4.0,,2.0,2.0,5.0,5.0,,experienced1,,experienced1,,,
2026-02-03 17:55:13.071Z,GAME_ACTION,left,7.0,4.0,,2.0,2.0,5.0,5.0,,experienced1,,experienced1,,,
2026-02-03 17:55:13.339Z,GAME_ACTION,left,6.0,4.0,,2.0,2.0,5.0,5.0,,experienced1,,experienced1,,,
2026-02-03 17:55:13.339Z,GAME_ACTION,left,6.0,4.0,,2.0,2.0,5.0,5.0,,experienced1,,experienced1,,,
2026-02-03 17:55:14.518Z,GAME_ACTION,down,5.0,4.0,,2.0,2.0,5.0,5.0,,experienced1,,experienced1,,,
2026-02-03 17:55:14.518Z,GAME_ACTION,down,5.0,4.0,,2.0,2.0,5.0,5.0,,experienced1,,experienced1,,,
2026-02-03 17:55:14.989Z,GAME_ACTION,down,5.0,5.0,,2.0,2.0,5.0,5.0,,experienced1,,experienced1,,,
2026-02-03 17:55:14.989Z,GAME_ACTION,down,5.0,5.0,,2.0,2.0,5.0,5.0,,experienced1,,experienced1,,,
2026-02-03 17:55:15.904Z,GAME_ACTION,left,5.0,6.0,,2.0,2.0,5.0,5.0,,experienced1,,experienced1,,,
2026-02-03 17:55:15.904Z,GAME_ACTION,left,5.0,6.0,,2.0,2.0,5.0,5.0,,experienced1,,experienced1,,,
2026-02-03 17:55:16.744Z,GAME_ACTION,left,4.0,6.0,,2.0,2.0,5.0,5.0,,experienced1,,experienced1,,,
2026-02-03 17:55:16.744Z,GAME_ACTION,left,4.0,6.0,,2.0,2.0,5.0,5.0,,experienced1,,experienced1,,,
2026-02-03 17:55:17.520Z,GAME_ACTION,left,3.0,6.0,,2.0,2.0,5.0,5.0,,experienced1,,experienced1,,,
2026-02-03 17:55:17.520Z,GAME_ACTION,left,3.0,6.0,,2.0,2.0,5.0,5.0,,experienced1,,experienced1,,,
2026-02-03 17:55:18.072Z,LEVEL_COMPLETE,,3.0,6.0,,2.0,2.0,5.0,5.0,,experienced1,,experienced1,,,
2026-02-03 17:55:18.072Z,GAME_ACTION,left,2.0,6.0,,2.0,2.0,5.0,5.0,,experienced1,,experienced1,,,
2026-02-03 17:55:18.072Z,INTERACTION,,2.0,6.0,,2.0,2.0,5.0,5.0,,experienced1,,experienced1,,treasure_interaction,A
2026-02-03 17:55:21.073Z,LEVEL_COMPLETE,,2.0,6.0,,2.0,2.0,5.0,5.0,-25.0,experienced1,,experienced1,,,

Level: sm331_2
Timestamp,Type,Player Action,Player X,Player Y,Observed Agent ID,NPC 1 X,NPC 1 Y,NPC 2 X,NPC 2 Y,Steps Remaining,NPC 1 Path Type,NPC 1 Path Index,NPC 2 Path Type,NPC 2 Path Index,Interaction Type,Interaction Details
2026-02-03 18:02:59.458Z,LEVEL_START,,,,,,,,,,,,,,,
2026-02-03 18:02:59.465Z,LEVEL_START,,,,,,,,,,,,,,,
2026-02-03 18:03:17.998Z,GAME_ACTION,up,3.0,11.0,,,,,,,,,,,,
2026-02-03 18:03:18.372Z,GAME_ACTION,up,3.0,10.0,,,,,,,,,,,,
2026-02-03 18:03:18.693Z,GAME_ACTION,up,3.0,9.0,,,,,,,,,,,,
2026-02-03 18:03:18.979Z,GAME_ACTION,up,3.0,8.0,,,,,,,,,,,,
2026-02-03 18:03:19.264Z,GAME_ACTION,up,3.0,7.0,,,,,,,,,,,,
2026-02-03 18:03:19.565Z,GAME_ACTION,up,3.0,6.0,,,,,,,,,,,,
2026-02-03 18:03:19.852Z,GAME_ACTION,up,3.0,5.0,,,,,,,,,,,,
2026-02-03 18:03:21.741Z,GAME_ACTION,up,3.0,4.0,,,,,,,,,,,,
2026-02-03 18:03:25.249Z,AGENT_OBSERVE,,3.0,3.0,3.0,1.0,2.0,,,,experienced2,,,,,
2026-02-03 18:03:26.101Z,AGENT_OBSERVE,,3.0,3.0,3.0,1.0,2.0,,,,experienced2,,,,,
2026-02-03 18:03:27.668Z,AGENT_OBSERVE,,3.0,3.0,3.0,2.0,2.0,,,,experienced2,,,,,
2026-02-03 18:03:28.228Z,AGENT_OBSERVE,,3.0,3.0,3.0,3.0,2.0,,,,experienced2,,,,,
2026-02-03 18:03:28.822Z,AGENT_OBSERVE,,3.0,3.0,3.0,4.0,2.0,,,,experienced2,,,,,
2026-02-03 18:03:29.400Z,AGENT_OBSERVE,,3.0,3.0,3.0,5.0,2.0,,,,experienced2,,,,,
2026-02-03 18:03:29.993Z,AGENT_OBSERVE,,3.0,3.0,3.0,6.0,2.0,,,,experienced2,,,,,
2026-02-03 18:03:32.058Z,GAME_ACTION,up,3.0,3.0,,6.0,2.0,,,,experienced2,,,,,
2026-02-03 18:03:33.529Z,GAME_ACTION,left,3.0,2.0,,6.0,2.0,,,,experienced2,,,,,
2026-02-03 18:03:33.813Z,GAME_ACTION,left,2.0,2.0,,6.0,2.0,,,,experienced2,,,,,
2026-02-03 18:03:34.117Z,GAME_ACTION,left,1.0,2.0,,6.0,2.0,,,,experienced2,,,,,
2026-02-03 18:03:34.117Z,INTERACTION,,1.0,2.0,,6.0,2.0,,,,experienced2,,,,wizard_interaction,blueAmulet
2026-02-03 18:03:37.982Z,GAME_ACTION,right,1.0,2.0,,6.0,2.0,,,,experienced2,,,,,
2026-02-03 18:03:38.265Z,GAME_ACTION,right,2.0,2.0,,6.0,2.0,,,,experienced2,,,,,
2026-02-03 18:03:38.494Z,GAME_ACTION,right,3.0,2.0,,6.0,2.0,,,,experienced2,,,,,
2026-02-03 18:03:38.733Z,GAME_ACTION,right,4.0,2.0,,6.0,2.0,,,,experienced2,,,,,
2026-02-03 18:03:38.983Z,GAME_ACTION,right,5.0,2.0,,6.0,2.0,,,,experienced2,,,,,
2026-02-03 18:03:39.233Z,GAME_ACTION,right,6.0,2.0,,6.0,2.0,,,,experienced2,,,,,
2026-02-03 18:03:39.466Z,GAME_ACTION,right,7.0,2.0,,6.0,2.0,,,,experienced2,,,,,
2026-02-03 18:03:39.733Z,GAME_ACTION,right,8.0,2.0,,6.0,2.0,,,,experienced2,,,,,
2026-02-03 18:03:40.084Z,GAME_ACTION,right,9.0,2.0,,6.0,2.0,,,,experienced2,,,,,
2026-02-03 18:03:40.891Z,GAME_ACTION,up,10.0,2.0,,6.0,2.0,,,,experienced2,,,,,
2026-02-03 18:03:41.142Z,GAME_ACTION,up,10.0,1.0,,6.0,2.0,,,,experienced2,,,,,
2026-02-03 18:03:41.143Z,INTERACTION,,10.0,1.0,,6.0,2.0,,,,experienced2,,,,treasure_interaction,A
2026-02-03 18:03:41.143Z,LEVEL_COMPLETE,,10.0,1.0,,6.0,2.0,,,,experienced2,,,,,
2026-02-03 18:03:44.144Z,LEVEL_COMPLETE,,10.0,1.0,,6.0,2.0,,,16.0,experienced2,,,,,

Level: sm341_1
Timestamp,Type,Player Action,Player X,Player Y,Observed Agent ID,NPC 1 X,NPC 1 Y,NPC 2 X,NPC 2 Y,Steps Remaining,NPC 1 Path Type,NPC 1 Path Index,NPC 2 Path Type,NPC 2 Path Index,Interaction Type,Interaction Details
2026-02-03 18:03:44.336Z,LEVEL_START,,,,,,,,,,,,,,,
2026-02-03 18:03:44.342Z,LEVEL_START,,,,,,,,,,,,,,,
2026-02-03 18:04:42.752Z,GAME_ACTION,right,0.0,8.0,,,,,,,,,,,,
2026-02-03 18:04:43.055Z,GAME_ACTION,right,1.0,8.0,,,,,,,,,,,,
2026-02-03 18:04:44.092Z,GAME_ACTION,up,2.0,8.0,,,,,,,,,,,,
2026-02-03 18:04:44.311Z,GAME_ACTION,up,2.0,7.0,,,,,,,,,,,,
2026-02-03 18:04:46.005Z,GAME_ACTION,up,2.0,6.0,,,,,,,,,,,,
2026-02-03 18:04:46.375Z,GAME_ACTION,up,2.0,5.0,,,,,,,,,,,,
2026-02-03 18:04:50.894Z,AGENT_OBSERVE,,2.0,4.0,2.0,,,7.0,2.0,,,,experienced1,,,
2026-02-03 18:05:00.909Z,AGENT_OBSERVE,,2.0,4.0,2.0,,,7.0,1.0,,,,experienced1,,,
2026-02-03 18:05:01.502Z,AGENT_OBSERVE,,2.0,4.0,2.0,,,7.0,1.0,,,,experienced1,,,
2026-02-03 18:05:04.895Z,AGENT_OBSERVE,,2.0,4.0,2.0,,,7.0,2.0,,,,experienced1,,,
2026-02-03 18:05:05.666Z,AGENT_OBSERVE,,2.0,4.0,2.0,,,7.0,3.0,,,,experienced1,,,
2026-02-03 18:05:06.193Z,AGENT_OBSERVE,,2.0,4.0,2.0,,,8.0,3.0,,,,experienced1,,,
2026-02-03 18:05:12.373Z,AGENT_OBSERVE,,2.0,4.0,3.0,0.0,2.0,8.0,3.0,,experienced1,,experienced1,,,
2026-02-03 18:05:13.263Z,AGENT_OBSERVE,,2.0,4.0,3.0,0.0,2.0,8.0,3.0,,experienced1,,experienced1,,,
2026-02-03 18:05:13.967Z,AGENT_OBSERVE,,2.0,4.0,3.0,0.0,3.0,8.0,3.0,,experienced1,,experienced1,,,
2026-02-03 18:05:14.438Z,AGENT_OBSERVE,,2.0,4.0,3.0,0.0,4.0,8.0,3.0,,experienced1,,experienced1,,,
2026-02-03 18:05:16.651Z,GAME_ACTION,up,2.0,4.0,,0.0,4.0,8.0,3.0,,experienced1,,experienced1,,,
2026-02-03 18:05:17.779Z,GAME_ACTION,left,2.0,3.0,,0.0,4.0,8.0,3.0,,experienced1,,experienced1,,,
2026-02-03 18:05:18.282Z,GAME_ACTION,left,1.0,3.0,,0.0,4.0,8.0,3.0,,experienced1,,experienced1,,,
2026-02-03 18:05:19.650Z,GAME_ACTION,down,0.0,3.0,,0.0,4.0,8.0,3.0,,experienced1,,experienced1,,,
2026-02-03 18:05:19.882Z,GAME_ACTION,down,0.0,4.0,,0.0,4.0,8.0,3.0,,experienced1,,experienced1,,,
2026-02-03 18:05:20.170Z,GAME_ACTION,down,0.0,5.0,,0.0,4.0,8.0,3.0,,experienced1,,experienced1,,,
2026-02-03 18:05:20.170Z,INTERACTION,,0.0,5.0,,0.0,4.0,8.0,3.0,,experienced1,,experienced1,,wizard_interaction,blueAmulet
2026-02-03 18:05:23.308Z,GAME_ACTION,up,0.0,5.0,,0.0,4.0,8.0,3.0,,experienced1,,experienced1,,,
2026-02-03 18:05:23.594Z,GAME_ACTION,up,0.0,4.0,,0.0,4.0,8.0,3.0,,experienced1,,experienced1,,,
2026-02-03 18:05:24.828Z,GAME_ACTION,right,0.0,3.0,,0.0,4.0,8.0,3.0,,experienced1,,experienced1,,,
2026-02-03 18:05:25.047Z,GAME_ACTION,right,1.0,3.0,,0.0,4.0,8.0,3.0,,experienced1,,experienced1,,,
2026-02-03 18:05:26.488Z,GAME_ACTION,down,2.0,3.0,,0.0,4.0,8.0,3.0,,experienced1,,experienced1,,,
2026-02-03 18:05:26.891Z,GAME_ACTION,down,2.0,4.0,,0.0,4.0,8.0,3.0,,experienced1,,experienced1,,,
2026-02-03 18:05:27.144Z,GAME_ACTION,down,2.0,5.0,,0.0,4.0,8.0,3.0,,experienced1,,experienced1,,,
2026-02-03 18:05:27.428Z,GAME_ACTION,down,2.0,6.0,,0.0,4.0,8.0,3.0,,experienced1,,experienced1,,,
2026-02-03 18:05:28.030Z,GAME_ACTION,down,2.0,7.0,,0.0,4.0,8.0,3.0,,experienced1,,experienced1,,,
2026-02-03 18:05:29.881Z,GAME_ACTION,right,2.0,8.0,,0.0,4.0,8.0,3.0,,experienced1,,experienced1,,,
2026-02-03 18:05:30.298Z,GAME_ACTION,right,3.0,8.0,,0.0,4.0,8.0,3.0,,experienced1,,experienced1,,,
2026-02-03 18:05:30.958Z,GAME_ACTION,right,4.0,8.0,,0.0,4.0,8.0,3.0,,experienced1,,experienced1,,,
2026-02-03 18:05:31.511Z,GAME_ACTION,down,5.0,8.0,,0.0,4.0,8.0,3.0,,experienced1,,experienced1,,,
2026-02-03 18:05:31.781Z,GAME_ACTION,down,5.0,9.0,,0.0,4.0,8.0,3.0,,experienced1,,experienced1,,,
2026-02-03 18:05:32.026Z,GAME_ACTION,down,5.0,10.0,,0.0,4.0,8.0,3.0,,experienced1,,experienced1,,,
2026-02-03 18:05:32.026Z,INTERACTION,,5.0,10.0,,0.0,4.0,8.0,3.0,,experienced1,,experienced1,,treasure_interaction,B
2026-02-03 18:05:32.026Z,LEVEL_COMPLETE,,5.0,10.0,,0.0,4.0,8.0,3.0,,experienced1,,experienced1,,,
2026-02-03 18:05:35.028Z,LEVEL_COMPLETE,,5.0,10.0,,0.0,4.0,8.0,3.0,16.0,experienced1,,experienced1,,,

Level: sm351_2
Timestamp,Type,Player Action,Player X,Player Y,Observed Agent ID,NPC 1 X,NPC 1 Y,NPC 2 X,NPC 2 Y,Steps Remaining,NPC 1 Path Type,NPC 1 Path Index,NPC 2 Path Type,NPC 2 Path Index,Interaction Type,Interaction Details
2026-02-03 17:57:52.128Z,LEVEL_START,,,,,,,,,,,,,,,
2026-02-03 17:57:52.129Z,LEVEL_START,,,,,,,,,,,,,,,
2026-02-03 17:58:18.663Z,AGENT_OBSERVE,,10.0,11.0,3.0,5.0,2.0,,,,experienced2,,,,,
2026-02-03 17:58:19.177Z,AGENT_OBSERVE,,10.0,11.0,3.0,5.0,2.0,,,,experienced2,,,,,
2026-02-03 17:58:19.933Z,AGENT_OBSERVE,,10.0,11.0,3.0,5.0,3.0,,,,experienced2,,,,,
2026-02-03 17:58:20.441Z,AGENT_OBSERVE,,10.0,11.0,3.0,6.0,3.0,,,,experienced2,,,,,
2026-02-03 17:58:21.200Z,AGENT_OBSERVE,,10.0,11.0,3.0,7.0,3.0,,,,experienced2,,,,,
2026-02-03 17:58:21.672Z,AGENT_OBSERVE,,10.0,11.0,3.0,7.0,2.0,,,,experienced2,,,,,
2026-02-03 17:58:22.248Z,AGENT_OBSERVE,,10.0,11.0,3.0,7.0,2.0,,,,experienced2,,,,,
2026-02-03 17:58:22.992Z,AGENT_OBSERVE,,10.0,11.0,3.0,7.0,3.0,,,,experienced2,,,,,
2026-02-03 17:58:23.620Z,AGENT_OBSERVE,,10.0,11.0,3.0,8.0,3.0,,,,experienced2,,,,,
2026-02-03 17:58:26.903Z,GAME_ACTION,left,10.0,11.0,,8.0,3.0,,,,experienced2,,,,,
2026-02-03 17:58:27.156Z,GAME_ACTION,left,9.0,11.0,,8.0,3.0,,,,experienced2,,,,,
2026-02-03 17:58:27.372Z,GAME_ACTION,left,8.0,11.0,,8.0,3.0,,,,experienced2,,,,,
2026-02-03 17:58:27.673Z,GAME_ACTION,left,7.0,11.0,,8.0,3.0,,,,experienced2,,,,,
2026-02-03 17:58:28.376Z,GAME_ACTION,left,6.0,11.0,,8.0,3.0,,,,experienced2,,,,,
2026-02-03 17:58:29.572Z,GAME_ACTION,up,5.0,11.0,,8.0,3.0,,,,experienced2,,,,,
2026-02-03 17:58:29.906Z,GAME_ACTION,up,5.0,10.0,,8.0,3.0,,,,experienced2,,,,,
2026-02-03 17:58:30.308Z,GAME_ACTION,up,5.0,9.0,,8.0,3.0,,,,experienced2,,,,,
2026-02-03 17:58:30.531Z,GAME_ACTION,up,5.0,8.0,,8.0,3.0,,,,experienced2,,,,,
2026-02-03 17:58:30.777Z,GAME_ACTION,up,5.0,7.0,,8.0,3.0,,,,experienced2,,,,,
2026-02-03 17:58:31.061Z,GAME_ACTION,up,5.0,6.0,,8.0,3.0,,,,experienced2,,,,,
2026-02-03 17:58:31.429Z,GAME_ACTION,up,5.0,5.0,,8.0,3.0,,,,experienced2,,,,,
2026-02-03 17:58:31.988Z,GAME_ACTION,up,5.0,4.0,,8.0,3.0,,,,experienced2,,,,,
2026-02-03 17:58:32.892Z,GAME_ACTION,right,5.0,3.0,,8.0,3.0,,,,experienced2,,,,,
2026-02-03 17:58:33.275Z,GAME_ACTION,right,6.0,3.0,,8.0,3.0,,,,experienced2,,,,,
2026-02-03 17:58:33.743Z,GAME_ACTION,right,7.0,3.0,,8.0,3.0,,,,experienced2,,,,,
2026-02-03 17:58:34.202Z,GAME_ACTION,right,8.0,3.0,,8.0,3.0,,,,experienced2,,,,,
2026-02-03 17:58:34.706Z,GAME_ACTION,right,9.0,3.0,,8.0,3.0,,,,experienced2,,,,,
2026-02-03 17:58:35.459Z,GAME_ACTION,up,10.0,3.0,,8.0,3.0,,,,experienced2,,,,,
2026-02-03 17:58:35.945Z,GAME_ACTION,up,10.0,2.0,,8.0,3.0,,,,experienced2,,,,,
2026-02-03 17:58:35.945Z,INTERACTION,,10.0,2.0,,8.0,3.0,,,,experienced2,,,,wizard_interaction,blueAmulet
2026-02-03 17:58:38.556Z,GAME_ACTION,down,10.0,2.0,,8.0,3.0,,,,experienced2,,,,,
2026-02-03 17:58:39.832Z,GAME_ACTION,left,10.0,3.0,,8.0,3.0,,,,experienced2,,,,,
2026-02-03 17:58:40.166Z,GAME_ACTION,left,9.0,3.0,,8.0,3.0,,,,experienced2,,,,,
2026-02-03 17:58:40.486Z,GAME_ACTION,left,8.0,3.0,,8.0,3.0,,,,experienced2,,,,,
2026-02-03 17:58:40.889Z,GAME_ACTION,left,7.0,3.0,,8.0,3.0,,,,experienced2,,,,,
2026-02-03 17:58:41.561Z,GAME_ACTION,left,6.0,3.0,,8.0,3.0,,,,experienced2,,,,,
2026-02-03 17:58:43.290Z,GAME_ACTION,down,5.0,3.0,,8.0,3.0,,,,experienced2,,,,,
2026-02-03 17:58:43.577Z,GAME_ACTION,down,5.0,4.0,,8.0,3.0,,,,experienced2,,,,,
2026-02-03 17:58:43.964Z,GAME_ACTION,down,5.0,5.0,,8.0,3.0,,,,experienced2,,,,,
2026-02-03 17:58:44.700Z,GAME_ACTION,down,5.0,6.0,,8.0,3.0,,,,experienced2,,,,,
2026-02-03 17:58:45.071Z,GAME_ACTION,down,5.0,7.0,,8.0,3.0,,,,experienced2,,,,,
2026-02-03 17:58:45.641Z,GAME_ACTION,down,5.0,8.0,,8.0,3.0,,,,experienced2,,,,,
2026-02-03 17:58:46.600Z,GAME_ACTION,right,5.0,9.0,,8.0,3.0,,,,experienced2,,,,,
2026-02-03 17:58:46.971Z,GAME_ACTION,right,6.0,9.0,,8.0,3.0,,,,experienced2,,,,,
2026-02-03 17:58:47.473Z,GAME_ACTION,right,7.0,9.0,,8.0,3.0,,,,experienced2,,,,,
2026-02-03 17:58:47.998Z,GAME_ACTION,right,8.0,9.0,,8.0,3.0,,,,experienced2,,,,,
2026-02-03 17:58:48.534Z,GAME_ACTION,right,9.0,9.0,,8.0,3.0,,,,experienced2,,,,,
2026-02-03 17:58:48.534Z,INTERACTION,,9.0,9.0,,8.0,3.0,,,,experienced2,,,,treasure_interaction,C
2026-02-03 17:58:48.534Z,LEVEL_COMPLETE,,9.0,9.0,,8.0,3.0,,,,experienced2,,,,,
2026-02-03 17:58:51.536Z,LEVEL_COMPLETE,,9.0,9.0,,8.0,3.0,,,17.0,experienced2,,,,,

Level: sm371_2
Timestamp,Type,Player Action,Player X,Player Y,Observed Agent ID,NPC 1 X,NPC 1 Y,NPC 2 X,NPC 2 Y,Steps Remaining,NPC 1 Path Type,NPC 1 Path Index,NPC 2 Path Type,NPC 2 Path Index,Interaction Type,Interaction Details
2026-02-03 17:59:58.476Z,LEVEL_START,,,,,,,,,,,,,,,
2026-02-03 17:59:58.476Z,LEVEL_START,,,,,,,,,,,,,,,
2026-02-03 18:00:14.244Z,GAME_ACTION,up,0.0,3.0,,,,,,,,,,,,
2026-02-03 18:00:14.660Z,GAME_ACTION,up,0.0,2.0,,,,,,,,,,,,
2026-02-03 18:00:14.661Z,INTERACTION,,0.0,2.0,,,,,,,,,,,wizard_interaction,
2026-02-03 18:00:16.745Z,GAME_ACTION,down,0.0,2.0,,,,,,,,,,,,
2026-02-03 18:00:17.094Z,GAME_ACTION,down,0.0,3.0,,,,,,,,,,,,
2026-02-03 18:00:17.495Z,GAME_ACTION,down,0.0,4.0,,,,,,,,,,,,
2026-02-03 18:00:17.495Z,INTERACTION,,0.0,4.0,,,,,,,,,,,wizard_interaction,blueAmulet
2026-02-03 18:00:18.679Z,GAME_ACTION,up,0.0,4.0,,,,,,,,,,,,
2026-02-03 18:00:21.047Z,GAME_ACTION,right,0.0,3.0,,,,,,,,,,,,
2026-02-03 18:00:21.431Z,GAME_ACTION,right,1.0,3.0,,,,,,,,,,,,
2026-02-03 18:00:21.836Z,GAME_ACTION,right,2.0,3.0,,,,,,,,,,,,
2026-02-03 18:00:22.085Z,GAME_ACTION,right,3.0,3.0,,,,,,,,,,,,
2026-02-03 18:00:22.338Z,GAME_ACTION,right,4.0,3.0,,,,,,,,,,,,
2026-02-03 18:00:22.556Z,GAME_ACTION,right,5.0,3.0,,,,,,,,,,,,
2026-02-03 18:00:22.823Z,GAME_ACTION,right,6.0,3.0,,,,,,,,,,,,
2026-02-03 18:00:23.141Z,GAME_ACTION,right,7.0,3.0,,,,,,,,,,,,
2026-02-03 18:00:23.694Z,GAME_ACTION,right,8.0,3.0,,,,,,,,,,,,
2026-02-03 18:00:24.380Z,GAME_ACTION,up,9.0,3.0,,,,,,,,,,,,
2026-02-03 18:00:24.783Z,GAME_ACTION,up,9.0,2.0,,,,,,,,,,,,
2026-02-03 18:00:25.389Z,GAME_ACTION,up,9.0,1.0,,,,,,,,,,,,
2026-02-03 18:00:25.389Z,INTERACTION,,9.0,1.0,,,,,,,,,,,treasure_interaction,A
2026-02-03 18:00:25.389Z,LEVEL_COMPLETE,,9.0,1.0,,,,,,,,,,,,
2026-02-03 18:00:28.390Z,LEVEL_COMPLETE,,9.0,1.0,,,,,,11.0,,,,,,

Level: sm411_2
Timestamp,Type,Player Action,Player X,Player Y,Observed Agent ID,NPC 1 X,NPC 1 Y,NPC 2 X,NPC 2 Y,Steps Remaining,NPC 1 Path Type,NPC 1 Path Index,NPC 2 Path Type,NPC 2 Path Index,Interaction Type,Interaction Details
2026-02-03 18:00:28.588Z,LEVEL_START,,,,,,,,,,,,,,,
2026-02-03 18:00:28.594Z,LEVEL_START,,,,,,,,,,,,,,,
2026-02-03 18:00:53.603Z,AGENT_OBSERVE,,6.0,6.0,2.0,,,2.0,4.0,,,,experienced2,,,
2026-02-03 18:00:54.131Z,AGENT_OBSERVE,,6.0,6.0,2.0,,,2.0,3.0,,,,experienced2,,,
2026-02-03 18:00:54.671Z,AGENT_OBSERVE,,6.0,6.0,2.0,,,3.0,3.0,,,,experienced2,,,
2026-02-03 18:00:55.450Z,AGENT_OBSERVE,,6.0,6.0,2.0,,,4.0,3.0,,,,experienced2,,,
2026-02-03 18:00:56.056Z,AGENT_OBSERVE,,6.0,6.0,2.0,,,5.0,3.0,,,,experienced2,,,
2026-02-03 18:00:58.659Z,GAME_ACTION,down,6.0,7.0,,,,5.0,3.0,,,,experienced2,,,
2026-02-03 18:00:59.160Z,GAME_ACTION,down,6.0,8.0,,,,5.0,3.0,,,,experienced2,,,
2026-02-03 18:01:00.118Z,GAME_ACTION,left,6.0,9.0,,,,5.0,3.0,,,,experienced2,,,
2026-02-03 18:01:00.504Z,GAME_ACTION,left,5.0,9.0,,,,5.0,3.0,,,,experienced2,,,
2026-02-03 18:01:00.775Z,GAME_ACTION,left,4.0,9.0,,,,5.0,3.0,,,,experienced2,,,
2026-02-03 18:01:01.323Z,GAME_ACTION,left,3.0,9.0,,,,5.0,3.0,,,,experienced2,,,
2026-02-03 18:01:02.188Z,GAME_ACTION,up,2.0,9.0,,,,5.0,3.0,,,,experienced2,,,
2026-02-03 18:01:02.604Z,GAME_ACTION,up,2.0,8.0,,,,5.0,3.0,,,,experienced2,,,
2026-02-03 18:01:02.823Z,GAME_ACTION,up,2.0,7.0,,,,5.0,3.0,,,,experienced2,,,
2026-02-03 18:01:03.107Z,GAME_ACTION,up,2.0,6.0,,,,5.0,3.0,,,,experienced2,,,
2026-02-03 18:01:03.509Z,GAME_ACTION,up,2.0,5.0,,,,5.0,3.0,,,,experienced2,,,
2026-02-03 18:01:03.944Z,GAME_ACTION,up,2.0,4.0,,,,5.0,3.0,,,,experienced2,,,
2026-02-03 18:01:04.904Z,GAME_ACTION,right,2.0,3.0,,,,5.0,3.0,,,,experienced2,,,
2026-02-03 18:01:05.308Z,GAME_ACTION,right,3.0,3.0,,,,5.0,3.0,,,,experienced2,,,
2026-02-03 18:01:05.643Z,GAME_ACTION,right,4.0,3.0,,,,5.0,3.0,,,,experienced2,,,
2026-02-03 18:01:05.865Z,GAME_ACTION,right,5.0,3.0,,,,5.0,3.0,,,,experienced2,,,
2026-02-03 18:01:06.112Z,GAME_ACTION,right,6.0,3.0,,,,5.0,3.0,,,,experienced2,,,
2026-02-03 18:01:06.362Z,GAME_ACTION,right,7.0,3.0,,,,5.0,3.0,,,,experienced2,,,
2026-02-03 18:01:06.680Z,GAME_ACTION,right,8.0,3.0,,,,5.0,3.0,,,,experienced2,,,
2026-02-03 18:01:07.250Z,GAME_ACTION,right,9.0,3.0,,,,5.0,3.0,,,,experienced2,,,
2026-02-03 18:01:08.184Z,GAME_ACTION,up,10.0,3.0,,,,5.0,3.0,,,,experienced2,,,
2026-02-03 18:01:08.488Z,GAME_ACTION,up,10.0,2.0,,,,5.0,3.0,,,,experienced2,,,
2026-02-03 18:01:08.488Z,INTERACTION,,10.0,2.0,,,,5.0,3.0,,,,experienced2,,wizard_interaction,blueAmulet
2026-02-03 18:01:12.273Z,GAME_ACTION,down,10.0,2.0,,,,5.0,3.0,,,,experienced2,,,
2026-02-03 18:01:13.215Z,GAME_ACTION,left,10.0,3.0,,,,5.0,3.0,,,,experienced2,,,
2026-02-03 18:01:13.433Z,GAME_ACTION,left,9.0,3.0,,,,5.0,3.0,,,,experienced2,,,
2026-02-03 18:01:13.889Z,GAME_ACTION,left,8.0,3.0,,,,5.0,3.0,,,,experienced2,,,
2026-02-03 18:01:14.175Z,GAME_ACTION,left,7.0,3.0,,,,5.0,3.0,,,,experienced2,,,
2026-02-03 18:01:14.472Z,GAME_ACTION,left,6.0,3.0,,,,5.0,3.0,,,,experienced2,,,
2026-02-03 18:01:14.889Z,GAME_ACTION,left,5.0,3.0,,,,5.0,3.0,,,,experienced2,,,
2026-02-03 18:01:15.831Z,GAME_ACTION,left,4.0,3.0,,,,5.0,3.0,,,,experienced2,,,
2026-02-03 18:01:16.698Z,GAME_ACTION,left,3.0,3.0,,,,5.0,3.0,,,,experienced2,,,
2026-02-03 18:01:17.708Z,GAME_ACTION,down,2.0,3.0,,,,5.0,3.0,,,,experienced2,,,
2026-02-03 18:01:17.912Z,GAME_ACTION,down,2.0,4.0,,,,5.0,3.0,,,,experienced2,,,
2026-02-03 18:01:18.311Z,GAME_ACTION,down,2.0,5.0,,,,5.0,3.0,,,,experienced2,,,
2026-02-03 18:01:18.561Z,GAME_ACTION,down,2.0,6.0,,,,5.0,3.0,,,,experienced2,,,
2026-02-03 18:01:18.948Z,GAME_ACTION,down,2.0,7.0,,,,5.0,3.0,,,,experienced2,,,
2026-02-03 18:01:19.435Z,GAME_ACTION,down,2.0,8.0,,,,5.0,3.0,,,,experienced2,,,
2026-02-03 18:01:20.566Z,GAME_ACTION,left,2.0,9.0,,,,5.0,3.0,,,,experienced2,,,
2026-02-03 18:01:20.986Z,GAME_ACTION,left,1.0,9.0,,,,5.0,3.0,,,,experienced2,,,
2026-02-03 18:01:21.941Z,GAME_ACTION,down,0.0,9.0,,,,5.0,3.0,,,,experienced2,,,
2026-02-03 18:01:22.195Z,GAME_ACTION,down,0.0,10.0,,,,5.0,3.0,,,,experienced2,,,
2026-02-03 18:01:22.195Z,INTERACTION,,0.0,10.0,,,,5.0,3.0,,,,experienced2,,treasure_interaction,B
2026-02-03 18:01:22.195Z,LEVEL_COMPLETE,,0.0,10.0,,,,5.0,3.0,,,,experienced2,,,
2026-02-03 18:01:25.196Z,LEVEL_COMPLETE,,0.0,10.0,,,,5.0,3.0,21.0,,,experienced2,,,

Level: sm421_1
Timestamp,Type,Player Action,Player X,Player Y,Observed Agent ID,NPC 1 X,NPC 1 Y,NPC 2 X,NPC 2 Y,Steps Remaining,NPC 1 Path Type,NPC 1 Path Index,NPC 2 Path Type,NPC 2 Path Index,Interaction Type,Interaction Details
2026-02-03 17:55:21.254Z,LEVEL_START,,,,,,,,,,,,,,,
2026-02-03 17:55:21.254Z,LEVEL_START,,,,,,,,,,,,,,,
2026-02-03 17:56:00.008Z,GAME_ACTION,right,0.0,9.0,,,,,,,,,,,,
2026-02-03 17:56:00.433Z,GAME_ACTION,right,1.0,9.0,,,,,,,,,,,,
2026-02-03 17:56:00.836Z,GAME_ACTION,right,2.0,9.0,,,,,,,,,,,,
2026-02-03 17:56:01.290Z,GAME_ACTION,right,3.0,9.0,,,,,,,,,,,,
2026-02-03 17:56:01.811Z,GAME_ACTION,right,4.0,9.0,,,,,,,,,,,,
2026-02-03 17:56:12.330Z,AGENT_OBSERVE,,5.0,9.0,3.0,9.0,9.0,,,,experienced1,,,,,
2026-02-03 17:56:12.833Z,AGENT_OBSERVE,,5.0,9.0,3.0,9.0,9.0,,,,experienced1,,,,,
2026-02-03 17:56:13.543Z,AGENT_OBSERVE,,5.0,9.0,3.0,8.0,9.0,,,,experienced1,,,,,
2026-02-03 17:56:14.036Z,AGENT_OBSERVE,,5.0,9.0,3.0,8.0,8.0,,,,experienced1,,,,,
2026-02-03 17:56:14.814Z,AGENT_OBSERVE,,5.0,9.0,3.0,8.0,7.0,,,,experienced1,,,,,
2026-02-03 17:56:15.320Z,AGENT_OBSERVE,,5.0,9.0,3.0,9.0,7.0,,,,experienced1,,,,,
2026-02-03 17:56:15.930Z,AGENT_OBSERVE,,5.0,9.0,3.0,9.0,7.0,,,,experienced1,,,,,
2026-02-03 17:56:16.585Z,AGENT_OBSERVE,,5.0,9.0,3.0,8.0,7.0,,,,experienced1,,,,,
2026-02-03 17:56:17.213Z,AGENT_OBSERVE,,5.0,9.0,3.0,8.0,6.0,,,,experienced1,,,,,
2026-02-03 17:56:17.739Z,AGENT_OBSERVE,,5.0,9.0,3.0,8.0,5.0,,,,experienced1,,,,,
2026-02-03 17:56:18.382Z,AGENT_OBSERVE,,5.0,9.0,3.0,9.0,5.0,,,,experienced1,,,,,
2026-02-03 17:56:18.906Z,AGENT_OBSERVE,,5.0,9.0,3.0,9.0,5.0,,,,experienced1,,,,,
2026-02-03 17:56:19.516Z,AGENT_OBSERVE,,5.0,9.0,3.0,8.0,5.0,,,,experienced1,,,,,
2026-02-03 17:56:20.103Z,AGENT_OBSERVE,,5.0,9.0,3.0,8.0,4.0,,,,experienced1,,,,,
2026-02-03 17:56:21.984Z,GAME_ACTION,right,5.0,9.0,,8.0,4.0,,,,experienced1,,,,,
2026-02-03 17:56:22.270Z,GAME_ACTION,right,6.0,9.0,,8.0,4.0,,,,experienced1,,,,,
2026-02-03 17:56:22.938Z,GAME_ACTION,right,7.0,9.0,,8.0,4.0,,,,experienced1,,,,,
2026-02-03 17:56:24.643Z,GAME_ACTION,up,8.0,9.0,,8.0,4.0,,,,experienced1,,,,,
2026-02-03 17:56:25.044Z,GAME_ACTION,up,8.0,8.0,,8.0,4.0,,,,experienced1,,,,,
2026-02-03 17:56:25.714Z,GAME_ACTION,up,8.0,7.0,,8.0,4.0,,,,experienced1,,,,,
2026-02-03 17:56:26.151Z,GAME_ACTION,up,8.0,6.0,,8.0,4.0,,,,experienced1,,,,,
2026-02-03 17:56:26.654Z,GAME_ACTION,up,8.0,5.0,,8.0,4.0,,,,experienced1,,,,,
2026-02-03 17:56:27.176Z,GAME_ACTION,up,8.0,4.0,,8.0,4.0,,,,experienced1,,,,,
2026-02-03 17:56:28.308Z,GAME_ACTION,left,8.0,3.0,,8.0,4.0,,,,experienced1,,,,,
2026-02-03 17:56:28.591Z,GAME_ACTION,left,7.0,3.0,,8.0,4.0,,,,experienced1,,,,,
2026-02-03 17:56:28.860Z,GAME_ACTION,left,6.0,3.0,,8.0,4.0,,,,experienced1,,,,,
2026-02-03 17:56:29.143Z,GAME_ACTION,left,5.0,3.0,,8.0,4.0,,,,experienced1,,,,,
2026-02-03 17:56:29.444Z,GAME_ACTION,left,4.0,3.0,,8.0,4.0,,,,experienced1,,,,,
2026-02-03 17:56:29.914Z,GAME_ACTION,left,3.0,3.0,,8.0,4.0,,,,experienced1,,,,,
2026-02-03 17:56:30.638Z,GAME_ACTION,up,2.0,3.0,,8.0,4.0,,,,experienced1,,,,,
2026-02-03 17:56:30.922Z,GAME_ACTION,up,2.0,2.0,,8.0,4.0,,,,experienced1,,,,,
2026-02-03 17:56:31.224Z,GAME_ACTION,up,2.0,1.0,,8.0,4.0,,,,experienced1,,,,,
2026-02-03 17:56:31.224Z,INTERACTION,,2.0,1.0,,8.0,4.0,,,,experienced1,,,,wizard_interaction,blueAmulet
2026-02-03 17:56:34.836Z,GAME_ACTION,down,2.0,1.0,,8.0,4.0,,,,experienced1,,,,,
2026-02-03 17:56:35.239Z,GAME_ACTION,down,2.0,2.0,,8.0,4.0,,,,experienced1,,,,,
2026-02-03 17:56:36.761Z,GAME_ACTION,right,2.0,3.0,,8.0,4.0,,,,experienced1,,,,,
2026-02-03 17:56:37.014Z,GAME_ACTION,right,3.0,3.0,,8.0,4.0,,,,experienced1,,,,,
2026-02-03 17:56:37.247Z,GAME_ACTION,right,4.0,3.0,,8.0,4.0,,,,experienced1,,,,,
2026-02-03 17:56:37.497Z,GAME_ACTION,right,5.0,3.0,,8.0,4.0,,,,experienced1,,,,,
2026-02-03 17:56:37.782Z,GAME_ACTION,right,6.0,3.0,,8.0,4.0,,,,experienced1,,,,,
2026-02-03 17:56:38.349Z,GAME_ACTION,right,7.0,3.0,,8.0,4.0,,,,experienced1,,,,,
2026-02-03 17:56:39.241Z,GAME_ACTION,down,8.0,3.0,,8.0,4.0,,,,experienced1,,,,,
2026-02-03 17:56:39.447Z,GAME_ACTION,down,8.0,4.0,,8.0,4.0,,,,experienced1,,,,,
2026-02-03 17:56:39.662Z,GAME_ACTION,down,8.0,5.0,,8.0,4.0,,,,experienced1,,,,,
2026-02-03 17:56:39.947Z,GAME_ACTION,down,8.0,6.0,,8.0,4.0,,,,experienced1,,,,,
2026-02-03 17:56:40.447Z,GAME_ACTION,down,8.0,7.0,,8.0,4.0,,,,experienced1,,,,,
2026-02-03 17:56:40.785Z,GAME_ACTION,down,8.0,8.0,,8.0,4.0,,,,experienced1,,,,,
2026-02-03 17:56:42.003Z,GAME_ACTION,left,8.0,9.0,,8.0,4.0,,,,experienced1,,,,,
2026-02-03 17:56:42.255Z,GAME_ACTION,left,7.0,9.0,,8.0,4.0,,,,experienced1,,,,,
2026-02-03 17:56:42.522Z,GAME_ACTION,left,6.0,9.0,,8.0,4.0,,,,experienced1,,,,,
2026-02-03 17:56:42.823Z,GAME_ACTION,left,5.0,9.0,,8.0,4.0,,,,experienced1,,,,,
2026-02-03 17:56:43.310Z,GAME_ACTION,left,4.0,9.0,,8.0,4.0,,,,experienced1,,,,,
2026-02-03 17:56:44.654Z,GAME_ACTION,left,3.0,9.0,,8.0,4.0,,,,experienced1,,,,,
2026-02-03 17:56:45.058Z,GAME_ACTION,left,2.0,9.0,,8.0,4.0,,,,experienced1,,,,,
2026-02-03 17:56:45.445Z,GAME_ACTION,left,1.0,9.0,,8.0,4.0,,,,experienced1,,,,,
2026-02-03 17:56:46.949Z,GAME_ACTION,down,0.0,9.0,,8.0,4.0,,,,experienced1,,,,,
2026-02-03 17:56:47.187Z,GAME_ACTION,down,0.0,10.0,,8.0,4.0,,,,experienced1,,,,,
2026-02-03 17:56:47.188Z,INTERACTION,,0.0,10.0,,8.0,4.0,,,,experienced1,,,,treasure_interaction,B
2026-02-03 17:56:47.188Z,LEVEL_COMPLETE,,0.0,10.0,,8.0,4.0,,,,experienced1,,,,,
2026-02-03 17:56:50.189Z,LEVEL_COMPLETE,,0.0,10.0,,8.0,4.0,,,12.0,experienced1,,,,,

Level: sm431_1
Timestamp,Type,Player Action,Player X,Player Y,Observed Agent ID,NPC 1 X,NPC 1 Y,NPC 2 X,NPC 2 Y,Steps Remaining,NPC 1 Path Type,NPC 1 Path Index,NPC 2 Path Type,NPC 2 Path Index,Interaction Type,Interaction Details
2026-02-03 18:01:25.378Z,LEVEL_START,,,,,,,,,,,,,,,
2026-02-03 18:01:25.378Z,LEVEL_START,,,,,,,,,,,,,,,
2026-02-03 18:01:48.194Z,AGENT_OBSERVE,,5.0,9.0,2.0,,,0.0,5.0,,,,experienced1,,,
2026-02-03 18:01:48.739Z,AGENT_OBSERVE,,5.0,9.0,2.0,,,0.0,4.0,,,,experienced1,,,
2026-02-03 18:01:49.234Z,AGENT_OBSERVE,,5.0,9.0,2.0,,,0.0,3.0,,,,experienced1,,,
2026-02-03 18:01:49.701Z,AGENT_OBSERVE,,5.0,9.0,2.0,,,1.0,3.0,,,,experienced1,,,
2026-02-03 18:01:50.477Z,AGENT_OBSERVE,,5.0,9.0,2.0,,,2.0,3.0,,,,experienced1,,,
2026-02-03 18:01:51.038Z,AGENT_OBSERVE,,5.0,9.0,2.0,,,3.0,3.0,,,,experienced1,,,
2026-02-03 18:01:53.613Z,GAME_ACTION,left,5.0,9.0,,,,3.0,3.0,,,,experienced1,,,
2026-02-03 18:01:54.221Z,GAME_ACTION,left,4.0,9.0,,,,3.0,3.0,,,,experienced1,,,
2026-02-03 18:01:55.647Z,GAME_ACTION,up,3.0,9.0,,,,3.0,3.0,,,,experienced1,,,
2026-02-03 18:01:55.951Z,GAME_ACTION,up,3.0,8.0,,,,3.0,3.0,,,,experienced1,,,
2026-02-03 18:01:56.202Z,GAME_ACTION,up,3.0,7.0,,,,3.0,3.0,,,,experienced1,,,
2026-02-03 18:01:56.468Z,GAME_ACTION,up,3.0,6.0,,,,3.0,3.0,,,,experienced1,,,
2026-02-03 18:01:57.652Z,GAME_ACTION,left,3.0,5.0,,,,3.0,3.0,,,,experienced1,,,
2026-02-03 18:01:58.114Z,GAME_ACTION,left,2.0,5.0,,,,3.0,3.0,,,,experienced1,,,
2026-02-03 18:01:58.468Z,GAME_ACTION,left,1.0,5.0,,,,3.0,3.0,,,,experienced1,,,
2026-02-03 18:01:59.429Z,GAME_ACTION,up,0.0,5.0,,,,3.0,3.0,,,,experienced1,,,
2026-02-03 18:01:59.748Z,GAME_ACTION,up,0.0,4.0,,,,3.0,3.0,,,,experienced1,,,
2026-02-03 18:02:00.741Z,GAME_ACTION,right,0.0,3.0,,,,3.0,3.0,,,,experienced1,,,
2026-02-03 18:02:01.203Z,GAME_ACTION,right,1.0,3.0,,,,3.0,3.0,,,,experienced1,,,
2026-02-03 18:02:01.505Z,GAME_ACTION,right,2.0,3.0,,,,3.0,3.0,,,,experienced1,,,
2026-02-03 18:02:01.882Z,GAME_ACTION,right,3.0,3.0,,,,3.0,3.0,,,,experienced1,,,
2026-02-03 18:02:02.873Z,GAME_ACTION,up,4.0,3.0,,,,3.0,3.0,,,,experienced1,,,
2026-02-03 18:02:03.106Z,INTERACTION,,4.0,3.0,,,,3.0,3.0,,,,experienced1,,wizard_interaction,blueAmulet
2026-02-03 18:02:03.106Z,GAME_ACTION,up,4.0,2.0,,,,3.0,3.0,,,,experienced1,,,
2026-02-03 18:02:07.169Z,GAME_ACTION,down,4.0,2.0,,,,3.0,3.0,,,,experienced1,,,
2026-02-03 18:02:07.589Z,GAME_ACTION,down,4.0,3.0,,,,3.0,3.0,,,,experienced1,,,
2026-02-03 18:02:09.042Z,GAME_ACTION,left,4.0,3.0,,,,3.0,3.0,,,,experienced1,,,
2026-02-03 18:02:09.260Z,GAME_ACTION,left,3.0,3.0,,,,3.0,3.0,,,,experienced1,,,
2026-02-03 18:02:09.660Z,GAME_ACTION,left,2.0,3.0,,,,3.0,3.0,,,,experienced1,,,
2026-02-03 18:02:10.186Z,GAME_ACTION,left,1.0,3.0,,,,3.0,3.0,,,,experienced1,,,
2026-02-03 18:02:11.284Z,GAME_ACTION,down,0.0,3.0,,,,3.0,3.0,,,,experienced1,,,
2026-02-03 18:02:11.490Z,GAME_ACTION,down,0.0,4.0,,,,3.0,3.0,,,,experienced1,,,
2026-02-03 18:02:12.595Z,GAME_ACTION,right,0.0,5.0,,,,3.0,3.0,,,,experienced1,,,
2026-02-03 18:02:12.932Z,GAME_ACTION,right,1.0,5.0,,,,3.0,3.0,,,,experienced1,,,
2026-02-03 18:02:13.320Z,GAME_ACTION,right,2.0,5.0,,,,3.0,3.0,,,,experienced1,,,
2026-02-03 18:02:15.388Z,GAME_ACTION,down,3.0,5.0,,,,3.0,3.0,,,,experienced1,,,
2026-02-03 18:02:15.925Z,GAME_ACTION,down,3.0,6.0,,,,3.0,3.0,,,,experienced1,,,
2026-02-03 18:02:16.245Z,GAME_ACTION,down,3.0,7.0,,,,3.0,3.0,,,,experienced1,,,
2026-02-03 18:02:17.085Z,GAME_ACTION,down,3.0,8.0,,,,3.0,3.0,,,,experienced1,,,
2026-02-03 18:02:18.187Z,GAME_ACTION,left,3.0,9.0,,,,3.0,3.0,,,,experienced1,,,
2026-02-03 18:02:18.439Z,GAME_ACTION,left,2.0,9.0,,,,3.0,3.0,,,,experienced1,,,
2026-02-03 18:02:18.740Z,GAME_ACTION,left,1.0,9.0,,,,3.0,3.0,,,,experienced1,,,
2026-02-03 18:02:20.036Z,GAME_ACTION,down,0.0,9.0,,,,3.0,3.0,,,,experienced1,,,
2026-02-03 18:02:20.758Z,GAME_ACTION,down,0.0,10.0,,,,3.0,3.0,,,,experienced1,,,
2026-02-03 18:02:20.758Z,INTERACTION,,0.0,10.0,,,,3.0,3.0,,,,experienced1,,treasure_interaction,B
2026-02-03 18:02:20.758Z,LEVEL_COMPLETE,,0.0,10.0,,,,3.0,3.0,,,,experienced1,,,
2026-02-03 18:02:23.760Z,LEVEL_COMPLETE,,0.0,10.0,,,,3.0,3.0,18.0,,,experienced1,,,

Level: sm531_1
Timestamp,Type,Player Action,Player X,Player Y,Observed Agent ID,NPC 1 X,NPC 1 Y,NPC 2 X,NPC 2 Y,Steps Remaining,NPC 1 Path Type,NPC 1 Path Index,NPC 2 Path Type,NPC 2 Path Index,Interaction Type,Interaction Details
2026-02-03 17:56:50.378Z,LEVEL_START,,,,,,,,,,,,,,,
2026-02-03 17:56:50.401Z,LEVEL_START,,,,,,,,,,,,,,,
2026-02-03 17:57:23.614Z,AGENT_OBSERVE,,0.0,11.0,3.0,0.0,1.0,,,,experienced1,,,,,
2026-02-03 17:57:24.177Z,AGENT_OBSERVE,,0.0,11.0,3.0,0.0,1.0,,,,experienced1,,,,,
2026-02-03 17:57:24.834Z,AGENT_OBSERVE,,0.0,11.0,3.0,0.0,2.0,,,,experienced1,,,,,
2026-02-03 17:57:25.543Z,AGENT_OBSERVE,,0.0,11.0,3.0,1.0,2.0,,,,experienced1,,,,,
2026-02-03 17:57:25.965Z,AGENT_OBSERVE,,0.0,11.0,3.0,2.0,2.0,,,,experienced1,,,,,
2026-02-03 17:57:26.403Z,AGENT_OBSERVE,,0.0,11.0,3.0,3.0,2.0,,,,experienced1,,,,,
2026-02-03 17:57:26.838Z,AGENT_OBSERVE,,0.0,11.0,3.0,4.0,2.0,,,,experienced1,,,,,
2026-02-03 17:57:27.350Z,AGENT_OBSERVE,,0.0,11.0,3.0,4.0,1.0,,,,experienced1,,,,,
2026-02-03 17:57:33.171Z,GAME_ACTION,up,0.0,11.0,,4.0,1.0,,,,experienced1,,,,,
2026-02-03 17:57:33.430Z,GAME_ACTION,up,0.0,10.0,,4.0,1.0,,,,experienced1,,,,,
2026-02-03 17:57:33.680Z,GAME_ACTION,up,0.0,9.0,,4.0,1.0,,,,experienced1,,,,,
2026-02-03 17:57:33.947Z,GAME_ACTION,up,0.0,8.0,,4.0,1.0,,,,experienced1,,,,,
2026-02-03 17:57:35.670Z,GAME_ACTION,right,0.0,7.0,,4.0,1.0,,,,experienced1,,,,,
2026-02-03 17:57:35.891Z,GAME_ACTION,right,1.0,7.0,,4.0,1.0,,,,experienced1,,,,,
2026-02-03 17:57:36.209Z,GAME_ACTION,right,2.0,7.0,,4.0,1.0,,,,experienced1,,,,,
2026-02-03 17:57:36.746Z,GAME_ACTION,right,3.0,7.0,,4.0,1.0,,,,experienced1,,,,,
2026-02-03 17:57:37.483Z,GAME_ACTION,up,4.0,7.0,,4.0,1.0,,,,experienced1,,,,,
2026-02-03 17:57:37.886Z,GAME_ACTION,up,4.0,6.0,,4.0,1.0,,,,experienced1,,,,,
2026-02-03 17:57:38.189Z,GAME_ACTION,up,4.0,5.0,,4.0,1.0,,,,experienced1,,,,,
2026-02-03 17:57:38.576Z,GAME_ACTION,up,4.0,4.0,,4.0,1.0,,,,experienced1,,,,,
2026-02-03 17:57:38.930Z,GAME_ACTION,up,4.0,3.0,,4.0,1.0,,,,experienced1,,,,,
2026-02-03 17:57:39.399Z,GAME_ACTION,up,4.0,2.0,,4.0,1.0,,,,experienced1,,,,,
2026-02-03 17:57:39.978Z,GAME_ACTION,up,4.0,1.0,,4.0,1.0,,,,experienced1,,,,,
2026-02-03 17:57:39.978Z,INTERACTION,,4.0,1.0,,4.0,1.0,,,,experienced1,,,,wizard_interaction,blueAmulet
2026-02-03 17:57:43.008Z,GAME_ACTION,down,4.0,1.0,,4.0,1.0,,,,experienced1,,,,,
2026-02-03 17:57:43.514Z,GAME_ACTION,down,4.0,2.0,,4.0,1.0,,,,experienced1,,,,,
2026-02-03 17:57:43.799Z,GAME_ACTION,down,4.0,3.0,,4.0,1.0,,,,experienced1,,,,,
2026-02-03 17:57:44.367Z,GAME_ACTION,down,4.0,4.0,,4.0,1.0,,,,experienced1,,,,,
2026-02-03 17:57:45.191Z,GAME_ACTION,down,4.0,5.0,,4.0,1.0,,,,experienced1,,,,,
2026-02-03 17:57:45.861Z,GAME_ACTION,down,4.0,6.0,,4.0,1.0,,,,experienced1,,,,,
2026-02-03 17:57:47.296Z,GAME_ACTION,right,4.0,7.0,,4.0,1.0,,,,experienced1,,,,,
2026-02-03 17:57:47.649Z,GAME_ACTION,right,5.0,7.0,,4.0,1.0,,,,experienced1,,,,,
2026-02-03 17:57:48.019Z,GAME_ACTION,right,6.0,7.0,,4.0,1.0,,,,experienced1,,,,,
2026-02-03 17:57:48.269Z,GAME_ACTION,right,7.0,7.0,,4.0,1.0,,,,experienced1,,,,,
2026-02-03 17:57:48.539Z,GAME_ACTION,right,8.0,7.0,,4.0,1.0,,,,experienced1,,,,,
2026-02-03 17:57:48.956Z,GAME_ACTION,right,9.0,7.0,,4.0,1.0,,,,experienced1,,,,,
2026-02-03 17:57:48.956Z,INTERACTION,,9.0,7.0,,4.0,1.0,,,,experienced1,,,,treasure_interaction,A
2026-02-03 17:57:48.956Z,LEVEL_COMPLETE,,9.0,7.0,,4.0,1.0,,,,experienced1,,,,,
2026-02-03 17:57:51.958Z,LEVEL_COMPLETE,,9.0,7.0,,4.0,1.0,,,18.0,experienced1,,,,,

Level: sm543_2
Timestamp,Type,Player Action,Player X,Player Y,Observed Agent ID,NPC 1 X,NPC 1 Y,NPC 2 X,NPC 2 Y,Steps Remaining,NPC 1 Path Type,NPC 1 Path Index,NPC 2 Path Type,NPC 2 Path Index,Interaction Type,Interaction Details
2026-02-03 18:02:23.935Z,LEVEL_START,,,,,,,,,,,,,,,
2026-02-03 18:02:23.935Z,LEVEL_START,,,,,,,,,,,,,,,
2026-02-03 18:02:41.588Z,GAME_ACTION,left,3.0,0.0,,,,,,,,,,,,
2026-02-03 18:02:41.909Z,GAME_ACTION,left,2.0,0.0,,,,,,,,,,,,
2026-02-03 18:02:41.909Z,INTERACTION,,2.0,0.0,,,,,,,,,,,wizard_interaction,
2026-02-03 18:02:44.533Z,GAME_ACTION,right,2.0,0.0,,,,,,,,,,,,
2026-02-03 18:02:44.957Z,GAME_ACTION,right,3.0,0.0,,,,,,,,,,,,
2026-02-03 18:02:45.241Z,GAME_ACTION,right,4.0,0.0,,,,,,,,,,,,
2026-02-03 18:02:45.241Z,INTERACTION,,4.0,0.0,,,,,,,,,,,wizard_interaction,blueAmulet
2026-02-03 18:02:48.463Z,GAME_ACTION,left,4.0,0.0,,,,,,,,,,,,
2026-02-03 18:02:49.651Z,GAME_ACTION,down,3.0,0.0,,,,,,,,,,,,
2026-02-03 18:02:50.779Z,GAME_ACTION,down,3.0,1.0,,,,,,,,,,,,
2026-02-03 18:02:51.976Z,GAME_ACTION,right,3.0,2.0,,,,,,,,,,,,
2026-02-03 18:02:52.208Z,GAME_ACTION,right,4.0,2.0,,,,,,,,,,,,
2026-02-03 18:02:53.415Z,GAME_ACTION,down,5.0,2.0,,,,,,,,,,,,
2026-02-03 18:02:53.638Z,GAME_ACTION,down,5.0,3.0,,,,,,,,,,,,
2026-02-03 18:02:54.170Z,GAME_ACTION,down,5.0,4.0,,,,,,,,,,,,
2026-02-03 18:02:54.981Z,GAME_ACTION,left,5.0,5.0,,,,,,,,,,,,
2026-02-03 18:02:55.337Z,GAME_ACTION,left,4.0,5.0,,,,,,,,,,,,
2026-02-03 18:02:55.724Z,GAME_ACTION,left,3.0,5.0,,,,,,,,,,,,
2026-02-03 18:02:55.995Z,GAME_ACTION,left,2.0,5.0,,,,,,,,,,,,
2026-02-03 18:02:56.294Z,GAME_ACTION,left,1.0,5.0,,,,,,,,,,,,
2026-02-03 18:02:56.294Z,INTERACTION,,1.0,5.0,,,,,,,,,,,treasure_interaction,A
2026-02-03 18:02:56.294Z,LEVEL_COMPLETE,,1.0,5.0,,,,,,,,,,,,
2026-02-03 18:02:59.295Z,LEVEL_COMPLETE,,1.0,5.0,,,,,,11.0,,,,,,

Level: sm612_2
Timestamp,Type,Player Action,Player X,Player Y,Observed Agent ID,NPC 1 X,NPC 1 Y,NPC 2 X,NPC 2 Y,Steps Remaining,NPC 1 Path Type,NPC 1 Path Index,NPC 2 Path Type,NPC 2 Path Index,Interaction Type,Interaction Details
2026-02-03 17:58:51.650Z,LEVEL_START,,,,,,,,,,,,,,,
2026-02-03 17:58:51.655Z,LEVEL_START,,,,,,,,,,,,,,,
2026-02-03 17:59:30.991Z,AGENT_OBSERVE,,10.0,8.0,3.0,10.0,1.0,,,,experienced2,,,,,
2026-02-03 17:59:31.433Z,AGENT_OBSERVE,,10.0,8.0,3.0,10.0,1.0,,,,experienced2,,,,,
2026-02-03 17:59:32.093Z,AGENT_OBSERVE,,10.0,8.0,3.0,10.0,2.0,,,,experienced2,,,,,
2026-02-03 17:59:32.547Z,AGENT_OBSERVE,,10.0,8.0,3.0,9.0,2.0,,,,experienced2,,,,,
2026-02-03 17:59:33.505Z,AGENT_OBSERVE,,10.0,8.0,3.0,8.0,2.0,,,,experienced2,,,,,
2026-02-03 17:59:34.101Z,AGENT_OBSERVE,,10.0,8.0,3.0,8.0,1.0,,,,experienced2,,,,,
2026-02-03 17:59:34.897Z,AGENT_OBSERVE,,10.0,8.0,3.0,8.0,1.0,,,,experienced2,,,,,
2026-02-03 17:59:35.551Z,AGENT_OBSERVE,,10.0,8.0,3.0,8.0,2.0,,,,experienced2,,,,,
2026-02-03 17:59:36.020Z,AGENT_OBSERVE,,10.0,8.0,3.0,7.0,2.0,,,,experienced2,,,,,
2026-02-03 17:59:36.955Z,AGENT_OBSERVE,,10.0,8.0,3.0,6.0,2.0,,,,experienced2,,,,,
2026-02-03 17:59:37.498Z,AGENT_OBSERVE,,10.0,8.0,3.0,5.0,2.0,,,,experienced2,,,,,
2026-02-03 17:59:40.434Z,GAME_ACTION,left,10.0,8.0,,5.0,2.0,,,,experienced2,,,,,
2026-02-03 17:59:40.653Z,GAME_ACTION,left,9.0,8.0,,5.0,2.0,,,,experienced2,,,,,
2026-02-03 17:59:40.938Z,GAME_ACTION,left,8.0,8.0,,5.0,2.0,,,,experienced2,,,,,
2026-02-03 17:59:41.372Z,GAME_ACTION,left,7.0,8.0,,5.0,2.0,,,,experienced2,,,,,
2026-02-03 17:59:42.147Z,GAME_ACTION,up,6.0,8.0,,5.0,2.0,,,,experienced2,,,,,
2026-02-03 17:59:42.486Z,GAME_ACTION,up,6.0,7.0,,5.0,2.0,,,,experienced2,,,,,
2026-02-03 17:59:42.921Z,GAME_ACTION,up,6.0,6.0,,5.0,2.0,,,,experienced2,,,,,
2026-02-03 17:59:43.374Z,GAME_ACTION,up,6.0,5.0,,5.0,2.0,,,,experienced2,,,,,
2026-02-03 17:59:43.794Z,GAME_ACTION,up,6.0,4.0,,5.0,2.0,,,,experienced2,,,,,
2026-02-03 17:59:44.265Z,GAME_ACTION,up,6.0,3.0,,5.0,2.0,,,,experienced2,,,,,
2026-02-03 17:59:46.166Z,GAME_ACTION,left,6.0,2.0,,5.0,2.0,,,,experienced2,,,,,
2026-02-03 17:59:46.587Z,GAME_ACTION,left,5.0,2.0,,5.0,2.0,,,,experienced2,,,,,
2026-02-03 17:59:46.940Z,GAME_ACTION,left,4.0,2.0,,5.0,2.0,,,,experienced2,,,,,
2026-02-03 17:59:47.261Z,GAME_ACTION,left,3.0,2.0,,5.0,2.0,,,,experienced2,,,,,
2026-02-03 17:59:47.564Z,GAME_ACTION,left,2.0,2.0,,5.0,2.0,,,,experienced2,,,,,
2026-02-03 17:59:48.001Z,GAME_ACTION,left,1.0,2.0,,5.0,2.0,,,,experienced2,,,,,
2026-02-03 17:59:48.001Z,INTERACTION,,1.0,2.0,,5.0,2.0,,,,experienced2,,,,wizard_interaction,blueAmulet
2026-02-03 17:59:49.265Z,GAME_ACTION,right,1.0,2.0,,5.0,2.0,,,,experienced2,,,,,
2026-02-03 17:59:49.637Z,GAME_ACTION,right,2.0,2.0,,5.0,2.0,,,,experienced2,,,,,
2026-02-03 17:59:50.025Z,GAME_ACTION,right,3.0,2.0,,5.0,2.0,,,,experienced2,,,,,
2026-02-03 17:59:50.279Z,GAME_ACTION,right,4.0,2.0,,5.0,2.0,,,,experienced2,,,,,
2026-02-03 17:59:50.879Z,GAME_ACTION,right,5.0,2.0,,5.0,2.0,,,,experienced2,,,,,
2026-02-03 17:59:51.918Z,GAME_ACTION,down,6.0,2.0,,5.0,2.0,,,,experienced2,,,,,
2026-02-03 17:59:52.139Z,GAME_ACTION,down,6.0,3.0,,5.0,2.0,,,,experienced2,,,,,
2026-02-03 17:59:52.388Z,GAME_ACTION,down,6.0,4.0,,5.0,2.0,,,,experienced2,,,,,
2026-02-03 17:59:53.449Z,GAME_ACTION,left,6.0,5.0,,5.0,2.0,,,,experienced2,,,,,
2026-02-03 17:59:53.885Z,GAME_ACTION,left,5.0,5.0,,5.0,2.0,,,,experienced2,,,,,
2026-02-03 17:59:54.108Z,GAME_ACTION,left,4.0,5.0,,5.0,2.0,,,,experienced2,,,,,
2026-02-03 17:59:54.522Z,GAME_ACTION,left,3.0,5.0,,5.0,2.0,,,,experienced2,,,,,
2026-02-03 17:59:54.791Z,GAME_ACTION,left,2.0,5.0,,5.0,2.0,,,,experienced2,,,,,
2026-02-03 17:59:55.292Z,GAME_ACTION,left,1.0,5.0,,5.0,2.0,,,,experienced2,,,,,
2026-02-03 17:59:55.292Z,INTERACTION,,1.0,5.0,,5.0,2.0,,,,experienced2,,,,treasure_interaction,A
2026-02-03 17:59:55.292Z,LEVEL_COMPLETE,,1.0,5.0,,5.0,2.0,,,,experienced2,,,,,
2026-02-03 17:59:58.294Z,LEVEL_COMPLETE,,1.0,5.0,,5.0,2.0,,,11.0,experienced2,,,,,

