Session ID,u1763572571294
Completed At,2025-11-19 17:32:17.945Z
Created At,2025-11-19 17:16:11.294Z

User Data
prolificId,61021d1ed8573fa2e07871ec
age,34
gender,female
timestamp,1763573537704

Comprehension Check
Passed,TRUE

Level: comprehension_check
Timestamp,Type,Player Action,Player X,Player Y,Observed Agent ID,NPC 1 X,NPC 1 Y,NPC 2 X,NPC 2 Y,Steps Remaining,NPC 1 Path Type,NPC 1 Path Index,NPC 2 Path Type,NPC 2 Path Index,Interaction Type,Interaction Details
2025-11-19 17:23:43.573Z,INTERACTION,,,,,,,,,,,,,,comprehension_check,passed

Level: experiment
Timestamp,Type,Player Action,Player X,Player Y,Observed Agent ID,NPC 1 X,NPC 1 Y,NPC 2 X,NPC 2 Y,Steps Remaining,NPC 1 Path Type,NPC 1 Path Index,NPC 2 Path Type,NPC 2 Path Index,Interaction Type,Interaction Details
2025-11-19 17:32:10.164Z,EXPERIMENT_COMPLETE,,,,,,,,,,,,,,,

Level: s111_1
Timestamp,Type,Player Action,Player X,Player Y,Observed Agent ID,NPC 1 X,NPC 1 Y,NPC 2 X,NPC 2 Y,Steps Remaining,NPC 1 Path Type,NPC 1 Path Index,NPC 2 Path Type,NPC 2 Path Index,Interaction Type,Interaction Details
2025-11-19 17:16:11.408Z,LEVEL_START,,,,,,,,,,,,,,,

Level: sm111_1
Timestamp,Type,Player Action,Player X,Player Y,Observed Agent ID,NPC 1 X,NPC 1 Y,NPC 2 X,NPC 2 Y,Steps Remaining,NPC 1 Path Type,NPC 1 Path Index,NPC 2 Path Type,NPC 2 Path Index,Interaction Type,Interaction Details
2025-11-19 17:16:11.463Z,LEVEL_START,,,,,,,,,,,,,,,
2025-11-19 17:23:58.869Z,GAME_ACTION,down,5.0,7.0,,,,,,,,,,,,
2025-11-19 17:24:00.133Z,GAME_ACTION,down,5.0,8.0,,,,,,,,,,,,
2025-11-19 17:24:00.700Z,GAME_ACTION,down,5.0,9.0,,,,,,,,,,,,
2025-11-19 17:24:01.228Z,GAME_ACTION,down,5.0,10.0,,,,,,,,,,,,
2025-11-19 17:24:01.228Z,INTERACTION,,5.0,10.0,,,,,,,,,,,treasure_interaction,C
2025-11-19 17:24:06.957Z,GAME_ACTION,up,5.0,11.0,,,,,,,,,,,,
2025-11-19 17:24:12.564Z,AGENT_OBSERVE,,5.0,10.0,2.0,,,5.0,4.0,,,,experienced1,,,
2025-11-19 17:24:16.076Z,GAME_ACTION,up,5.0,10.0,,,,5.0,4.0,,,,experienced1,,,
2025-11-19 17:24:16.716Z,GAME_ACTION,up,5.0,9.0,,,,5.0,4.0,,,,experienced1,,,
2025-11-19 17:24:17.140Z,GAME_ACTION,up,5.0,8.0,,,,5.0,4.0,,,,experienced1,,,
2025-11-19 17:24:17.525Z,GAME_ACTION,up,5.0,7.0,,,,5.0,4.0,,,,experienced1,,,
2025-11-19 17:24:17.973Z,GAME_ACTION,up,5.0,6.0,,,,5.0,4.0,,,,experienced1,,,
2025-11-19 17:24:19.364Z,GAME_ACTION,right,5.0,5.0,,,,5.0,4.0,,,,experienced1,,,
2025-11-19 17:24:19.532Z,GAME_ACTION,right,6.0,5.0,,,,5.0,4.0,,,,experienced1,,,
2025-11-19 17:24:19.724Z,GAME_ACTION,right,7.0,5.0,,,,5.0,4.0,,,,experienced1,,,
2025-11-19 17:24:19.932Z,INTERACTION,,7.0,5.0,,,,5.0,4.0,,,,experienced1,,wizard_interaction,blueAmulet
2025-11-19 17:24:19.932Z,GAME_ACTION,right,8.0,5.0,,,,5.0,4.0,,,,experienced1,,,
2025-11-19 17:24:22.437Z,GAME_ACTION,left,8.0,5.0,,,,5.0,4.0,,,,experienced1,,,
2025-11-19 17:24:22.709Z,GAME_ACTION,left,7.0,5.0,,,,5.0,4.0,,,,experienced1,,,
2025-11-19 17:24:23.014Z,GAME_ACTION,left,6.0,5.0,,,,5.0,4.0,,,,experienced1,,,
2025-11-19 17:24:24.020Z,GAME_ACTION,down,5.0,5.0,,,,5.0,4.0,,,,experienced1,,,
2025-11-19 17:24:24.198Z,GAME_ACTION,down,5.0,6.0,,,,5.0,4.0,,,,experienced1,,,
2025-11-19 17:24:24.381Z,GAME_ACTION,down,5.0,7.0,,,,5.0,4.0,,,,experienced1,,,
2025-11-19 17:24:24.573Z,GAME_ACTION,down,5.0,8.0,,,,5.0,4.0,,,,experienced1,,,
2025-11-19 17:24:24.764Z,GAME_ACTION,down,5.0,9.0,,,,5.0,4.0,,,,experienced1,,,
2025-11-19 17:24:26.157Z,GAME_ACTION,up,5.0,10.0,,,,5.0,4.0,,,,experienced1,,,
2025-11-19 17:24:27.181Z,GAME_ACTION,right,5.0,9.0,,,,5.0,4.0,,,,experienced1,,,
2025-11-19 17:24:27.373Z,GAME_ACTION,right,6.0,9.0,,,,5.0,4.0,,,,experienced1,,,
2025-11-19 17:24:27.725Z,GAME_ACTION,right,7.0,9.0,,,,5.0,4.0,,,,experienced1,,,
2025-11-19 17:24:29.789Z,GAME_ACTION,right,8.0,9.0,,,,5.0,4.0,,,,experienced1,,,
2025-11-19 17:24:29.789Z,INTERACTION,,8.0,9.0,,,,5.0,4.0,,,,experienced1,,treasure_interaction,B
2025-11-19 17:24:29.789Z,LEVEL_COMPLETE,,8.0,9.0,,,,5.0,4.0,,,,experienced1,,,
2025-11-19 17:24:32.790Z,LEVEL_COMPLETE,,8.0,9.0,,,,5.0,4.0,8.0,,,experienced1,,,

Level: sm112_1
Timestamp,Type,Player Action,Player X,Player Y,Observed Agent ID,NPC 1 X,NPC 1 Y,NPC 2 X,NPC 2 Y,Steps Remaining,NPC 1 Path Type,NPC 1 Path Index,NPC 2 Path Type,NPC 2 Path Index,Interaction Type,Interaction Details
2025-11-19 17:24:32.924Z,LEVEL_START,,,,,,,,,,,,,,,
2025-11-19 17:24:32.926Z,LEVEL_START,,,,,,,,,,,,,,,
2025-11-19 17:24:50.469Z,AGENT_OBSERVE,,5.0,7.0,2.0,,,6.0,3.0,,,,experienced1,,,
2025-11-19 17:24:54.799Z,AGENT_OBSERVE,,5.0,7.0,3.0,5.0,9.0,6.0,3.0,,experienced1,,experienced1,,,
2025-11-19 17:24:59.157Z,GAME_ACTION,down,5.0,7.0,,5.0,9.0,6.0,3.0,,experienced1,,experienced1,,,
2025-11-19 17:24:59.605Z,GAME_ACTION,down,5.0,8.0,,5.0,9.0,6.0,3.0,,experienced1,,experienced1,,,
2025-11-19 17:25:00.933Z,GAME_ACTION,left,5.0,9.0,,5.0,9.0,6.0,3.0,,experienced1,,experienced1,,,
2025-11-19 17:25:01.237Z,GAME_ACTION,left,4.0,9.0,,5.0,9.0,6.0,3.0,,experienced1,,experienced1,,,
2025-11-19 17:25:01.557Z,GAME_ACTION,left,3.0,9.0,,5.0,9.0,6.0,3.0,,experienced1,,experienced1,,,
2025-11-19 17:25:01.885Z,GAME_ACTION,left,2.0,9.0,,5.0,9.0,6.0,3.0,,experienced1,,experienced1,,,
2025-11-19 17:25:02.989Z,GAME_ACTION,down,1.0,9.0,,5.0,9.0,6.0,3.0,,experienced1,,experienced1,,,
2025-11-19 17:25:03.236Z,GAME_ACTION,down,1.0,10.0,,5.0,9.0,6.0,3.0,,experienced1,,experienced1,,,
2025-11-19 17:25:03.236Z,INTERACTION,,1.0,10.0,,5.0,9.0,6.0,3.0,,experienced1,,experienced1,,wizard_interaction,redAmulet
2025-11-19 17:25:06.749Z,GAME_ACTION,up,1.0,10.0,,5.0,9.0,6.0,3.0,,experienced1,,experienced1,,,
2025-11-19 17:25:09.532Z,GAME_ACTION,right,1.0,9.0,,5.0,9.0,6.0,3.0,,experienced1,,experienced1,,,
2025-11-19 17:25:09.748Z,GAME_ACTION,right,2.0,9.0,,5.0,9.0,6.0,3.0,,experienced1,,experienced1,,,
2025-11-19 17:25:09.982Z,GAME_ACTION,right,3.0,9.0,,5.0,9.0,6.0,3.0,,experienced1,,experienced1,,,
2025-11-19 17:25:10.180Z,GAME_ACTION,right,4.0,9.0,,5.0,9.0,6.0,3.0,,experienced1,,experienced1,,,
2025-11-19 17:25:10.365Z,GAME_ACTION,right,5.0,9.0,,5.0,9.0,6.0,3.0,,experienced1,,experienced1,,,
2025-11-19 17:25:10.549Z,GAME_ACTION,right,6.0,9.0,,5.0,9.0,6.0,3.0,,experienced1,,experienced1,,,
2025-11-19 17:25:12.397Z,GAME_ACTION,left,7.0,9.0,,5.0,9.0,6.0,3.0,,experienced1,,experienced1,,,
2025-11-19 17:25:12.949Z,GAME_ACTION,left,6.0,9.0,,5.0,9.0,6.0,3.0,,experienced1,,experienced1,,,
2025-11-19 17:25:13.972Z,GAME_ACTION,down,5.0,9.0,,5.0,9.0,6.0,3.0,,experienced1,,experienced1,,,
2025-11-19 17:25:14.277Z,GAME_ACTION,down,5.0,10.0,,5.0,9.0,6.0,3.0,,experienced1,,experienced1,,,
2025-11-19 17:25:14.277Z,INTERACTION,,5.0,10.0,,5.0,9.0,6.0,3.0,,experienced1,,experienced1,,wizard_interaction,blueAmulet
2025-11-19 17:25:15.997Z,GAME_ACTION,up,5.0,10.0,,5.0,9.0,6.0,3.0,,experienced1,,experienced1,,,
2025-11-19 17:25:16.405Z,GAME_ACTION,up,5.0,9.0,,5.0,9.0,6.0,3.0,,experienced1,,experienced1,,,
2025-11-19 17:25:16.853Z,GAME_ACTION,up,5.0,8.0,,5.0,9.0,6.0,3.0,,experienced1,,experienced1,,,
2025-11-19 17:25:18.029Z,GAME_ACTION,left,5.0,7.0,,5.0,9.0,6.0,3.0,,experienced1,,experienced1,,,
2025-11-19 17:25:18.493Z,GAME_ACTION,left,4.0,7.0,,5.0,9.0,6.0,3.0,,experienced1,,experienced1,,,
2025-11-19 17:25:19.141Z,GAME_ACTION,left,3.0,7.0,,5.0,9.0,6.0,3.0,,experienced1,,experienced1,,,
2025-11-19 17:25:19.653Z,GAME_ACTION,left,2.0,7.0,,5.0,9.0,6.0,3.0,,experienced1,,experienced1,,,
2025-11-19 17:25:19.653Z,INTERACTION,,2.0,7.0,,5.0,9.0,6.0,3.0,,experienced1,,experienced1,,treasure_interaction,B
2025-11-19 17:25:19.653Z,LEVEL_COMPLETE,,2.0,7.0,,5.0,9.0,6.0,3.0,,experienced1,,experienced1,,,
2025-11-19 17:25:22.655Z,LEVEL_COMPLETE,,2.0,7.0,,5.0,9.0,6.0,3.0,26.0,experienced1,,experienced1,,,

Level: sm211_1
Timestamp,Type,Player Action,Player X,Player Y,Observed Agent ID,NPC 1 X,NPC 1 Y,NPC 2 X,NPC 2 Y,Steps Remaining,NPC 1 Path Type,NPC 1 Path Index,NPC 2 Path Type,NPC 2 Path Index,Interaction Type,Interaction Details
2025-11-19 17:31:36.859Z,LEVEL_START,,,,,,,,,,,,,,,
2025-11-19 17:31:36.861Z,LEVEL_START,,,,,,,,,,,,,,,
2025-11-19 17:31:52.360Z,GAME_ACTION,left,7.0,9.0,,,,,,,,,,,,
2025-11-19 17:31:52.663Z,GAME_ACTION,left,6.0,9.0,,,,,,,,,,,,
2025-11-19 17:31:52.943Z,GAME_ACTION,left,5.0,9.0,,,,,,,,,,,,
2025-11-19 17:31:53.327Z,GAME_ACTION,left,4.0,9.0,,,,,,,,,,,,
2025-11-19 17:31:53.816Z,GAME_ACTION,left,3.0,9.0,,,,,,,,,,,,
2025-11-19 17:31:54.503Z,GAME_ACTION,up,2.0,9.0,,,,,,,,,,,,
2025-11-19 17:31:54.671Z,GAME_ACTION,up,2.0,8.0,,,,,,,,,,,,
2025-11-19 17:31:54.823Z,GAME_ACTION,up,2.0,7.0,,,,,,,,,,,,
2025-11-19 17:31:54.984Z,GAME_ACTION,up,2.0,6.0,,,,,,,,,,,,
2025-11-19 17:31:55.159Z,GAME_ACTION,up,2.0,5.0,,,,,,,,,,,,
2025-11-19 17:31:55.335Z,GAME_ACTION,up,2.0,4.0,,,,,,,,,,,,
2025-11-19 17:31:56.279Z,GAME_ACTION,right,2.0,3.0,,,,,,,,,,,,
2025-11-19 17:31:56.439Z,GAME_ACTION,right,3.0,3.0,,,,,,,,,,,,
2025-11-19 17:31:56.600Z,GAME_ACTION,right,4.0,3.0,,,,,,,,,,,,
2025-11-19 17:31:56.767Z,GAME_ACTION,right,5.0,3.0,,,,,,,,,,,,
2025-11-19 17:31:56.935Z,GAME_ACTION,right,6.0,3.0,,,,,,,,,,,,
2025-11-19 17:31:57.095Z,GAME_ACTION,right,7.0,3.0,,,,,,,,,,,,
2025-11-19 17:31:57.264Z,GAME_ACTION,right,8.0,3.0,,,,,,,,,,,,
2025-11-19 17:31:57.503Z,GAME_ACTION,right,9.0,3.0,,,,,,,,,,,,
2025-11-19 17:31:58.095Z,GAME_ACTION,up,10.0,3.0,,,,,,,,,,,,
2025-11-19 17:31:58.263Z,GAME_ACTION,up,10.0,2.0,,,,,,,,,,,,
2025-11-19 17:31:58.447Z,INTERACTION,,10.0,2.0,,,,,,,,,,,wizard_interaction,blueAmulet
2025-11-19 17:31:58.447Z,GAME_ACTION,up,10.0,1.0,,,,,,,,,,,,
2025-11-19 17:31:59.768Z,GAME_ACTION,down,10.0,1.0,,,,,,,,,,,,
2025-11-19 17:32:00.159Z,GAME_ACTION,down,10.0,2.0,,,,,,,,,,,,
2025-11-19 17:32:00.943Z,GAME_ACTION,left,10.0,3.0,,,,,,,,,,,,
2025-11-19 17:32:01.103Z,GAME_ACTION,left,9.0,3.0,,,,,,,,,,,,
2025-11-19 17:32:01.263Z,GAME_ACTION,left,8.0,3.0,,,,,,,,,,,,
2025-11-19 17:32:01.417Z,GAME_ACTION,left,7.0,3.0,,,,,,,,,,,,
2025-11-19 17:32:01.567Z,GAME_ACTION,left,6.0,3.0,,,,,,,,,,,,
2025-11-19 17:32:01.726Z,GAME_ACTION,left,5.0,3.0,,,,,,,,,,,,
2025-11-19 17:32:01.903Z,GAME_ACTION,left,4.0,3.0,,,,,,,,,,,,
2025-11-19 17:32:02.218Z,GAME_ACTION,left,3.0,3.0,,,,,,,,,,,,
2025-11-19 17:32:03.831Z,GAME_ACTION,down,2.0,3.0,,,,,,,,,,,,
2025-11-19 17:32:03.991Z,GAME_ACTION,down,2.0,4.0,,,,,,,,,,,,
2025-11-19 17:32:04.151Z,GAME_ACTION,down,2.0,5.0,,,,,,,,,,,,
2025-11-19 17:32:04.311Z,GAME_ACTION,down,2.0,6.0,,,,,,,,,,,,
2025-11-19 17:32:04.471Z,GAME_ACTION,down,2.0,7.0,,,,,,,,,,,,
2025-11-19 17:32:04.634Z,GAME_ACTION,down,2.0,8.0,,,,,,,,,,,,
2025-11-19 17:32:05.759Z,GAME_ACTION,right,2.0,9.0,,,,,,,,,,,,
2025-11-19 17:32:06.167Z,GAME_ACTION,right,3.0,9.0,,,,,,,,,,,,
2025-11-19 17:32:06.984Z,GAME_ACTION,down,4.0,9.0,,,,,,,,,,,,
2025-11-19 17:32:07.159Z,GAME_ACTION,down,4.0,10.0,,,,,,,,,,,,
2025-11-19 17:32:07.159Z,INTERACTION,,4.0,10.0,,,,,,,,,,,treasure_interaction,C
2025-11-19 17:32:07.159Z,LEVEL_COMPLETE,,4.0,10.0,,,,,,,,,,,,
2025-11-19 17:32:10.160Z,LEVEL_COMPLETE,,4.0,10.0,,,,,,36.0,,,,,,

Level: sm321_1
Timestamp,Type,Player Action,Player X,Player Y,Observed Agent ID,NPC 1 X,NPC 1 Y,NPC 2 X,NPC 2 Y,Steps Remaining,NPC 1 Path Type,NPC 1 Path Index,NPC 2 Path Type,NPC 2 Path Index,Interaction Type,Interaction Details
2025-11-19 17:29:17.357Z,LEVEL_START,,,,,,,,,,,,,,,
2025-11-19 17:29:17.358Z,LEVEL_START,,,,,,,,,,,,,,,
2025-11-19 17:29:33.261Z,GAME_ACTION,right,0.0,9.0,,,,,,,,,,,,
2025-11-19 17:29:33.421Z,GAME_ACTION,right,1.0,9.0,,,,,,,,,,,,
2025-11-19 17:29:33.589Z,GAME_ACTION,right,2.0,9.0,,,,,,,,,,,,
2025-11-19 17:29:33.749Z,GAME_ACTION,right,3.0,9.0,,,,,,,,,,,,
2025-11-19 17:29:33.901Z,GAME_ACTION,right,4.0,9.0,,,,,,,,,,,,
2025-11-19 17:29:34.069Z,GAME_ACTION,right,5.0,9.0,,,,,,,,,,,,
2025-11-19 17:29:34.214Z,GAME_ACTION,right,6.0,9.0,,,,,,,,,,,,
2025-11-19 17:29:34.389Z,GAME_ACTION,right,7.0,9.0,,,,,,,,,,,,
2025-11-19 17:29:34.566Z,GAME_ACTION,right,8.0,9.0,,,,,,,,,,,,
2025-11-19 17:29:34.725Z,GAME_ACTION,right,9.0,9.0,,,,,,,,,,,,
2025-11-19 17:29:34.725Z,INTERACTION,,9.0,9.0,,,,,,,,,,,wizard_interaction,
2025-11-19 17:29:34.901Z,GAME_ACTION,right,9.0,9.0,,,,,,,,,,,,
2025-11-19 17:29:40.965Z,GAME_ACTION,left,9.0,9.0,,,,,,,,,,,,
2025-11-19 17:29:41.325Z,GAME_ACTION,left,8.0,9.0,,,,,,,,,,,,
2025-11-19 17:29:41.509Z,GAME_ACTION,left,7.0,9.0,,,,,,,,,,,,
2025-11-19 17:29:41.685Z,GAME_ACTION,left,6.0,9.0,,,,,,,,,,,,
2025-11-19 17:29:42.016Z,GAME_ACTION,left,5.0,9.0,,,,,,,,,,,,
2025-11-19 17:29:43.901Z,GAME_ACTION,up,4.0,9.0,,,,,,,,,,,,
2025-11-19 17:29:44.397Z,GAME_ACTION,up,4.0,8.0,,,,,,,,,,,,
2025-11-19 17:29:45.437Z,GAME_ACTION,right,4.0,7.0,,,,,,,,,,,,
2025-11-19 17:29:45.598Z,GAME_ACTION,right,5.0,7.0,,,,,,,,,,,,
2025-11-19 17:29:45.757Z,GAME_ACTION,right,6.0,7.0,,,,,,,,,,,,
2025-11-19 17:29:45.909Z,GAME_ACTION,right,7.0,7.0,,,,,,,,,,,,
2025-11-19 17:29:46.069Z,GAME_ACTION,right,8.0,7.0,,,,,,,,,,,,
2025-11-19 17:29:46.237Z,GAME_ACTION,right,9.0,7.0,,,,,,,,,,,,
2025-11-19 17:29:46.237Z,INTERACTION,,9.0,7.0,,,,,,,,,,,wizard_interaction,
2025-11-19 17:29:47.685Z,GAME_ACTION,left,9.0,7.0,,,,,,,,,,,,
2025-11-19 17:29:47.861Z,GAME_ACTION,left,8.0,7.0,,,,,,,,,,,,
2025-11-19 17:29:48.015Z,GAME_ACTION,left,7.0,7.0,,,,,,,,,,,,
2025-11-19 17:29:48.173Z,GAME_ACTION,left,6.0,7.0,,,,,,,,,,,,
2025-11-19 17:29:48.341Z,GAME_ACTION,left,5.0,7.0,,,,,,,,,,,,
2025-11-19 17:29:49.061Z,GAME_ACTION,up,4.0,7.0,,,,,,,,,,,,
2025-11-19 17:29:49.229Z,GAME_ACTION,up,4.0,6.0,,,,,,,,,,,,
2025-11-19 17:29:49.373Z,GAME_ACTION,up,4.0,5.0,,,,,,,,,,,,
2025-11-19 17:29:49.533Z,GAME_ACTION,up,4.0,4.0,,,,,,,,,,,,
2025-11-19 17:29:49.693Z,GAME_ACTION,up,4.0,3.0,,,,,,,,,,,,
2025-11-19 17:29:50.422Z,GAME_ACTION,left,4.0,3.0,,,,,,,,,,,,
2025-11-19 17:29:50.573Z,GAME_ACTION,left,3.0,3.0,,,,,,,,,,,,
2025-11-19 17:29:50.733Z,GAME_ACTION,left,2.0,3.0,,,,,,,,,,,,
2025-11-19 17:29:50.909Z,GAME_ACTION,left,1.0,3.0,,,,,,,,,,,,
2025-11-19 17:29:51.085Z,GAME_ACTION,left,0.0,3.0,,,,,,,,,,,,
2025-11-19 17:29:51.637Z,GAME_ACTION,up,0.0,3.0,,,,,,,,,,,,
2025-11-19 17:29:51.805Z,GAME_ACTION,up,0.0,2.0,,,,,,,,,,,,
2025-11-19 17:29:51.966Z,GAME_ACTION,up,0.0,1.0,,,,,,,,,,,,
2025-11-19 17:29:51.966Z,INTERACTION,,0.0,1.0,,,,,,,,,,,wizard_interaction,blueAmulet
2025-11-19 17:29:53.261Z,GAME_ACTION,down,0.0,1.0,,,,,,,,,,,,
2025-11-19 17:29:53.437Z,GAME_ACTION,down,0.0,2.0,,,,,,,,,,,,
2025-11-19 17:29:53.693Z,GAME_ACTION,down,0.0,3.0,,,,,,,,,,,,
2025-11-19 17:29:54.661Z,GAME_ACTION,right,0.0,3.0,,,,,,,,,,,,
2025-11-19 17:29:54.877Z,GAME_ACTION,right,1.0,3.0,,,,,,,,,,,,
2025-11-19 17:29:55.117Z,GAME_ACTION,right,2.0,3.0,,,,,,,,,,,,
2025-11-19 17:29:55.317Z,GAME_ACTION,right,3.0,3.0,,,,,,,,,,,,
2025-11-19 17:29:57.077Z,GAME_ACTION,down,4.0,3.0,,,,,,,,,,,,
2025-11-19 17:29:57.245Z,GAME_ACTION,down,4.0,4.0,,,,,,,,,,,,
2025-11-19 17:29:57.421Z,GAME_ACTION,down,4.0,5.0,,,,,,,,,,,,
2025-11-19 17:29:57.598Z,GAME_ACTION,down,4.0,6.0,,,,,,,,,,,,
2025-11-19 17:29:57.741Z,GAME_ACTION,down,4.0,7.0,,,,,,,,,,,,
2025-11-19 17:29:57.925Z,GAME_ACTION,down,4.0,8.0,,,,,,,,,,,,
2025-11-19 17:29:58.725Z,GAME_ACTION,left,4.0,9.0,,,,,,,,,,,,
2025-11-19 17:29:58.901Z,GAME_ACTION,left,3.0,9.0,,,,,,,,,,,,
2025-11-19 17:29:59.077Z,GAME_ACTION,left,2.0,9.0,,,,,,,,,,,,
2025-11-19 17:29:59.261Z,GAME_ACTION,left,1.0,9.0,,,,,,,,,,,,
2025-11-19 17:30:00.125Z,GAME_ACTION,down,0.0,9.0,,,,,,,,,,,,
2025-11-19 17:30:00.285Z,GAME_ACTION,down,0.0,10.0,,,,,,,,,,,,
2025-11-19 17:30:00.285Z,INTERACTION,,0.0,10.0,,,,,,,,,,,treasure_interaction,B
2025-11-19 17:30:00.285Z,LEVEL_COMPLETE,,0.0,10.0,,,,,,,,,,,,
2025-11-19 17:30:03.289Z,LEVEL_COMPLETE,,0.0,10.0,,,,,,-38.0,,,,,,

Level: sm341_2
Timestamp,Type,Player Action,Player X,Player Y,Observed Agent ID,NPC 1 X,NPC 1 Y,NPC 2 X,NPC 2 Y,Steps Remaining,NPC 1 Path Type,NPC 1 Path Index,NPC 2 Path Type,NPC 2 Path Index,Interaction Type,Interaction Details
2025-11-19 17:30:03.403Z,LEVEL_START,,,,,,,,,,,,,,,
2025-11-19 17:30:03.407Z,LEVEL_START,,,,,,,,,,,,,,,
2025-11-19 17:30:20.406Z,AGENT_OBSERVE,,0.0,11.0,3.0,3.0,3.0,,,,experienced2,,,,,
2025-11-19 17:30:25.573Z,GAME_ACTION,up,0.0,11.0,,3.0,3.0,,,,experienced2,,,,,
2025-11-19 17:30:25.773Z,GAME_ACTION,up,0.0,10.0,,3.0,3.0,,,,experienced2,,,,,
2025-11-19 17:30:25.949Z,GAME_ACTION,up,0.0,9.0,,3.0,3.0,,,,experienced2,,,,,
2025-11-19 17:30:27.381Z,GAME_ACTION,right,0.0,8.0,,3.0,3.0,,,,experienced2,,,,,
2025-11-19 17:30:27.541Z,GAME_ACTION,right,1.0,8.0,,3.0,3.0,,,,experienced2,,,,,
2025-11-19 17:30:27.717Z,GAME_ACTION,right,2.0,8.0,,3.0,3.0,,,,experienced2,,,,,
2025-11-19 17:30:27.877Z,GAME_ACTION,right,3.0,8.0,,3.0,3.0,,,,experienced2,,,,,
2025-11-19 17:30:28.021Z,GAME_ACTION,right,4.0,8.0,,3.0,3.0,,,,experienced2,,,,,
2025-11-19 17:30:28.205Z,GAME_ACTION,right,5.0,8.0,,3.0,3.0,,,,experienced2,,,,,
2025-11-19 17:30:28.389Z,GAME_ACTION,right,6.0,8.0,,3.0,3.0,,,,experienced2,,,,,
2025-11-19 17:30:29.206Z,GAME_ACTION,up,7.0,8.0,,3.0,3.0,,,,experienced2,,,,,
2025-11-19 17:30:29.373Z,GAME_ACTION,up,7.0,7.0,,3.0,3.0,,,,experienced2,,,,,
2025-11-19 17:30:29.533Z,GAME_ACTION,up,7.0,6.0,,3.0,3.0,,,,experienced2,,,,,
2025-11-19 17:30:29.693Z,GAME_ACTION,up,7.0,5.0,,3.0,3.0,,,,experienced2,,,,,
2025-11-19 17:30:29.869Z,GAME_ACTION,up,7.0,4.0,,3.0,3.0,,,,experienced2,,,,,
2025-11-19 17:30:30.629Z,GAME_ACTION,left,7.0,3.0,,3.0,3.0,,,,experienced2,,,,,
2025-11-19 17:30:30.773Z,GAME_ACTION,left,6.0,3.0,,3.0,3.0,,,,experienced2,,,,,
2025-11-19 17:30:30.933Z,GAME_ACTION,left,5.0,3.0,,3.0,3.0,,,,experienced2,,,,,
2025-11-19 17:30:31.093Z,GAME_ACTION,left,4.0,3.0,,3.0,3.0,,,,experienced2,,,,,
2025-11-19 17:30:31.252Z,GAME_ACTION,left,3.0,3.0,,3.0,3.0,,,,experienced2,,,,,
2025-11-19 17:30:31.429Z,GAME_ACTION,left,2.0,3.0,,3.0,3.0,,,,experienced2,,,,,
2025-11-19 17:30:31.598Z,GAME_ACTION,left,1.0,3.0,,3.0,3.0,,,,experienced2,,,,,
2025-11-19 17:30:32.317Z,GAME_ACTION,down,0.0,3.0,,3.0,3.0,,,,experienced2,,,,,
2025-11-19 17:30:32.485Z,GAME_ACTION,down,0.0,4.0,,3.0,3.0,,,,experienced2,,,,,
2025-11-19 17:30:32.662Z,GAME_ACTION,down,0.0,5.0,,3.0,3.0,,,,experienced2,,,,,
2025-11-19 17:30:32.662Z,INTERACTION,,0.0,5.0,,3.0,3.0,,,,experienced2,,,,wizard_interaction,blueAmulet
2025-11-19 17:30:34.069Z,GAME_ACTION,up,0.0,5.0,,3.0,3.0,,,,experienced2,,,,,
2025-11-19 17:30:34.526Z,GAME_ACTION,up,0.0,4.0,,3.0,3.0,,,,experienced2,,,,,
2025-11-19 17:30:35.286Z,GAME_ACTION,right,0.0,3.0,,3.0,3.0,,,,experienced2,,,,,
2025-11-19 17:30:35.437Z,GAME_ACTION,right,1.0,3.0,,3.0,3.0,,,,experienced2,,,,,
2025-11-19 17:30:35.599Z,GAME_ACTION,right,2.0,3.0,,3.0,3.0,,,,experienced2,,,,,
2025-11-19 17:30:35.774Z,GAME_ACTION,right,3.0,3.0,,3.0,3.0,,,,experienced2,,,,,
2025-11-19 17:30:35.941Z,GAME_ACTION,right,4.0,3.0,,3.0,3.0,,,,experienced2,,,,,
2025-11-19 17:30:36.101Z,GAME_ACTION,right,5.0,3.0,,3.0,3.0,,,,experienced2,,,,,
2025-11-19 17:30:36.285Z,GAME_ACTION,right,6.0,3.0,,3.0,3.0,,,,experienced2,,,,,
2025-11-19 17:30:37.237Z,GAME_ACTION,down,7.0,3.0,,3.0,3.0,,,,experienced2,,,,,
2025-11-19 17:30:37.399Z,GAME_ACTION,down,7.0,4.0,,3.0,3.0,,,,experienced2,,,,,
2025-11-19 17:30:37.549Z,GAME_ACTION,down,7.0,5.0,,3.0,3.0,,,,experienced2,,,,,
2025-11-19 17:30:37.693Z,GAME_ACTION,down,7.0,6.0,,3.0,3.0,,,,experienced2,,,,,
2025-11-19 17:30:37.845Z,GAME_ACTION,down,7.0,7.0,,3.0,3.0,,,,experienced2,,,,,
2025-11-19 17:30:37.998Z,GAME_ACTION,down,7.0,8.0,,3.0,3.0,,,,experienced2,,,,,
2025-11-19 17:30:38.661Z,GAME_ACTION,left,7.0,8.0,,3.0,3.0,,,,experienced2,,,,,
2025-11-19 17:30:39.016Z,GAME_ACTION,left,6.0,8.0,,3.0,3.0,,,,experienced2,,,,,
2025-11-19 17:30:39.653Z,GAME_ACTION,down,5.0,8.0,,3.0,3.0,,,,experienced2,,,,,
2025-11-19 17:30:39.821Z,GAME_ACTION,down,5.0,9.0,,3.0,3.0,,,,experienced2,,,,,
2025-11-19 17:30:39.989Z,GAME_ACTION,down,5.0,10.0,,3.0,3.0,,,,experienced2,,,,,
2025-11-19 17:30:39.989Z,INTERACTION,,5.0,10.0,,3.0,3.0,,,,experienced2,,,,treasure_interaction,B
2025-11-19 17:30:39.989Z,LEVEL_COMPLETE,,5.0,10.0,,3.0,3.0,,,,experienced2,,,,,
2025-11-19 17:30:43.002Z,LEVEL_COMPLETE,,5.0,10.0,,3.0,3.0,,,34.0,experienced2,,,,,

Level: sm351_2
Timestamp,Type,Player Action,Player X,Player Y,Observed Agent ID,NPC 1 X,NPC 1 Y,NPC 2 X,NPC 2 Y,Steps Remaining,NPC 1 Path Type,NPC 1 Path Index,NPC 2 Path Type,NPC 2 Path Index,Interaction Type,Interaction Details
2025-11-19 17:30:43.121Z,LEVEL_START,,,,,,,,,,,,,,,
2025-11-19 17:30:43.123Z,LEVEL_START,,,,,,,,,,,,,,,
2025-11-19 17:30:56.957Z,GAME_ACTION,up,5.0,11.0,,,,,,,,,,,,
2025-11-19 17:30:57.150Z,GAME_ACTION,up,5.0,10.0,,,,,,,,,,,,
2025-11-19 17:30:57.293Z,GAME_ACTION,up,5.0,9.0,,,,,,,,,,,,
2025-11-19 17:30:57.461Z,GAME_ACTION,up,5.0,8.0,,,,,,,,,,,,
2025-11-19 17:30:57.614Z,GAME_ACTION,up,5.0,7.0,,,,,,,,,,,,
2025-11-19 17:30:57.782Z,GAME_ACTION,up,5.0,6.0,,,,,,,,,,,,
2025-11-19 17:30:57.957Z,GAME_ACTION,up,5.0,5.0,,,,,,,,,,,,
2025-11-19 17:30:58.478Z,GAME_ACTION,up,5.0,4.0,,,,,,,,,,,,
2025-11-19 17:30:59.277Z,GAME_ACTION,right,5.0,3.0,,,,,,,,,,,,
2025-11-19 17:30:59.429Z,GAME_ACTION,right,6.0,3.0,,,,,,,,,,,,
2025-11-19 17:30:59.598Z,GAME_ACTION,right,7.0,3.0,,,,,,,,,,,,
2025-11-19 17:30:59.734Z,GAME_ACTION,right,8.0,3.0,,,,,,,,,,,,
2025-11-19 17:30:59.933Z,GAME_ACTION,right,9.0,3.0,,,,,,,,,,,,
2025-11-19 17:31:00.525Z,GAME_ACTION,up,10.0,3.0,,,,,,,,,,,,
2025-11-19 17:31:00.669Z,GAME_ACTION,up,10.0,2.0,,,,,,,,,,,,
2025-11-19 17:31:00.829Z,GAME_ACTION,up,10.0,1.0,,,,,,,,,,,,
2025-11-19 17:31:00.829Z,INTERACTION,,10.0,1.0,,,,,,,,,,,wizard_interaction,blueAmulet
2025-11-19 17:31:02.054Z,GAME_ACTION,down,10.0,1.0,,,,,,,,,,,,
2025-11-19 17:31:02.454Z,GAME_ACTION,down,10.0,2.0,,,,,,,,,,,,
2025-11-19 17:31:03.045Z,GAME_ACTION,left,10.0,3.0,,,,,,,,,,,,
2025-11-19 17:31:03.205Z,GAME_ACTION,left,9.0,3.0,,,,,,,,,,,,
2025-11-19 17:31:03.373Z,GAME_ACTION,left,8.0,3.0,,,,,,,,,,,,
2025-11-19 17:31:03.717Z,GAME_ACTION,left,7.0,3.0,,,,,,,,,,,,
2025-11-19 17:31:04.285Z,GAME_ACTION,left,6.0,3.0,,,,,,,,,,,,
2025-11-19 17:31:05.773Z,GAME_ACTION,down,5.0,3.0,,,,,,,,,,,,
2025-11-19 17:31:05.917Z,GAME_ACTION,down,5.0,4.0,,,,,,,,,,,,
2025-11-19 17:31:06.093Z,GAME_ACTION,down,5.0,5.0,,,,,,,,,,,,
2025-11-19 17:31:06.245Z,GAME_ACTION,down,5.0,6.0,,,,,,,,,,,,
2025-11-19 17:31:06.405Z,GAME_ACTION,down,5.0,7.0,,,,,,,,,,,,
2025-11-19 17:31:06.573Z,GAME_ACTION,down,5.0,8.0,,,,,,,,,,,,
2025-11-19 17:31:07.685Z,GAME_ACTION,right,5.0,9.0,,,,,,,,,,,,
2025-11-19 17:31:07.837Z,GAME_ACTION,right,6.0,9.0,,,,,,,,,,,,
2025-11-19 17:31:07.989Z,GAME_ACTION,right,7.0,9.0,,,,,,,,,,,,
2025-11-19 17:31:08.157Z,GAME_ACTION,right,8.0,9.0,,,,,,,,,,,,
2025-11-19 17:31:08.317Z,GAME_ACTION,right,9.0,9.0,,,,,,,,,,,,
2025-11-19 17:31:08.317Z,INTERACTION,,9.0,9.0,,,,,,,,,,,treasure_interaction,C
2025-11-19 17:31:08.317Z,LEVEL_COMPLETE,,9.0,9.0,,,,,,,,,,,,
2025-11-19 17:31:11.334Z,LEVEL_COMPLETE,,9.0,9.0,,,,,,35.0,,,,,,

Level: sm361_1
Timestamp,Type,Player Action,Player X,Player Y,Observed Agent ID,NPC 1 X,NPC 1 Y,NPC 2 X,NPC 2 Y,Steps Remaining,NPC 1 Path Type,NPC 1 Path Index,NPC 2 Path Type,NPC 2 Path Index,Interaction Type,Interaction Details
2025-11-19 17:25:22.771Z,LEVEL_START,,,,,,,,,,,,,,,
2025-11-19 17:25:22.772Z,LEVEL_START,,,,,,,,,,,,,,,
2025-11-19 17:25:41.277Z,AGENT_OBSERVE,,10.0,9.0,2.0,,,5.0,3.0,,,,experienced1,,,
2025-11-19 17:25:47.375Z,GAME_ACTION,left,10.0,9.0,,,,5.0,3.0,,,,experienced1,,,
2025-11-19 17:25:47.878Z,GAME_ACTION,left,9.0,9.0,,,,5.0,3.0,,,,experienced1,,,
2025-11-19 17:25:48.133Z,GAME_ACTION,left,8.0,9.0,,,,5.0,3.0,,,,experienced1,,,
2025-11-19 17:25:48.405Z,GAME_ACTION,left,7.0,9.0,,,,5.0,3.0,,,,experienced1,,,
2025-11-19 17:25:48.669Z,GAME_ACTION,left,6.0,9.0,,,,5.0,3.0,,,,experienced1,,,
2025-11-19 17:25:48.998Z,GAME_ACTION,left,5.0,9.0,,,,5.0,3.0,,,,experienced1,,,
2025-11-19 17:25:50.037Z,GAME_ACTION,up,4.0,9.0,,,,5.0,3.0,,,,experienced1,,,
2025-11-19 17:25:50.293Z,GAME_ACTION,up,4.0,8.0,,,,5.0,3.0,,,,experienced1,,,
2025-11-19 17:25:50.541Z,GAME_ACTION,up,4.0,7.0,,,,5.0,3.0,,,,experienced1,,,
2025-11-19 17:25:50.749Z,GAME_ACTION,up,4.0,6.0,,,,5.0,3.0,,,,experienced1,,,
2025-11-19 17:25:50.998Z,GAME_ACTION,up,4.0,5.0,,,,5.0,3.0,,,,experienced1,,,
2025-11-19 17:25:51.293Z,GAME_ACTION,up,4.0,4.0,,,,5.0,3.0,,,,experienced1,,,
2025-11-19 17:25:52.333Z,GAME_ACTION,right,4.0,3.0,,,,5.0,3.0,,,,experienced1,,,
2025-11-19 17:25:52.517Z,GAME_ACTION,right,5.0,3.0,,,,5.0,3.0,,,,experienced1,,,
2025-11-19 17:25:53.365Z,GAME_ACTION,right,9.0,3.0,,,,5.0,3.0,,,,experienced1,,,
2025-11-19 17:25:54.197Z,GAME_ACTION,up,10.0,3.0,,,,5.0,3.0,,,,experienced1,,,
2025-11-19 17:25:54.469Z,GAME_ACTION,up,10.0,2.0,,,,5.0,3.0,,,,experienced1,,,
2025-11-19 17:25:55.188Z,GAME_ACTION,up,10.0,1.0,,,,5.0,3.0,,,,experienced1,,,
2025-11-19 17:25:55.189Z,INTERACTION,,10.0,1.0,,,,5.0,3.0,,,,experienced1,,wizard_interaction,blueAmulet
2025-11-19 17:25:56.916Z,GAME_ACTION,down,10.0,1.0,,,,5.0,3.0,,,,experienced1,,,
2025-11-19 17:25:57.437Z,GAME_ACTION,down,10.0,2.0,,,,5.0,3.0,,,,experienced1,,,
2025-11-19 17:25:59.269Z,GAME_ACTION,left,10.0,3.0,,,,5.0,3.0,,,,experienced1,,,
2025-11-19 17:25:59.469Z,GAME_ACTION,left,9.0,3.0,,,,5.0,3.0,,,,experienced1,,,
2025-11-19 17:25:59.645Z,GAME_ACTION,left,8.0,3.0,,,,5.0,3.0,,,,experienced1,,,
2025-11-19 17:25:59.989Z,GAME_ACTION,left,7.0,3.0,,,,5.0,3.0,,,,experienced1,,,
2025-11-19 17:26:00.173Z,GAME_ACTION,left,6.0,3.0,,,,5.0,3.0,,,,experienced1,,,
2025-11-19 17:26:00.541Z,GAME_ACTION,left,5.0,3.0,,,,5.0,3.0,,,,experienced1,,,
2025-11-19 17:26:01.389Z,GAME_ACTION,down,4.0,3.0,,,,5.0,3.0,,,,experienced1,,,
2025-11-19 17:26:01.557Z,GAME_ACTION,down,4.0,4.0,,,,5.0,3.0,,,,experienced1,,,
2025-11-19 17:26:01.733Z,GAME_ACTION,down,4.0,5.0,,,,5.0,3.0,,,,experienced1,,,
2025-11-19 17:26:01.901Z,GAME_ACTION,down,4.0,6.0,,,,5.0,3.0,,,,experienced1,,,
2025-11-19 17:26:02.069Z,GAME_ACTION,down,4.0,7.0,,,,5.0,3.0,,,,experienced1,,,
2025-11-19 17:26:02.381Z,GAME_ACTION,down,4.0,8.0,,,,5.0,3.0,,,,experienced1,,,
2025-11-19 17:26:03.415Z,GAME_ACTION,right,4.0,9.0,,,,5.0,3.0,,,,experienced1,,,
2025-11-19 17:26:03.615Z,GAME_ACTION,right,5.0,9.0,,,,5.0,3.0,,,,experienced1,,,
2025-11-19 17:26:03.820Z,GAME_ACTION,right,6.0,9.0,,,,5.0,3.0,,,,experienced1,,,
2025-11-19 17:26:04.053Z,GAME_ACTION,right,7.0,9.0,,,,5.0,3.0,,,,experienced1,,,
2025-11-19 17:26:05.093Z,GAME_ACTION,left,8.0,9.0,,,,5.0,3.0,,,,experienced1,,,
2025-11-19 17:26:05.693Z,GAME_ACTION,down,7.0,9.0,,,,5.0,3.0,,,,experienced1,,,
2025-11-19 17:26:06.077Z,GAME_ACTION,down,7.0,10.0,,,,5.0,3.0,,,,experienced1,,,
2025-11-19 17:26:06.933Z,GAME_ACTION,left,7.0,11.0,,,,5.0,3.0,,,,experienced1,,,
2025-11-19 17:26:07.733Z,GAME_ACTION,right,7.0,11.0,,,,5.0,3.0,,,,experienced1,,,
2025-11-19 17:26:08.125Z,GAME_ACTION,right,8.0,11.0,,,,5.0,3.0,,,,experienced1,,,
2025-11-19 17:26:08.573Z,GAME_ACTION,right,9.0,11.0,,,,5.0,3.0,,,,experienced1,,,
2025-11-19 17:26:08.573Z,INTERACTION,,9.0,11.0,,,,5.0,3.0,,,,experienced1,,treasure_interaction,C
2025-11-19 17:26:08.573Z,LEVEL_COMPLETE,,9.0,11.0,,,,5.0,3.0,,,,experienced1,,,
2025-11-19 17:26:11.581Z,LEVEL_COMPLETE,,9.0,11.0,,,,5.0,3.0,26.0,,,experienced1,,,

Level: sm411_2
Timestamp,Type,Player Action,Player X,Player Y,Observed Agent ID,NPC 1 X,NPC 1 Y,NPC 2 X,NPC 2 Y,Steps Remaining,NPC 1 Path Type,NPC 1 Path Index,NPC 2 Path Type,NPC 2 Path Index,Interaction Type,Interaction Details
2025-11-19 17:28:39.992Z,LEVEL_START,,,,,,,,,,,,,,,
2025-11-19 17:28:39.998Z,LEVEL_START,,,,,,,,,,,,,,,
2025-11-19 17:28:58.309Z,GAME_ACTION,left,4.0,9.0,,,,,,,,,,,,
2025-11-19 17:28:59.117Z,GAME_ACTION,left,3.0,9.0,,,,,,,,,,,,
2025-11-19 17:29:00.910Z,GAME_ACTION,up,2.0,9.0,,,,,,,,,,,,
2025-11-19 17:29:01.109Z,GAME_ACTION,up,2.0,8.0,,,,,,,,,,,,
2025-11-19 17:29:01.277Z,GAME_ACTION,up,2.0,7.0,,,,,,,,,,,,
2025-11-19 17:29:01.437Z,GAME_ACTION,up,2.0,6.0,,,,,,,,,,,,
2025-11-19 17:29:01.605Z,GAME_ACTION,up,2.0,5.0,,,,,,,,,,,,
2025-11-19 17:29:01.765Z,GAME_ACTION,up,2.0,4.0,,,,,,,,,,,,
2025-11-19 17:29:02.085Z,GAME_ACTION,up,2.0,3.0,,,,,,,,,,,,
2025-11-19 17:29:03.399Z,GAME_ACTION,right,2.0,3.0,,,,,,,,,,,,
2025-11-19 17:29:03.565Z,GAME_ACTION,right,3.0,3.0,,,,,,,,,,,,
2025-11-19 17:29:03.741Z,GAME_ACTION,right,4.0,3.0,,,,,,,,,,,,
2025-11-19 17:29:03.909Z,GAME_ACTION,right,5.0,3.0,,,,,,,,,,,,
2025-11-19 17:29:04.077Z,GAME_ACTION,right,6.0,3.0,,,,,,,,,,,,
2025-11-19 17:29:04.237Z,GAME_ACTION,right,7.0,3.0,,,,,,,,,,,,
2025-11-19 17:29:04.398Z,GAME_ACTION,right,8.0,3.0,,,,,,,,,,,,
2025-11-19 17:29:04.645Z,GAME_ACTION,right,9.0,3.0,,,,,,,,,,,,
2025-11-19 17:29:05.357Z,GAME_ACTION,up,10.0,3.0,,,,,,,,,,,,
2025-11-19 17:29:05.525Z,GAME_ACTION,up,10.0,2.0,,,,,,,,,,,,
2025-11-19 17:29:05.717Z,GAME_ACTION,up,10.0,1.0,,,,,,,,,,,,
2025-11-19 17:29:05.717Z,INTERACTION,,10.0,1.0,,,,,,,,,,,wizard_interaction,blueAmulet
2025-11-19 17:29:07.038Z,GAME_ACTION,down,10.0,1.0,,,,,,,,,,,,
2025-11-19 17:29:07.429Z,GAME_ACTION,down,10.0,2.0,,,,,,,,,,,,
2025-11-19 17:29:08.133Z,GAME_ACTION,left,10.0,3.0,,,,,,,,,,,,
2025-11-19 17:29:08.293Z,GAME_ACTION,left,9.0,3.0,,,,,,,,,,,,
2025-11-19 17:29:08.461Z,GAME_ACTION,left,8.0,3.0,,,,,,,,,,,,
2025-11-19 17:29:08.614Z,GAME_ACTION,left,7.0,3.0,,,,,,,,,,,,
2025-11-19 17:29:08.789Z,GAME_ACTION,left,6.0,3.0,,,,,,,,,,,,
2025-11-19 17:29:08.957Z,GAME_ACTION,left,5.0,3.0,,,,,,,,,,,,
2025-11-19 17:29:09.133Z,GAME_ACTION,left,4.0,3.0,,,,,,,,,,,,
2025-11-19 17:29:09.581Z,GAME_ACTION,left,3.0,3.0,,,,,,,,,,,,
2025-11-19 17:29:10.429Z,GAME_ACTION,down,2.0,3.0,,,,,,,,,,,,
2025-11-19 17:29:10.598Z,GAME_ACTION,down,2.0,4.0,,,,,,,,,,,,
2025-11-19 17:29:10.773Z,GAME_ACTION,down,2.0,5.0,,,,,,,,,,,,
2025-11-19 17:29:10.941Z,GAME_ACTION,down,2.0,6.0,,,,,,,,,,,,
2025-11-19 17:29:11.117Z,GAME_ACTION,down,2.0,7.0,,,,,,,,,,,,
2025-11-19 17:29:11.269Z,GAME_ACTION,down,2.0,8.0,,,,,,,,,,,,
2025-11-19 17:29:11.845Z,GAME_ACTION,down,2.0,9.0,,,,,,,,,,,,
2025-11-19 17:29:12.973Z,GAME_ACTION,left,2.0,9.0,,,,,,,,,,,,
2025-11-19 17:29:13.301Z,GAME_ACTION,left,1.0,9.0,,,,,,,,,,,,
2025-11-19 17:29:14.077Z,GAME_ACTION,down,0.0,9.0,,,,,,,,,,,,
2025-11-19 17:29:14.245Z,GAME_ACTION,down,0.0,10.0,,,,,,,,,,,,
2025-11-19 17:29:14.245Z,INTERACTION,,0.0,10.0,,,,,,,,,,,treasure_interaction,B
2025-11-19 17:29:14.245Z,LEVEL_COMPLETE,,0.0,10.0,,,,,,,,,,,,
2025-11-19 17:29:17.250Z,LEVEL_COMPLETE,,0.0,10.0,,,,,,35.0,,,,,,

Level: sm431_2
Timestamp,Type,Player Action,Player X,Player Y,Observed Agent ID,NPC 1 X,NPC 1 Y,NPC 2 X,NPC 2 Y,Steps Remaining,NPC 1 Path Type,NPC 1 Path Index,NPC 2 Path Type,NPC 2 Path Index,Interaction Type,Interaction Details
2025-11-19 17:27:09.422Z,LEVEL_START,,,,,,,,,,,,,,,
2025-11-19 17:27:09.432Z,LEVEL_START,,,,,,,,,,,,,,,
2025-11-19 17:27:23.885Z,AGENT_OBSERVE,,5.0,9.0,3.0,0.0,4.0,,,,experienced2,,,,,
2025-11-19 17:27:28.957Z,GAME_ACTION,left,5.0,9.0,,0.0,4.0,,,,experienced2,,,,,
2025-11-19 17:27:29.452Z,GAME_ACTION,left,4.0,9.0,,0.0,4.0,,,,experienced2,,,,,
2025-11-19 17:27:30.757Z,GAME_ACTION,up,3.0,9.0,,0.0,4.0,,,,experienced2,,,,,
2025-11-19 17:27:31.093Z,GAME_ACTION,up,3.0,8.0,,0.0,4.0,,,,experienced2,,,,,
2025-11-19 17:27:31.413Z,GAME_ACTION,up,3.0,7.0,,0.0,4.0,,,,experienced2,,,,,
2025-11-19 17:27:31.741Z,GAME_ACTION,up,3.0,6.0,,0.0,4.0,,,,experienced2,,,,,
2025-11-19 17:27:32.605Z,GAME_ACTION,left,3.0,5.0,,0.0,4.0,,,,experienced2,,,,,
2025-11-19 17:27:32.837Z,GAME_ACTION,left,2.0,5.0,,0.0,4.0,,,,experienced2,,,,,
2025-11-19 17:27:33.085Z,GAME_ACTION,left,1.0,5.0,,0.0,4.0,,,,experienced2,,,,,
2025-11-19 17:27:34.022Z,GAME_ACTION,up,0.0,5.0,,0.0,4.0,,,,experienced2,,,,,
2025-11-19 17:27:34.445Z,GAME_ACTION,up,0.0,4.0,,0.0,4.0,,,,experienced2,,,,,
2025-11-19 17:27:34.653Z,GAME_ACTION,up,0.0,3.0,,0.0,4.0,,,,experienced2,,,,,
2025-11-19 17:27:34.837Z,GAME_ACTION,up,0.0,2.0,,0.0,4.0,,,,experienced2,,,,,
2025-11-19 17:27:35.085Z,GAME_ACTION,up,0.0,1.0,,0.0,4.0,,,,experienced2,,,,,
2025-11-19 17:27:35.085Z,INTERACTION,,0.0,1.0,,0.0,4.0,,,,experienced2,,,,wizard_interaction,
2025-11-19 17:27:36.588Z,GAME_ACTION,down,0.0,1.0,,0.0,4.0,,,,experienced2,,,,,
2025-11-19 17:27:36.846Z,GAME_ACTION,down,0.0,2.0,,0.0,4.0,,,,experienced2,,,,,
2025-11-19 17:27:38.405Z,GAME_ACTION,right,0.0,3.0,,0.0,4.0,,,,experienced2,,,,,
2025-11-19 17:27:38.669Z,GAME_ACTION,right,1.0,3.0,,0.0,4.0,,,,experienced2,,,,,
2025-11-19 17:27:38.957Z,GAME_ACTION,right,2.0,3.0,,0.0,4.0,,,,experienced2,,,,,
2025-11-19 17:27:40.077Z,GAME_ACTION,right,3.0,3.0,,0.0,4.0,,,,experienced2,,,,,
2025-11-19 17:27:40.869Z,GAME_ACTION,up,4.0,3.0,,0.0,4.0,,,,experienced2,,,,,
2025-11-19 17:27:41.061Z,GAME_ACTION,up,4.0,2.0,,0.0,4.0,,,,experienced2,,,,,
2025-11-19 17:27:41.301Z,INTERACTION,,4.0,2.0,,0.0,4.0,,,,experienced2,,,,wizard_interaction,blueAmulet
2025-11-19 17:27:41.301Z,GAME_ACTION,up,4.0,1.0,,0.0,4.0,,,,experienced2,,,,,
2025-11-19 17:27:42.629Z,GAME_ACTION,down,4.0,1.0,,0.0,4.0,,,,experienced2,,,,,
2025-11-19 17:27:42.829Z,GAME_ACTION,down,4.0,2.0,,0.0,4.0,,,,experienced2,,,,,
2025-11-19 17:27:43.237Z,GAME_ACTION,down,4.0,3.0,,0.0,4.0,,,,experienced2,,,,,
2025-11-19 17:27:44.245Z,GAME_ACTION,left,4.0,3.0,,0.0,4.0,,,,experienced2,,,,,
2025-11-19 17:27:44.412Z,GAME_ACTION,left,3.0,3.0,,0.0,4.0,,,,experienced2,,,,,
2025-11-19 17:27:44.581Z,GAME_ACTION,left,2.0,3.0,,0.0,4.0,,,,experienced2,,,,,
2025-11-19 17:27:44.757Z,GAME_ACTION,left,1.0,3.0,,0.0,4.0,,,,experienced2,,,,,
2025-11-19 17:27:45.661Z,GAME_ACTION,down,0.0,3.0,,0.0,4.0,,,,experienced2,,,,,
2025-11-19 17:27:45.837Z,GAME_ACTION,down,0.0,4.0,,0.0,4.0,,,,experienced2,,,,,
2025-11-19 17:27:47.117Z,GAME_ACTION,right,0.0,5.0,,0.0,4.0,,,,experienced2,,,,,
2025-11-19 17:27:47.405Z,GAME_ACTION,right,1.0,5.0,,0.0,4.0,,,,experienced2,,,,,
2025-11-19 17:27:47.934Z,GAME_ACTION,right,2.0,5.0,,0.0,4.0,,,,experienced2,,,,,
2025-11-19 17:27:49.141Z,GAME_ACTION,down,3.0,5.0,,0.0,4.0,,,,experienced2,,,,,
2025-11-19 17:27:49.366Z,GAME_ACTION,down,3.0,6.0,,0.0,4.0,,,,experienced2,,,,,
2025-11-19 17:27:49.549Z,GAME_ACTION,down,3.0,7.0,,0.0,4.0,,,,experienced2,,,,,
2025-11-19 17:27:49.726Z,GAME_ACTION,down,3.0,8.0,,0.0,4.0,,,,experienced2,,,,,
2025-11-19 17:27:50.821Z,GAME_ACTION,left,3.0,9.0,,0.0,4.0,,,,experienced2,,,,,
2025-11-19 17:27:50.989Z,GAME_ACTION,left,2.0,9.0,,0.0,4.0,,,,experienced2,,,,,
2025-11-19 17:27:51.165Z,GAME_ACTION,left,1.0,9.0,,0.0,4.0,,,,experienced2,,,,,
2025-11-19 17:27:51.341Z,GAME_ACTION,left,0.0,9.0,,0.0,4.0,,,,experienced2,,,,,
2025-11-19 17:27:52.285Z,GAME_ACTION,down,0.0,9.0,,0.0,4.0,,,,experienced2,,,,,
2025-11-19 17:27:52.437Z,GAME_ACTION,down,0.0,10.0,,0.0,4.0,,,,experienced2,,,,,
2025-11-19 17:27:52.437Z,INTERACTION,,0.0,10.0,,0.0,4.0,,,,experienced2,,,,treasure_interaction,B
2025-11-19 17:27:52.437Z,LEVEL_COMPLETE,,0.0,10.0,,0.0,4.0,,,,experienced2,,,,,
2025-11-19 17:27:55.445Z,LEVEL_COMPLETE,,0.0,10.0,,0.0,4.0,,,15.0,experienced2,,,,,

Level: sm521_2
Timestamp,Type,Player Action,Player X,Player Y,Observed Agent ID,NPC 1 X,NPC 1 Y,NPC 2 X,NPC 2 Y,Steps Remaining,NPC 1 Path Type,NPC 1 Path Index,NPC 2 Path Type,NPC 2 Path Index,Interaction Type,Interaction Details
2025-11-19 17:26:12.582Z,LEVEL_START,,,,,,,,,,,,,,,
2025-11-19 17:26:12.584Z,LEVEL_START,,,,,,,,,,,,,,,
2025-11-19 17:26:26.141Z,AGENT_OBSERVE,,0.0,9.0,3.0,4.0,10.0,,,,experienced2,,,,,
2025-11-19 17:26:33.125Z,AGENT_OBSERVE,,0.0,9.0,3.0,4.0,11.0,,,,experienced2,,,,,
2025-11-19 17:26:36.485Z,GAME_ACTION,right,0.0,9.0,,4.0,11.0,,,,experienced2,,,,,
2025-11-19 17:26:36.749Z,GAME_ACTION,right,1.0,9.0,,4.0,11.0,,,,experienced2,,,,,
2025-11-19 17:26:36.941Z,GAME_ACTION,right,2.0,9.0,,4.0,11.0,,,,experienced2,,,,,
2025-11-19 17:26:37.116Z,GAME_ACTION,right,3.0,9.0,,4.0,11.0,,,,experienced2,,,,,
2025-11-19 17:26:37.300Z,GAME_ACTION,right,4.0,9.0,,4.0,11.0,,,,experienced2,,,,,
2025-11-19 17:26:37.461Z,GAME_ACTION,right,5.0,9.0,,4.0,11.0,,,,experienced2,,,,,
2025-11-19 17:26:37.629Z,GAME_ACTION,right,6.0,9.0,,4.0,11.0,,,,experienced2,,,,,
2025-11-19 17:26:37.820Z,GAME_ACTION,right,7.0,9.0,,4.0,11.0,,,,experienced2,,,,,
2025-11-19 17:26:37.999Z,GAME_ACTION,right,8.0,9.0,,4.0,11.0,,,,experienced2,,,,,
2025-11-19 17:26:38.198Z,GAME_ACTION,right,9.0,9.0,,4.0,11.0,,,,experienced2,,,,,
2025-11-19 17:26:38.198Z,INTERACTION,,9.0,9.0,,4.0,11.0,,,,experienced2,,,,wizard_interaction,
2025-11-19 17:26:40.014Z,GAME_ACTION,left,9.0,9.0,,4.0,11.0,,,,experienced2,,,,,
2025-11-19 17:26:40.181Z,GAME_ACTION,left,8.0,9.0,,4.0,11.0,,,,experienced2,,,,,
2025-11-19 17:26:40.349Z,GAME_ACTION,left,7.0,9.0,,4.0,11.0,,,,experienced2,,,,,
2025-11-19 17:26:40.621Z,GAME_ACTION,left,6.0,9.0,,4.0,11.0,,,,experienced2,,,,,
2025-11-19 17:26:41.014Z,GAME_ACTION,left,5.0,9.0,,4.0,11.0,,,,experienced2,,,,,
2025-11-19 17:26:42.429Z,GAME_ACTION,up,4.0,9.0,,4.0,11.0,,,,experienced2,,,,,
2025-11-19 17:26:42.877Z,GAME_ACTION,up,4.0,8.0,,4.0,11.0,,,,experienced2,,,,,
2025-11-19 17:26:43.597Z,GAME_ACTION,right,4.0,7.0,,4.0,11.0,,,,experienced2,,,,,
2025-11-19 17:26:43.757Z,GAME_ACTION,right,5.0,7.0,,4.0,11.0,,,,experienced2,,,,,
2025-11-19 17:26:43.917Z,GAME_ACTION,right,6.0,7.0,,4.0,11.0,,,,experienced2,,,,,
2025-11-19 17:26:44.069Z,GAME_ACTION,right,7.0,7.0,,4.0,11.0,,,,experienced2,,,,,
2025-11-19 17:26:44.245Z,GAME_ACTION,right,8.0,7.0,,4.0,11.0,,,,experienced2,,,,,
2025-11-19 17:26:44.421Z,GAME_ACTION,right,9.0,7.0,,4.0,11.0,,,,experienced2,,,,,
2025-11-19 17:26:44.421Z,INTERACTION,,9.0,7.0,,4.0,11.0,,,,experienced2,,,,wizard_interaction,
2025-11-19 17:26:46.045Z,GAME_ACTION,left,9.0,7.0,,4.0,11.0,,,,experienced2,,,,,
2025-11-19 17:26:46.216Z,GAME_ACTION,left,8.0,7.0,,4.0,11.0,,,,experienced2,,,,,
2025-11-19 17:26:46.382Z,GAME_ACTION,left,7.0,7.0,,4.0,11.0,,,,experienced2,,,,,
2025-11-19 17:26:46.557Z,GAME_ACTION,left,6.0,7.0,,4.0,11.0,,,,experienced2,,,,,
2025-11-19 17:26:46.716Z,GAME_ACTION,left,5.0,7.0,,4.0,11.0,,,,experienced2,,,,,
2025-11-19 17:26:47.845Z,GAME_ACTION,up,4.0,7.0,,4.0,11.0,,,,experienced2,,,,,
2025-11-19 17:26:48.253Z,GAME_ACTION,up,4.0,6.0,,4.0,11.0,,,,experienced2,,,,,
2025-11-19 17:26:49.149Z,GAME_ACTION,right,4.0,5.0,,4.0,11.0,,,,experienced2,,,,,
2025-11-19 17:26:49.309Z,GAME_ACTION,right,5.0,5.0,,4.0,11.0,,,,experienced2,,,,,
2025-11-19 17:26:49.469Z,GAME_ACTION,right,6.0,5.0,,4.0,11.0,,,,experienced2,,,,,
2025-11-19 17:26:49.629Z,GAME_ACTION,right,7.0,5.0,,4.0,11.0,,,,experienced2,,,,,
2025-11-19 17:26:49.797Z,GAME_ACTION,right,8.0,5.0,,4.0,11.0,,,,experienced2,,,,,
2025-11-19 17:26:50.398Z,GAME_ACTION,right,9.0,5.0,,4.0,11.0,,,,experienced2,,,,,
2025-11-19 17:26:50.398Z,INTERACTION,,9.0,5.0,,4.0,11.0,,,,experienced2,,,,wizard_interaction,
2025-11-19 17:26:51.853Z,GAME_ACTION,left,9.0,5.0,,4.0,11.0,,,,experienced2,,,,,
2025-11-19 17:26:52.021Z,GAME_ACTION,left,8.0,5.0,,4.0,11.0,,,,experienced2,,,,,
2025-11-19 17:26:52.198Z,GAME_ACTION,left,7.0,5.0,,4.0,11.0,,,,experienced2,,,,,
2025-11-19 17:26:52.364Z,GAME_ACTION,left,6.0,5.0,,4.0,11.0,,,,experienced2,,,,,
2025-11-19 17:26:52.557Z,GAME_ACTION,left,5.0,5.0,,4.0,11.0,,,,experienced2,,,,,
2025-11-19 17:26:52.901Z,GAME_ACTION,left,4.0,5.0,,4.0,11.0,,,,experienced2,,,,,
2025-11-19 17:26:53.709Z,GAME_ACTION,up,4.0,5.0,,4.0,11.0,,,,experienced2,,,,,
2025-11-19 17:26:53.957Z,GAME_ACTION,up,4.0,4.0,,4.0,11.0,,,,experienced2,,,,,
2025-11-19 17:26:55.421Z,GAME_ACTION,left,4.0,3.0,,4.0,11.0,,,,experienced2,,,,,
2025-11-19 17:26:55.565Z,GAME_ACTION,left,3.0,3.0,,4.0,11.0,,,,experienced2,,,,,
2025-11-19 17:26:55.740Z,GAME_ACTION,left,2.0,3.0,,4.0,11.0,,,,experienced2,,,,,
2025-11-19 17:26:55.925Z,GAME_ACTION,left,1.0,3.0,,4.0,11.0,,,,experienced2,,,,,
2025-11-19 17:26:56.557Z,GAME_ACTION,up,0.0,3.0,,4.0,11.0,,,,experienced2,,,,,
2025-11-19 17:26:56.757Z,GAME_ACTION,up,0.0,2.0,,4.0,11.0,,,,experienced2,,,,,
2025-11-19 17:26:57.629Z,GAME_ACTION,up,0.0,1.0,,4.0,11.0,,,,experienced2,,,,,
2025-11-19 17:26:57.629Z,INTERACTION,,0.0,1.0,,4.0,11.0,,,,experienced2,,,,wizard_interaction,blueAmulet
2025-11-19 17:26:59.517Z,GAME_ACTION,down,0.0,1.0,,4.0,11.0,,,,experienced2,,,,,
2025-11-19 17:27:00.029Z,GAME_ACTION,down,0.0,2.0,,4.0,11.0,,,,experienced2,,,,,
2025-11-19 17:27:00.749Z,GAME_ACTION,right,0.0,3.0,,4.0,11.0,,,,experienced2,,,,,
2025-11-19 17:27:01.093Z,GAME_ACTION,right,1.0,3.0,,4.0,11.0,,,,experienced2,,,,,
2025-11-19 17:27:01.445Z,GAME_ACTION,right,2.0,3.0,,4.0,11.0,,,,experienced2,,,,,
2025-11-19 17:27:01.765Z,GAME_ACTION,right,3.0,3.0,,4.0,11.0,,,,experienced2,,,,,
2025-11-19 17:27:02.557Z,GAME_ACTION,down,4.0,3.0,,4.0,11.0,,,,experienced2,,,,,
2025-11-19 17:27:02.725Z,GAME_ACTION,down,4.0,4.0,,4.0,11.0,,,,experienced2,,,,,
2025-11-19 17:27:02.894Z,GAME_ACTION,down,4.0,5.0,,4.0,11.0,,,,experienced2,,,,,
2025-11-19 17:27:03.053Z,GAME_ACTION,down,4.0,6.0,,4.0,11.0,,,,experienced2,,,,,
2025-11-19 17:27:03.221Z,GAME_ACTION,down,4.0,7.0,,4.0,11.0,,,,experienced2,,,,,
2025-11-19 17:27:03.445Z,GAME_ACTION,down,4.0,8.0,,4.0,11.0,,,,experienced2,,,,,
2025-11-19 17:27:04.461Z,GAME_ACTION,left,4.0,9.0,,4.0,11.0,,,,experienced2,,,,,
2025-11-19 17:27:04.621Z,GAME_ACTION,left,3.0,9.0,,4.0,11.0,,,,experienced2,,,,,
2025-11-19 17:27:04.798Z,GAME_ACTION,left,2.0,9.0,,4.0,11.0,,,,experienced2,,,,,
2025-11-19 17:27:04.965Z,GAME_ACTION,left,1.0,9.0,,4.0,11.0,,,,experienced2,,,,,
2025-11-19 17:27:05.149Z,GAME_ACTION,left,0.0,9.0,,4.0,11.0,,,,experienced2,,,,,
2025-11-19 17:27:05.861Z,GAME_ACTION,down,0.0,9.0,,4.0,11.0,,,,experienced2,,,,,
2025-11-19 17:27:06.300Z,GAME_ACTION,down,0.0,10.0,,4.0,11.0,,,,experienced2,,,,,
2025-11-19 17:27:06.300Z,INTERACTION,,0.0,10.0,,4.0,11.0,,,,experienced2,,,,treasure_interaction,B
2025-11-19 17:27:06.300Z,LEVEL_COMPLETE,,0.0,10.0,,4.0,11.0,,,,experienced2,,,,,
2025-11-19 17:27:09.303Z,LEVEL_COMPLETE,,0.0,10.0,,4.0,11.0,,,-75.0,experienced2,,,,,

Level: sm541_2
Timestamp,Type,Player Action,Player X,Player Y,Observed Agent ID,NPC 1 X,NPC 1 Y,NPC 2 X,NPC 2 Y,Steps Remaining,NPC 1 Path Type,NPC 1 Path Index,NPC 2 Path Type,NPC 2 Path Index,Interaction Type,Interaction Details
2025-11-19 17:27:55.566Z,LEVEL_START,,,,,,,,,,,,,,,
2025-11-19 17:27:55.571Z,LEVEL_START,,,,,,,,,,,,,,,
2025-11-19 17:28:10.029Z,GAME_ACTION,down,0.0,7.0,,,,,,,,,,,,
2025-11-19 17:28:10.485Z,GAME_ACTION,down,0.0,8.0,,,,,,,,,,,,
2025-11-19 17:28:11.509Z,GAME_ACTION,right,0.0,9.0,,,,,,,,,,,,
2025-11-19 17:28:11.869Z,GAME_ACTION,right,1.0,9.0,,,,,,,,,,,,
2025-11-19 17:28:12.173Z,GAME_ACTION,right,2.0,9.0,,,,,,,,,,,,
2025-11-19 17:28:12.493Z,GAME_ACTION,right,3.0,9.0,,,,,,,,,,,,
2025-11-19 17:28:12.869Z,GAME_ACTION,right,4.0,9.0,,,,,,,,,,,,
2025-11-19 17:28:14.384Z,GAME_ACTION,up,5.0,9.0,,,,,,,,,,,,
2025-11-19 17:28:14.599Z,GAME_ACTION,up,5.0,8.0,,,,,,,,,,,,
2025-11-19 17:28:14.757Z,GAME_ACTION,up,5.0,7.0,,,,,,,,,,,,
2025-11-19 17:28:14.933Z,GAME_ACTION,up,5.0,6.0,,,,,,,,,,,,
2025-11-19 17:28:15.116Z,GAME_ACTION,up,5.0,5.0,,,,,,,,,,,,
2025-11-19 17:28:15.293Z,GAME_ACTION,up,5.0,4.0,,,,,,,,,,,,
2025-11-19 17:28:15.557Z,GAME_ACTION,up,5.0,3.0,,,,,,,,,,,,
2025-11-19 17:28:16.901Z,GAME_ACTION,right,5.0,2.0,,,,,,,,,,,,
2025-11-19 17:28:17.229Z,GAME_ACTION,right,6.0,2.0,,,,,,,,,,,,
2025-11-19 17:28:17.917Z,GAME_ACTION,up,7.0,2.0,,,,,,,,,,,,
2025-11-19 17:28:18.231Z,GAME_ACTION,up,7.0,1.0,,,,,,,,,,,,
2025-11-19 17:28:18.231Z,INTERACTION,,7.0,1.0,,,,,,,,,,,wizard_interaction,
2025-11-19 17:28:19.853Z,GAME_ACTION,down,7.0,1.0,,,,,,,,,,,,
2025-11-19 17:28:21.093Z,GAME_ACTION,right,7.0,2.0,,,,,,,,,,,,
2025-11-19 17:28:21.501Z,GAME_ACTION,right,8.0,2.0,,,,,,,,,,,,
2025-11-19 17:28:22.015Z,GAME_ACTION,up,9.0,2.0,,,,,,,,,,,,
2025-11-19 17:28:22.205Z,GAME_ACTION,up,9.0,1.0,,,,,,,,,,,,
2025-11-19 17:28:22.205Z,INTERACTION,,9.0,1.0,,,,,,,,,,,wizard_interaction,
2025-11-19 17:28:23.301Z,GAME_ACTION,down,9.0,1.0,,,,,,,,,,,,
2025-11-19 17:28:24.205Z,GAME_ACTION,left,9.0,2.0,,,,,,,,,,,,
2025-11-19 17:28:24.381Z,GAME_ACTION,left,8.0,2.0,,,,,,,,,,,,
2025-11-19 17:28:24.540Z,GAME_ACTION,left,7.0,2.0,,,,,,,,,,,,
2025-11-19 17:28:24.700Z,GAME_ACTION,left,6.0,2.0,,,,,,,,,,,,
2025-11-19 17:28:24.868Z,GAME_ACTION,left,5.0,2.0,,,,,,,,,,,,
2025-11-19 17:28:25.629Z,GAME_ACTION,up,4.0,2.0,,,,,,,,,,,,
2025-11-19 17:28:25.853Z,GAME_ACTION,up,4.0,1.0,,,,,,,,,,,,
2025-11-19 17:28:25.853Z,INTERACTION,,4.0,1.0,,,,,,,,,,,wizard_interaction,
2025-11-19 17:28:27.517Z,GAME_ACTION,down,4.0,1.0,,,,,,,,,,,,
2025-11-19 17:28:28.453Z,GAME_ACTION,left,4.0,2.0,,,,,,,,,,,,
2025-11-19 17:28:28.773Z,GAME_ACTION,left,3.0,2.0,,,,,,,,,,,,
2025-11-19 17:28:29.445Z,GAME_ACTION,up,2.0,2.0,,,,,,,,,,,,
2025-11-19 17:28:29.741Z,GAME_ACTION,up,2.0,1.0,,,,,,,,,,,,
2025-11-19 17:28:29.742Z,INTERACTION,,2.0,1.0,,,,,,,,,,,wizard_interaction,blueAmulet
2025-11-19 17:28:30.893Z,GAME_ACTION,down,2.0,1.0,,,,,,,,,,,,
2025-11-19 17:28:31.710Z,GAME_ACTION,right,2.0,2.0,,,,,,,,,,,,
2025-11-19 17:28:31.917Z,GAME_ACTION,right,3.0,2.0,,,,,,,,,,,,
2025-11-19 17:28:32.124Z,GAME_ACTION,right,4.0,2.0,,,,,,,,,,,,
2025-11-19 17:28:34.829Z,GAME_ACTION,down,5.0,2.0,,,,,,,,,,,,
2025-11-19 17:28:35.245Z,GAME_ACTION,down,5.0,3.0,,,,,,,,,,,,
2025-11-19 17:28:35.669Z,GAME_ACTION,down,5.0,4.0,,,,,,,,,,,,
2025-11-19 17:28:36.181Z,GAME_ACTION,left,5.0,5.0,,,,,,,,,,,,
2025-11-19 17:28:36.340Z,GAME_ACTION,left,4.0,5.0,,,,,,,,,,,,
2025-11-19 17:28:36.516Z,GAME_ACTION,left,3.0,5.0,,,,,,,,,,,,
2025-11-19 17:28:36.677Z,GAME_ACTION,left,2.0,5.0,,,,,,,,,,,,
2025-11-19 17:28:36.853Z,GAME_ACTION,left,1.0,5.0,,,,,,,,,,,,
2025-11-19 17:28:36.853Z,INTERACTION,,1.0,5.0,,,,,,,,,,,treasure_interaction,A
2025-11-19 17:28:36.853Z,LEVEL_COMPLETE,,1.0,5.0,,,,,,,,,,,,
2025-11-19 17:28:39.861Z,LEVEL_COMPLETE,,1.0,5.0,,,,,,-23.0,,,,,,

Level: sm543_2
Timestamp,Type,Player Action,Player X,Player Y,Observed Agent ID,NPC 1 X,NPC 1 Y,NPC 2 X,NPC 2 Y,Steps Remaining,NPC 1 Path Type,NPC 1 Path Index,NPC 2 Path Type,NPC 2 Path Index,Interaction Type,Interaction Details
2025-11-19 17:31:11.452Z,LEVEL_START,,,,,,,,,,,,,,,
2025-11-19 17:31:11.454Z,LEVEL_START,,,,,,,,,,,,,,,
2025-11-19 17:31:24.190Z,GAME_ACTION,left,3.0,0.0,,,,,,,,,,,,
2025-11-19 17:31:24.438Z,GAME_ACTION,left,2.0,0.0,,,,,,,,,,,,
2025-11-19 17:31:24.438Z,INTERACTION,,2.0,0.0,,,,,,,,,,,wizard_interaction,
2025-11-19 17:31:25.821Z,GAME_ACTION,right,2.0,0.0,,,,,,,,,,,,
2025-11-19 17:31:25.997Z,GAME_ACTION,right,3.0,0.0,,,,,,,,,,,,
2025-11-19 17:31:26.174Z,GAME_ACTION,right,4.0,0.0,,,,,,,,,,,,
2025-11-19 17:31:26.174Z,INTERACTION,,4.0,0.0,,,,,,,,,,,wizard_interaction,blueAmulet
2025-11-19 17:31:26.390Z,GAME_ACTION,right,4.0,0.0,,,,,,,,,,,,
2025-11-19 17:31:27.381Z,GAME_ACTION,left,4.0,0.0,,,,,,,,,,,,
2025-11-19 17:31:28.471Z,GAME_ACTION,down,3.0,0.0,,,,,,,,,,,,
2025-11-19 17:31:28.817Z,GAME_ACTION,down,3.0,1.0,,,,,,,,,,,,
2025-11-19 17:31:30.191Z,GAME_ACTION,right,3.0,2.0,,,,,,,,,,,,
2025-11-19 17:31:30.567Z,GAME_ACTION,right,4.0,2.0,,,,,,,,,,,,
2025-11-19 17:31:31.287Z,GAME_ACTION,down,5.0,2.0,,,,,,,,,,,,
2025-11-19 17:31:31.719Z,GAME_ACTION,down,5.0,3.0,,,,,,,,,,,,
2025-11-19 17:31:32.368Z,GAME_ACTION,down,5.0,4.0,,,,,,,,,,,,
2025-11-19 17:31:33.111Z,GAME_ACTION,left,5.0,5.0,,,,,,,,,,,,
2025-11-19 17:31:33.255Z,GAME_ACTION,left,4.0,5.0,,,,,,,,,,,,
2025-11-19 17:31:33.417Z,GAME_ACTION,left,3.0,5.0,,,,,,,,,,,,
2025-11-19 17:31:33.585Z,GAME_ACTION,left,2.0,5.0,,,,,,,,,,,,
2025-11-19 17:31:33.734Z,GAME_ACTION,left,1.0,5.0,,,,,,,,,,,,
2025-11-19 17:31:33.734Z,INTERACTION,,1.0,5.0,,,,,,,,,,,treasure_interaction,A
2025-11-19 17:31:33.734Z,LEVEL_COMPLETE,,1.0,5.0,,,,,,,,,,,,
2025-11-19 17:31:36.736Z,LEVEL_COMPLETE,,1.0,5.0,,,,,,21.0,,,,,,

