Session ID,u1761001052360
Completed At,2025-10-20 23:14:25.533Z
Created At,2025-10-20 22:57:32.360Z

User Data
prolificId,67508fdb923229a00abf2aa7
age,58
gender,male
feedback,I thought the game was fun and it draws you in.
timestamp,1761002074855

Comprehension Check
Passed,TRUE

Level: comprehension_check
Timestamp,Type,Player Action,Player X,Player Y,NPC X,NPC Y,Steps Remaining,NPC Path Type,NPC Current Path Index,Interaction Type,Interaction Details
2025-10-20 23:02:20.844Z,INTERACTION,,,,,,,,,comprehension_check,failed
2025-10-20 23:02:35.867Z,INTERACTION,,,,,,,,,comprehension_check,passed

Level: experiment
Timestamp,Type,Player Action,Player X,Player Y,NPC X,NPC Y,Steps Remaining,NPC Path Type,NPC Current Path Index,Interaction Type,Interaction Details
2025-10-20 23:13:55.524Z,EXPERIMENT_COMPLETE,,,,,,,,,,

Level: s111_1
Timestamp,Type,Player Action,Player X,Player Y,NPC X,NPC Y,Steps Remaining,NPC Path Type,NPC Current Path Index,Interaction Type,Interaction Details
2025-10-20 22:57:32.557Z,LEVEL_START,,,,,,,,,,
2025-10-20 22:57:32.656Z,LEVEL_START,,,,,,,,,,
2025-10-20 23:02:52.948Z,AGENT_OBSERVE,,5.0,7.0,5.0,5.0,,experienced1,,,
2025-10-20 23:02:58.003Z,GAME_ACTION,up,5.0,7.0,5.0,5.0,,experienced1,,,
2025-10-20 23:03:06.163Z,AGENT_OBSERVE,,5.0,6.0,5.0,6.0,,experienced1,,,
2025-10-20 23:03:10.243Z,GAME_ACTION,up,5.0,6.0,5.0,6.0,,experienced1,,,
2025-10-20 23:03:14.795Z,GAME_ACTION,left,5.0,5.0,5.0,6.0,,experienced1,,,
2025-10-20 23:03:15.091Z,GAME_ACTION,left,4.0,5.0,5.0,6.0,,experienced1,,,
2025-10-20 23:03:15.587Z,GAME_ACTION,left,3.0,5.0,5.0,6.0,,experienced1,,,
2025-10-20 23:03:15.923Z,GAME_ACTION,left,2.0,5.0,5.0,6.0,,experienced1,,,
2025-10-20 23:03:15.923Z,INTERACTION,,2.0,5.0,5.0,6.0,,experienced1,,wizard_interaction,
2025-10-20 23:03:19.219Z,AGENT_OBSERVE,,2.0,5.0,5.0,7.0,,experienced1,,,
2025-10-20 23:03:22.411Z,GAME_ACTION,left,2.0,5.0,5.0,7.0,,experienced1,,,
2025-10-20 23:03:22.683Z,GAME_ACTION,left,2.0,5.0,5.0,7.0,,experienced1,,,
2025-10-20 23:03:23.619Z,GAME_ACTION,right,2.0,5.0,5.0,7.0,,experienced1,,,
2025-10-20 23:03:23.883Z,GAME_ACTION,right,3.0,5.0,5.0,7.0,,experienced1,,,
2025-10-20 23:03:24.131Z,GAME_ACTION,right,4.0,5.0,5.0,7.0,,experienced1,,,
2025-10-20 23:03:24.355Z,GAME_ACTION,right,5.0,5.0,5.0,7.0,,experienced1,,,
2025-10-20 23:03:24.603Z,GAME_ACTION,right,6.0,5.0,5.0,7.0,,experienced1,,,
2025-10-20 23:03:24.843Z,GAME_ACTION,right,7.0,5.0,5.0,7.0,,experienced1,,,
2025-10-20 23:03:25.115Z,GAME_ACTION,right,8.0,5.0,5.0,7.0,,experienced1,,,
2025-10-20 23:03:25.115Z,INTERACTION,,8.0,5.0,5.0,7.0,,experienced1,,wizard_interaction,blueAmulet
2025-10-20 23:03:31.843Z,GAME_ACTION,left,8.0,5.0,5.0,7.0,,experienced1,,,
2025-10-20 23:03:32.291Z,GAME_ACTION,left,7.0,5.0,5.0,7.0,,experienced1,,,
2025-10-20 23:03:32.787Z,GAME_ACTION,left,6.0,5.0,5.0,7.0,,experienced1,,,
2025-10-20 23:03:34.899Z,AGENT_OBSERVE,,5.0,5.0,5.0,8.0,,experienced1,,,
2025-10-20 23:03:38.563Z,GAME_ACTION,down,5.0,5.0,5.0,8.0,,experienced1,,,
2025-10-20 23:03:38.915Z,GAME_ACTION,down,5.0,6.0,5.0,8.0,,experienced1,,,
2025-10-20 23:03:39.259Z,GAME_ACTION,down,5.0,7.0,5.0,8.0,,experienced1,,,
2025-10-20 23:03:39.603Z,GAME_ACTION,down,5.0,8.0,5.0,8.0,,experienced1,,,
2025-10-20 23:03:41.187Z,GAME_ACTION,right,5.0,9.0,5.0,8.0,,experienced1,,,
2025-10-20 23:03:41.523Z,GAME_ACTION,right,6.0,9.0,5.0,8.0,,experienced1,,,
2025-10-20 23:03:41.851Z,GAME_ACTION,right,7.0,9.0,5.0,8.0,,experienced1,,,
2025-10-20 23:03:42.179Z,GAME_ACTION,right,8.0,9.0,5.0,8.0,,experienced1,,,
2025-10-20 23:03:42.179Z,INTERACTION,,8.0,9.0,5.0,8.0,,experienced1,,treasure_interaction,B
2025-10-20 23:03:42.179Z,LEVEL_COMPLETE,,8.0,9.0,5.0,8.0,,experienced1,,,
2025-10-20 23:03:45.180Z,LEVEL_COMPLETE,,8.0,9.0,5.0,8.0,19.0,experienced1,,,

Level: s112_2
Timestamp,Type,Player Action,Player X,Player Y,NPC X,NPC Y,Steps Remaining,NPC Path Type,NPC Current Path Index,Interaction Type,Interaction Details
2025-10-20 23:03:45.383Z,LEVEL_START,,,,,,,,,,
2025-10-20 23:03:45.384Z,LEVEL_START,,,,,,,,,,
2025-10-20 23:04:00.483Z,AGENT_OBSERVE,,5.0,7.0,5.0,5.0,,experienced2,,,
2025-10-20 23:04:12.314Z,GAME_ACTION,down,5.0,7.0,5.0,5.0,,experienced2,,,
2025-10-20 23:04:12.851Z,GAME_ACTION,down,5.0,8.0,5.0,5.0,,experienced2,,,
2025-10-20 23:04:14.483Z,GAME_ACTION,left,5.0,9.0,5.0,5.0,,experienced2,,,
2025-10-20 23:04:14.810Z,GAME_ACTION,left,4.0,9.0,5.0,5.0,,experienced2,,,
2025-10-20 23:04:15.138Z,GAME_ACTION,left,3.0,9.0,5.0,5.0,,experienced2,,,
2025-10-20 23:04:15.467Z,GAME_ACTION,left,2.0,9.0,5.0,5.0,,experienced2,,,
2025-10-20 23:04:16.842Z,GAME_ACTION,down,1.0,9.0,5.0,5.0,,experienced2,,,
2025-10-20 23:04:17.146Z,GAME_ACTION,down,1.0,10.0,5.0,5.0,,experienced2,,,
2025-10-20 23:04:17.147Z,INTERACTION,,1.0,10.0,5.0,5.0,,experienced2,,wizard_interaction,redAmulet
2025-10-20 23:04:20.155Z,GAME_ACTION,up,1.0,10.0,5.0,5.0,,experienced2,,,
2025-10-20 23:04:20.522Z,GAME_ACTION,up,1.0,9.0,5.0,5.0,,experienced2,,,
2025-10-20 23:04:22.250Z,GAME_ACTION,right,1.0,9.0,5.0,5.0,,experienced2,,,
2025-10-20 23:04:22.626Z,GAME_ACTION,right,2.0,9.0,5.0,5.0,,experienced2,,,
2025-10-20 23:04:23.074Z,GAME_ACTION,right,3.0,9.0,5.0,5.0,,experienced2,,,
2025-10-20 23:04:23.658Z,GAME_ACTION,right,4.0,9.0,5.0,5.0,,experienced2,,,
2025-10-20 23:04:25.723Z,AGENT_OBSERVE,,5.0,9.0,5.0,6.0,,experienced2,,,
2025-10-20 23:04:27.498Z,GAME_ACTION,down,5.0,9.0,5.0,6.0,,experienced2,,,
2025-10-20 23:04:28.066Z,GAME_ACTION,down,5.0,10.0,5.0,6.0,,experienced2,,,
2025-10-20 23:04:28.066Z,INTERACTION,,5.0,10.0,5.0,6.0,,experienced2,,wizard_interaction,blueAmulet
2025-10-20 23:04:30.107Z,GAME_ACTION,up,5.0,10.0,5.0,6.0,,experienced2,,,
2025-10-20 23:04:30.594Z,GAME_ACTION,up,5.0,9.0,5.0,6.0,,experienced2,,,
2025-10-20 23:04:31.106Z,GAME_ACTION,up,5.0,8.0,5.0,6.0,,experienced2,,,
2025-10-20 23:04:32.298Z,GAME_ACTION,left,5.0,7.0,5.0,6.0,,experienced2,,,
2025-10-20 23:04:32.810Z,GAME_ACTION,left,4.0,7.0,5.0,6.0,,experienced2,,,
2025-10-20 23:04:33.490Z,GAME_ACTION,left,3.0,7.0,5.0,6.0,,experienced2,,,
2025-10-20 23:04:34.218Z,GAME_ACTION,left,2.0,7.0,5.0,6.0,,experienced2,,,
2025-10-20 23:04:34.218Z,INTERACTION,,2.0,7.0,5.0,6.0,,experienced2,,treasure_interaction,B
2025-10-20 23:04:34.218Z,LEVEL_COMPLETE,,2.0,7.0,5.0,6.0,,experienced2,,,
2025-10-20 23:04:37.219Z,LEVEL_COMPLETE,,2.0,7.0,5.0,6.0,8.0,experienced2,,,

Level: s311_2
Timestamp,Type,Player Action,Player X,Player Y,NPC X,NPC Y,Steps Remaining,NPC Path Type,NPC Current Path Index,Interaction Type,Interaction Details
2025-10-20 23:04:37.417Z,LEVEL_START,,,,,,,,,,
2025-10-20 23:04:37.424Z,LEVEL_START,,,,,,,,,,
2025-10-20 23:05:02.674Z,AGENT_OBSERVE,,2.0,7.0,1.0,5.0,,experienced2,,,
2025-10-20 23:05:08.674Z,AGENT_OBSERVE,,2.0,7.0,1.0,5.0,,experienced2,,,
2025-10-20 23:05:11.730Z,AGENT_OBSERVE,,2.0,7.0,2.0,5.0,,experienced2,,,
2025-10-20 23:05:19.962Z,GAME_ACTION,up,2.0,7.0,2.0,5.0,,experienced2,,,
2025-10-20 23:05:20.314Z,GAME_ACTION,up,2.0,6.0,2.0,5.0,,experienced2,,,
2025-10-20 23:05:20.810Z,GAME_ACTION,up,2.0,5.0,2.0,5.0,,experienced2,,,
2025-10-20 23:05:21.242Z,GAME_ACTION,up,2.0,4.0,2.0,5.0,,experienced2,,,
2025-10-20 23:05:23.578Z,AGENT_OBSERVE,,2.0,3.0,2.0,6.0,,experienced2,,,
2025-10-20 23:05:24.818Z,GAME_ACTION,up,2.0,3.0,2.0,6.0,,experienced2,,,
2025-10-20 23:05:25.658Z,GAME_ACTION,left,2.0,3.0,2.0,6.0,,experienced2,,,
2025-10-20 23:05:25.954Z,GAME_ACTION,left,1.0,3.0,2.0,6.0,,experienced2,,,
2025-10-20 23:05:26.634Z,GAME_ACTION,up,0.0,3.0,2.0,6.0,,experienced2,,,
2025-10-20 23:05:26.946Z,GAME_ACTION,up,0.0,2.0,2.0,6.0,,experienced2,,,
2025-10-20 23:05:27.258Z,GAME_ACTION,up,0.0,1.0,2.0,6.0,,experienced2,,,
2025-10-20 23:05:27.258Z,INTERACTION,,0.0,1.0,2.0,6.0,,experienced2,,wizard_interaction,
2025-10-20 23:05:29.578Z,GAME_ACTION,down,0.0,1.0,2.0,6.0,,experienced2,,,
2025-10-20 23:05:30.034Z,GAME_ACTION,down,0.0,2.0,2.0,6.0,,experienced2,,,
2025-10-20 23:05:30.946Z,GAME_ACTION,right,0.0,3.0,2.0,6.0,,experienced2,,,
2025-10-20 23:05:31.290Z,GAME_ACTION,right,1.0,3.0,2.0,6.0,,experienced2,,,
2025-10-20 23:05:31.690Z,GAME_ACTION,right,2.0,3.0,2.0,6.0,,experienced2,,,
2025-10-20 23:05:32.914Z,GAME_ACTION,up,3.0,3.0,2.0,6.0,,experienced2,,,
2025-10-20 23:05:33.226Z,GAME_ACTION,up,3.0,2.0,2.0,6.0,,experienced2,,,
2025-10-20 23:05:33.658Z,GAME_ACTION,up,3.0,1.0,2.0,6.0,,experienced2,,,
2025-10-20 23:05:33.658Z,INTERACTION,,3.0,1.0,2.0,6.0,,experienced2,,wizard_interaction,
2025-10-20 23:05:35.299Z,GAME_ACTION,down,3.0,1.0,2.0,6.0,,experienced2,,,
2025-10-20 23:05:35.562Z,GAME_ACTION,down,3.0,2.0,2.0,6.0,,experienced2,,,
2025-10-20 23:05:37.730Z,GAME_ACTION,right,3.0,3.0,2.0,6.0,,experienced2,,,
2025-10-20 23:05:38.002Z,GAME_ACTION,right,4.0,3.0,2.0,6.0,,experienced2,,,
2025-10-20 23:05:38.322Z,GAME_ACTION,right,5.0,3.0,2.0,6.0,,experienced2,,,
2025-10-20 23:05:39.090Z,GAME_ACTION,right,7.0,3.0,2.0,6.0,,experienced2,,,
2025-10-20 23:05:39.482Z,GAME_ACTION,right,8.0,3.0,2.0,6.0,,experienced2,,,
2025-10-20 23:05:39.882Z,GAME_ACTION,right,9.0,3.0,2.0,6.0,,experienced2,,,
2025-10-20 23:05:40.730Z,GAME_ACTION,up,10.0,3.0,2.0,6.0,,experienced2,,,
2025-10-20 23:05:40.946Z,GAME_ACTION,up,10.0,2.0,2.0,6.0,,experienced2,,,
2025-10-20 23:05:41.194Z,GAME_ACTION,up,10.0,1.0,2.0,6.0,,experienced2,,,
2025-10-20 23:05:41.194Z,INTERACTION,,10.0,1.0,2.0,6.0,,experienced2,,wizard_interaction,blueAmulet
2025-10-20 23:05:42.914Z,GAME_ACTION,down,10.0,1.0,2.0,6.0,,experienced2,,,
2025-10-20 23:05:43.178Z,GAME_ACTION,down,10.0,2.0,2.0,6.0,,experienced2,,,
2025-10-20 23:05:45.194Z,GAME_ACTION,left,10.0,3.0,2.0,6.0,,experienced2,,,
2025-10-20 23:05:45.442Z,GAME_ACTION,left,9.0,3.0,2.0,6.0,,experienced2,,,
2025-10-20 23:05:45.706Z,GAME_ACTION,left,8.0,3.0,2.0,6.0,,experienced2,,,
2025-10-20 23:05:46.025Z,GAME_ACTION,left,7.0,3.0,2.0,6.0,,experienced2,,,
2025-10-20 23:05:46.538Z,GAME_ACTION,left,6.0,3.0,2.0,6.0,,experienced2,,,
2025-10-20 23:05:46.866Z,GAME_ACTION,left,5.0,3.0,2.0,6.0,,experienced2,,,
2025-10-20 23:05:48.026Z,GAME_ACTION,left,4.0,3.0,2.0,6.0,,experienced2,,,
2025-10-20 23:05:48.394Z,GAME_ACTION,left,3.0,3.0,2.0,6.0,,experienced2,,,
2025-10-20 23:05:49.658Z,GAME_ACTION,down,2.0,3.0,2.0,6.0,,experienced2,,,
2025-10-20 23:05:49.914Z,GAME_ACTION,down,2.0,4.0,2.0,6.0,,experienced2,,,
2025-10-20 23:05:50.194Z,GAME_ACTION,down,2.0,5.0,2.0,6.0,,experienced2,,,
2025-10-20 23:05:50.713Z,GAME_ACTION,down,2.0,6.0,2.0,6.0,,experienced2,,,
2025-10-20 23:05:51.026Z,GAME_ACTION,down,2.0,7.0,2.0,6.0,,experienced2,,,
2025-10-20 23:05:51.346Z,GAME_ACTION,down,2.0,8.0,2.0,6.0,,experienced2,,,
2025-10-20 23:05:51.721Z,GAME_ACTION,down,2.0,9.0,2.0,6.0,,experienced2,,,
2025-10-20 23:05:52.834Z,GAME_ACTION,left,2.0,9.0,2.0,6.0,,experienced2,,,
2025-10-20 23:05:53.458Z,GAME_ACTION,left,1.0,9.0,2.0,6.0,,experienced2,,,
2025-10-20 23:05:54.578Z,GAME_ACTION,down,0.0,9.0,2.0,6.0,,experienced2,,,
2025-10-20 23:05:55.946Z,GAME_ACTION,down,0.0,10.0,2.0,6.0,,experienced2,,,
2025-10-20 23:05:55.946Z,INTERACTION,,0.0,10.0,2.0,6.0,,experienced2,,treasure_interaction,B
2025-10-20 23:05:55.946Z,LEVEL_COMPLETE,,0.0,10.0,2.0,6.0,,experienced2,,,
2025-10-20 23:05:58.947Z,LEVEL_COMPLETE,,0.0,10.0,2.0,6.0,-23.0,experienced2,,,

Level: s321_1
Timestamp,Type,Player Action,Player X,Player Y,NPC X,NPC Y,Steps Remaining,NPC Path Type,NPC Current Path Index,Interaction Type,Interaction Details
2025-10-20 23:08:06.917Z,LEVEL_START,,,,,,,,,,
2025-10-20 23:08:06.919Z,LEVEL_START,,,,,,,,,,
2025-10-20 23:08:20.441Z,AGENT_OBSERVE,,0.0,9.0,4.0,8.0,,experienced1,,,
2025-10-20 23:08:20.833Z,AGENT_OBSERVE,,0.0,9.0,4.0,7.0,,experienced1,,,
2025-10-20 23:08:21.329Z,AGENT_OBSERVE,,0.0,9.0,4.0,6.0,,experienced1,,,
2025-10-20 23:08:25.809Z,GAME_ACTION,right,0.0,9.0,4.0,6.0,,experienced1,,,
2025-10-20 23:08:26.256Z,GAME_ACTION,right,1.0,9.0,4.0,6.0,,experienced1,,,
2025-10-20 23:08:26.641Z,GAME_ACTION,right,2.0,9.0,4.0,6.0,,experienced1,,,
2025-10-20 23:08:27.105Z,GAME_ACTION,right,3.0,9.0,4.0,6.0,,experienced1,,,
2025-10-20 23:08:28.177Z,GAME_ACTION,up,4.0,9.0,4.0,6.0,,experienced1,,,
2025-10-20 23:08:28.409Z,GAME_ACTION,up,4.0,8.0,4.0,6.0,,experienced1,,,
2025-10-20 23:08:28.625Z,GAME_ACTION,up,4.0,7.0,4.0,6.0,,experienced1,,,
2025-10-20 23:08:28.865Z,GAME_ACTION,up,4.0,6.0,4.0,6.0,,experienced1,,,
2025-10-20 23:08:29.089Z,GAME_ACTION,up,4.0,5.0,4.0,6.0,,experienced1,,,
2025-10-20 23:08:29.345Z,GAME_ACTION,up,4.0,4.0,4.0,6.0,,experienced1,,,
2025-10-20 23:08:30.729Z,GAME_ACTION,left,4.0,3.0,4.0,6.0,,experienced1,,,
2025-10-20 23:08:30.961Z,GAME_ACTION,left,3.0,3.0,4.0,6.0,,experienced1,,,
2025-10-20 23:08:31.217Z,GAME_ACTION,left,2.0,3.0,4.0,6.0,,experienced1,,,
2025-10-20 23:08:31.505Z,GAME_ACTION,left,1.0,3.0,4.0,6.0,,experienced1,,,
2025-10-20 23:08:32.393Z,GAME_ACTION,up,0.0,3.0,4.0,6.0,,experienced1,,,
2025-10-20 23:08:32.649Z,GAME_ACTION,up,0.0,2.0,4.0,6.0,,experienced1,,,
2025-10-20 23:08:32.953Z,INTERACTION,,0.0,2.0,4.0,6.0,,experienced1,,wizard_interaction,blueAmulet
2025-10-20 23:08:32.953Z,GAME_ACTION,up,0.0,1.0,4.0,6.0,,experienced1,,,
2025-10-20 23:08:37.272Z,GAME_ACTION,down,0.0,2.0,4.0,6.0,,experienced1,,,
2025-10-20 23:08:38.633Z,GAME_ACTION,right,0.0,3.0,4.0,6.0,,experienced1,,,
2025-10-20 23:08:38.872Z,GAME_ACTION,right,1.0,3.0,4.0,6.0,,experienced1,,,
2025-10-20 23:08:39.136Z,GAME_ACTION,right,2.0,3.0,4.0,6.0,,experienced1,,,
2025-10-20 23:08:39.425Z,GAME_ACTION,right,3.0,3.0,4.0,6.0,,experienced1,,,
2025-10-20 23:08:42.041Z,GAME_ACTION,down,4.0,3.0,4.0,6.0,,experienced1,,,
2025-10-20 23:08:42.329Z,GAME_ACTION,down,4.0,4.0,4.0,6.0,,experienced1,,,
2025-10-20 23:08:42.584Z,GAME_ACTION,down,4.0,5.0,4.0,6.0,,experienced1,,,
2025-10-20 23:08:42.856Z,GAME_ACTION,down,4.0,6.0,4.0,6.0,,experienced1,,,
2025-10-20 23:08:43.161Z,GAME_ACTION,down,4.0,7.0,4.0,6.0,,experienced1,,,
2025-10-20 23:08:43.513Z,GAME_ACTION,down,4.0,8.0,4.0,6.0,,experienced1,,,
2025-10-20 23:08:45.041Z,GAME_ACTION,left,4.0,9.0,4.0,6.0,,experienced1,,,
2025-10-20 23:08:45.328Z,GAME_ACTION,left,3.0,9.0,4.0,6.0,,experienced1,,,
2025-10-20 23:08:45.672Z,GAME_ACTION,left,2.0,9.0,4.0,6.0,,experienced1,,,
2025-10-20 23:08:46.120Z,GAME_ACTION,left,1.0,9.0,4.0,6.0,,experienced1,,,
2025-10-20 23:08:47.288Z,GAME_ACTION,down,0.0,9.0,4.0,6.0,,experienced1,,,
2025-10-20 23:08:47.673Z,GAME_ACTION,down,0.0,10.0,4.0,6.0,,experienced1,,,
2025-10-20 23:08:47.673Z,INTERACTION,,0.0,10.0,4.0,6.0,,experienced1,,treasure_interaction,B
2025-10-20 23:08:47.673Z,LEVEL_COMPLETE,,0.0,10.0,4.0,6.0,,experienced1,,,
2025-10-20 23:08:50.675Z,LEVEL_COMPLETE,,0.0,10.0,4.0,6.0,24.0,experienced1,,,

Level: s341_1
Timestamp,Type,Player Action,Player X,Player Y,NPC X,NPC Y,Steps Remaining,NPC Path Type,NPC Current Path Index,Interaction Type,Interaction Details
2025-10-20 23:07:17.291Z,LEVEL_START,,,,,,,,,,
2025-10-20 23:07:17.293Z,LEVEL_START,,,,,,,,,,
2025-10-20 23:07:33.713Z,AGENT_OBSERVE,,10.0,8.0,7.0,3.0,,experienced1,,,
2025-10-20 23:07:34.193Z,AGENT_OBSERVE,,10.0,8.0,6.0,3.0,,experienced1,,,
2025-10-20 23:07:34.633Z,AGENT_OBSERVE,,10.0,8.0,5.0,3.0,,experienced1,,,
2025-10-20 23:07:35.025Z,AGENT_OBSERVE,,10.0,8.0,4.0,3.0,,experienced1,,,
2025-10-20 23:07:35.409Z,AGENT_OBSERVE,,10.0,8.0,3.0,3.0,,experienced1,,,
2025-10-20 23:07:35.881Z,AGENT_OBSERVE,,10.0,8.0,2.0,3.0,,experienced1,,,
2025-10-20 23:07:36.377Z,AGENT_OBSERVE,,10.0,8.0,1.0,3.0,,experienced1,,,
2025-10-20 23:07:36.937Z,AGENT_OBSERVE,,10.0,8.0,0.0,3.0,,experienced1,,,
2025-10-20 23:07:41.849Z,GAME_ACTION,left,10.0,8.0,0.0,3.0,,experienced1,,,
2025-10-20 23:07:43.441Z,GAME_ACTION,left,9.0,8.0,0.0,3.0,,experienced1,,,
2025-10-20 23:07:44.081Z,GAME_ACTION,left,8.0,8.0,0.0,3.0,,experienced1,,,
2025-10-20 23:07:44.969Z,GAME_ACTION,up,7.0,8.0,0.0,3.0,,experienced1,,,
2025-10-20 23:07:45.249Z,GAME_ACTION,up,7.0,7.0,0.0,3.0,,experienced1,,,
2025-10-20 23:07:45.529Z,GAME_ACTION,up,7.0,6.0,0.0,3.0,,experienced1,,,
2025-10-20 23:07:45.793Z,GAME_ACTION,up,7.0,5.0,0.0,3.0,,experienced1,,,
2025-10-20 23:07:46.161Z,GAME_ACTION,up,7.0,4.0,0.0,3.0,,experienced1,,,
2025-10-20 23:07:47.353Z,GAME_ACTION,left,7.0,3.0,0.0,3.0,,experienced1,,,
2025-10-20 23:07:47.585Z,GAME_ACTION,left,6.0,3.0,0.0,3.0,,experienced1,,,
2025-10-20 23:07:47.809Z,GAME_ACTION,left,5.0,3.0,0.0,3.0,,experienced1,,,
2025-10-20 23:07:48.041Z,GAME_ACTION,left,4.0,3.0,0.0,3.0,,experienced1,,,
2025-10-20 23:07:48.297Z,GAME_ACTION,left,3.0,3.0,0.0,3.0,,experienced1,,,
2025-10-20 23:07:48.545Z,GAME_ACTION,left,2.0,3.0,0.0,3.0,,experienced1,,,
2025-10-20 23:07:48.865Z,GAME_ACTION,left,1.0,3.0,0.0,3.0,,experienced1,,,
2025-10-20 23:07:49.225Z,GAME_ACTION,left,0.0,3.0,0.0,3.0,,experienced1,,,
2025-10-20 23:07:50.265Z,GAME_ACTION,down,0.0,3.0,0.0,3.0,,experienced1,,,
2025-10-20 23:07:50.625Z,GAME_ACTION,down,0.0,4.0,0.0,3.0,,experienced1,,,
2025-10-20 23:07:50.625Z,INTERACTION,,0.0,4.0,0.0,3.0,,experienced1,,wizard_interaction,blueAmulet
2025-10-20 23:07:52.921Z,GAME_ACTION,up,0.0,4.0,0.0,3.0,,experienced1,,,
2025-10-20 23:07:53.297Z,GAME_ACTION,up,0.0,3.0,0.0,3.0,,experienced1,,,
2025-10-20 23:07:54.937Z,GAME_ACTION,right,0.0,3.0,0.0,3.0,,experienced1,,,
2025-10-20 23:07:55.257Z,GAME_ACTION,right,1.0,3.0,0.0,3.0,,experienced1,,,
2025-10-20 23:07:55.561Z,GAME_ACTION,right,2.0,3.0,0.0,3.0,,experienced1,,,
2025-10-20 23:07:55.897Z,GAME_ACTION,right,3.0,3.0,0.0,3.0,,experienced1,,,
2025-10-20 23:07:56.265Z,GAME_ACTION,right,4.0,3.0,0.0,3.0,,experienced1,,,
2025-10-20 23:07:56.617Z,GAME_ACTION,right,5.0,3.0,0.0,3.0,,experienced1,,,
2025-10-20 23:07:57.201Z,GAME_ACTION,right,6.0,3.0,0.0,3.0,,experienced1,,,
2025-10-20 23:07:58.129Z,GAME_ACTION,down,7.0,3.0,0.0,3.0,,experienced1,,,
2025-10-20 23:07:58.433Z,GAME_ACTION,down,7.0,4.0,0.0,3.0,,experienced1,,,
2025-10-20 23:07:58.753Z,GAME_ACTION,down,7.0,5.0,0.0,3.0,,experienced1,,,
2025-10-20 23:07:59.097Z,GAME_ACTION,down,7.0,6.0,0.0,3.0,,experienced1,,,
2025-10-20 23:07:59.473Z,GAME_ACTION,down,7.0,7.0,0.0,3.0,,experienced1,,,
2025-10-20 23:08:00.737Z,GAME_ACTION,left,7.0,8.0,0.0,3.0,,experienced1,,,
2025-10-20 23:08:01.393Z,GAME_ACTION,left,6.0,8.0,0.0,3.0,,experienced1,,,
2025-10-20 23:08:02.545Z,GAME_ACTION,down,5.0,8.0,0.0,3.0,,experienced1,,,
2025-10-20 23:08:03.233Z,GAME_ACTION,down,5.0,9.0,0.0,3.0,,experienced1,,,
2025-10-20 23:08:03.721Z,GAME_ACTION,down,5.0,10.0,0.0,3.0,,experienced1,,,
2025-10-20 23:08:03.721Z,INTERACTION,,5.0,10.0,0.0,3.0,,experienced1,,treasure_interaction,B
2025-10-20 23:08:03.721Z,LEVEL_COMPLETE,,5.0,10.0,0.0,3.0,,experienced1,,,
2025-10-20 23:08:06.721Z,LEVEL_COMPLETE,,5.0,10.0,0.0,3.0,19.0,experienced1,,,

Level: s361_2
Timestamp,Type,Player Action,Player X,Player Y,NPC X,NPC Y,Steps Remaining,NPC Path Type,NPC Current Path Index,Interaction Type,Interaction Details
2025-10-20 23:09:46.311Z,LEVEL_START,,,,,,,,,,
2025-10-20 23:09:46.311Z,LEVEL_START,,,,,,,,,,
2025-10-20 23:10:02.368Z,AGENT_OBSERVE,,4.0,7.0,5.0,5.0,,experienced2,,,
2025-10-20 23:10:06.600Z,GAME_ACTION,up,4.0,7.0,5.0,5.0,,experienced2,,,
2025-10-20 23:10:06.872Z,GAME_ACTION,up,4.0,6.0,5.0,5.0,,experienced2,,,
2025-10-20 23:10:07.168Z,GAME_ACTION,up,4.0,5.0,5.0,5.0,,experienced2,,,
2025-10-20 23:10:07.536Z,GAME_ACTION,up,4.0,4.0,5.0,5.0,,experienced2,,,
2025-10-20 23:10:12.472Z,GAME_ACTION,left,4.0,3.0,5.0,5.0,,experienced2,,,
2025-10-20 23:10:12.744Z,GAME_ACTION,left,3.0,3.0,5.0,5.0,,experienced2,,,
2025-10-20 23:10:13.024Z,GAME_ACTION,left,2.0,3.0,5.0,5.0,,experienced2,,,
2025-10-20 23:10:13.336Z,GAME_ACTION,left,1.0,3.0,5.0,5.0,,experienced2,,,
2025-10-20 23:10:14.136Z,GAME_ACTION,up,0.0,3.0,5.0,5.0,,experienced2,,,
2025-10-20 23:10:14.384Z,GAME_ACTION,up,0.0,2.0,5.0,5.0,,experienced2,,,
2025-10-20 23:10:14.736Z,INTERACTION,,0.0,2.0,5.0,5.0,,experienced2,,wizard_interaction,
2025-10-20 23:10:14.736Z,GAME_ACTION,up,0.0,1.0,5.0,5.0,,experienced2,,,
2025-10-20 23:10:16.696Z,GAME_ACTION,down,0.0,1.0,5.0,5.0,,experienced2,,,
2025-10-20 23:10:16.952Z,GAME_ACTION,down,0.0,2.0,5.0,5.0,,experienced2,,,
2025-10-20 23:10:18.200Z,GAME_ACTION,right,0.0,3.0,5.0,5.0,,experienced2,,,
2025-10-20 23:10:18.488Z,GAME_ACTION,right,1.0,3.0,5.0,5.0,,experienced2,,,
2025-10-20 23:10:18.784Z,GAME_ACTION,right,2.0,3.0,5.0,5.0,,experienced2,,,
2025-10-20 23:10:19.080Z,GAME_ACTION,right,3.0,3.0,5.0,5.0,,experienced2,,,
2025-10-20 23:10:19.408Z,GAME_ACTION,right,4.0,3.0,5.0,5.0,,experienced2,,,
2025-10-20 23:10:19.816Z,GAME_ACTION,right,5.0,3.0,5.0,5.0,,experienced2,,,
2025-10-20 23:10:20.152Z,GAME_ACTION,right,6.0,3.0,5.0,5.0,,experienced2,,,
2025-10-20 23:10:21.240Z,GAME_ACTION,up,7.0,3.0,5.0,5.0,,experienced2,,,
2025-10-20 23:10:21.528Z,GAME_ACTION,up,7.0,2.0,5.0,5.0,,experienced2,,,
2025-10-20 23:10:21.888Z,GAME_ACTION,up,7.0,1.0,5.0,5.0,,experienced2,,,
2025-10-20 23:10:21.888Z,INTERACTION,,7.0,1.0,5.0,5.0,,experienced2,,wizard_interaction,
2025-10-20 23:10:23.168Z,GAME_ACTION,down,7.0,1.0,5.0,5.0,,experienced2,,,
2025-10-20 23:10:23.432Z,GAME_ACTION,down,7.0,2.0,5.0,5.0,,experienced2,,,
2025-10-20 23:10:24.352Z,GAME_ACTION,right,7.0,3.0,5.0,5.0,,experienced2,,,
2025-10-20 23:10:24.624Z,GAME_ACTION,right,8.0,3.0,5.0,5.0,,experienced2,,,
2025-10-20 23:10:24.992Z,GAME_ACTION,right,9.0,3.0,5.0,5.0,,experienced2,,,
2025-10-20 23:10:25.912Z,GAME_ACTION,up,10.0,3.0,5.0,5.0,,experienced2,,,
2025-10-20 23:10:26.160Z,GAME_ACTION,up,10.0,2.0,5.0,5.0,,experienced2,,,
2025-10-20 23:10:26.504Z,GAME_ACTION,up,10.0,1.0,5.0,5.0,,experienced2,,,
2025-10-20 23:10:26.504Z,INTERACTION,,10.0,1.0,5.0,5.0,,experienced2,,wizard_interaction,blueAmulet
2025-10-20 23:10:28.416Z,GAME_ACTION,down,10.0,1.0,5.0,5.0,,experienced2,,,
2025-10-20 23:10:28.904Z,GAME_ACTION,down,10.0,2.0,5.0,5.0,,experienced2,,,
2025-10-20 23:10:32.064Z,GAME_ACTION,left,10.0,3.0,5.0,5.0,,experienced2,,,
2025-10-20 23:10:32.344Z,GAME_ACTION,left,9.0,3.0,5.0,5.0,,experienced2,,,
2025-10-20 23:10:32.664Z,GAME_ACTION,left,8.0,3.0,5.0,5.0,,experienced2,,,
2025-10-20 23:10:32.944Z,GAME_ACTION,left,7.0,3.0,5.0,5.0,,experienced2,,,
2025-10-20 23:10:33.440Z,GAME_ACTION,left,6.0,3.0,5.0,5.0,,experienced2,,,
2025-10-20 23:10:33.752Z,GAME_ACTION,left,5.0,3.0,5.0,5.0,,experienced2,,,
2025-10-20 23:10:34.960Z,GAME_ACTION,down,4.0,3.0,5.0,5.0,,experienced2,,,
2025-10-20 23:10:35.256Z,GAME_ACTION,down,4.0,4.0,5.0,5.0,,experienced2,,,
2025-10-20 23:10:35.560Z,GAME_ACTION,down,4.0,5.0,5.0,5.0,,experienced2,,,
2025-10-20 23:10:35.848Z,GAME_ACTION,down,4.0,6.0,5.0,5.0,,experienced2,,,
2025-10-20 23:10:36.136Z,GAME_ACTION,down,4.0,7.0,5.0,5.0,,experienced2,,,
2025-10-20 23:10:36.432Z,GAME_ACTION,down,4.0,8.0,5.0,5.0,,experienced2,,,
2025-10-20 23:10:37.384Z,GAME_ACTION,right,4.0,9.0,5.0,5.0,,experienced2,,,
2025-10-20 23:10:37.696Z,GAME_ACTION,right,5.0,9.0,5.0,5.0,,experienced2,,,
2025-10-20 23:10:38.072Z,GAME_ACTION,right,6.0,9.0,5.0,5.0,,experienced2,,,
2025-10-20 23:10:39.088Z,GAME_ACTION,down,7.0,9.0,5.0,5.0,,experienced2,,,
2025-10-20 23:10:39.504Z,GAME_ACTION,down,7.0,10.0,5.0,5.0,,experienced2,,,
2025-10-20 23:10:40.456Z,GAME_ACTION,right,7.0,11.0,5.0,5.0,,experienced2,,,
2025-10-20 23:10:40.752Z,GAME_ACTION,right,8.0,11.0,5.0,5.0,,experienced2,,,
2025-10-20 23:10:41.064Z,GAME_ACTION,right,9.0,11.0,5.0,5.0,,experienced2,,,
2025-10-20 23:10:41.064Z,INTERACTION,,9.0,11.0,5.0,5.0,,experienced2,,treasure_interaction,C
2025-10-20 23:10:41.064Z,LEVEL_COMPLETE,,9.0,11.0,5.0,5.0,,experienced2,,,
2025-10-20 23:10:44.068Z,LEVEL_COMPLETE,,9.0,11.0,5.0,5.0,-32.0,experienced2,,,

Level: s411_2
Timestamp,Type,Player Action,Player X,Player Y,NPC X,NPC Y,Steps Remaining,NPC Path Type,NPC Current Path Index,Interaction Type,Interaction Details
2025-10-20 23:12:04.553Z,LEVEL_START,,,,,,,,,,
2025-10-20 23:12:04.556Z,LEVEL_START,,,,,,,,,,
2025-10-20 23:12:20.439Z,AGENT_OBSERVE,,2.0,7.0,1.0,5.0,,experienced2,,,
2025-10-20 23:12:27.847Z,GAME_ACTION,up,2.0,7.0,1.0,5.0,,experienced2,,,
2025-10-20 23:12:28.207Z,GAME_ACTION,up,2.0,6.0,1.0,5.0,,experienced2,,,
2025-10-20 23:12:28.599Z,GAME_ACTION,up,2.0,5.0,1.0,5.0,,experienced2,,,
2025-10-20 23:12:29.047Z,GAME_ACTION,up,2.0,4.0,1.0,5.0,,experienced2,,,
2025-10-20 23:12:32.047Z,GAME_ACTION,left,2.0,3.0,1.0,5.0,,experienced2,,,
2025-10-20 23:12:32.383Z,GAME_ACTION,left,1.0,3.0,1.0,5.0,,experienced2,,,
2025-10-20 23:12:33.151Z,GAME_ACTION,up,0.0,3.0,1.0,5.0,,experienced2,,,
2025-10-20 23:12:33.447Z,GAME_ACTION,up,0.0,2.0,1.0,5.0,,experienced2,,,
2025-10-20 23:12:33.743Z,GAME_ACTION,up,0.0,1.0,1.0,5.0,,experienced2,,,
2025-10-20 23:12:33.743Z,INTERACTION,,0.0,1.0,1.0,5.0,,experienced2,,wizard_interaction,
2025-10-20 23:12:35.743Z,GAME_ACTION,down,0.0,1.0,1.0,5.0,,experienced2,,,
2025-10-20 23:12:36.079Z,GAME_ACTION,down,0.0,2.0,1.0,5.0,,experienced2,,,
2025-10-20 23:12:36.943Z,GAME_ACTION,right,0.0,3.0,1.0,5.0,,experienced2,,,
2025-10-20 23:12:37.279Z,GAME_ACTION,right,1.0,3.0,1.0,5.0,,experienced2,,,
2025-10-20 23:12:37.735Z,GAME_ACTION,right,2.0,3.0,1.0,5.0,,experienced2,,,
2025-10-20 23:12:38.615Z,GAME_ACTION,up,3.0,3.0,1.0,5.0,,experienced2,,,
2025-10-20 23:12:38.959Z,GAME_ACTION,up,3.0,2.0,1.0,5.0,,experienced2,,,
2025-10-20 23:12:39.311Z,GAME_ACTION,up,3.0,1.0,1.0,5.0,,experienced2,,,
2025-10-20 23:12:39.311Z,INTERACTION,,3.0,1.0,1.0,5.0,,experienced2,,wizard_interaction,
2025-10-20 23:12:40.775Z,GAME_ACTION,down,3.0,1.0,1.0,5.0,,experienced2,,,
2025-10-20 23:12:41.127Z,GAME_ACTION,down,3.0,2.0,1.0,5.0,,experienced2,,,
2025-10-20 23:12:41.927Z,GAME_ACTION,right,3.0,3.0,1.0,5.0,,experienced2,,,
2025-10-20 23:12:42.159Z,GAME_ACTION,right,4.0,3.0,1.0,5.0,,experienced2,,,
2025-10-20 23:12:42.447Z,GAME_ACTION,right,5.0,3.0,1.0,5.0,,experienced2,,,
2025-10-20 23:12:42.735Z,GAME_ACTION,right,6.0,3.0,1.0,5.0,,experienced2,,,
2025-10-20 23:12:43.039Z,GAME_ACTION,right,7.0,3.0,1.0,5.0,,experienced2,,,
2025-10-20 23:12:43.383Z,GAME_ACTION,right,8.0,3.0,1.0,5.0,,experienced2,,,
2025-10-20 23:12:43.727Z,GAME_ACTION,right,9.0,3.0,1.0,5.0,,experienced2,,,
2025-10-20 23:12:44.023Z,GAME_ACTION,right,10.0,3.0,1.0,5.0,,experienced2,,,
2025-10-20 23:12:44.647Z,GAME_ACTION,up,10.0,3.0,1.0,5.0,,experienced2,,,
2025-10-20 23:12:44.919Z,GAME_ACTION,up,10.0,2.0,1.0,5.0,,experienced2,,,
2025-10-20 23:12:45.255Z,GAME_ACTION,up,10.0,1.0,1.0,5.0,,experienced2,,,
2025-10-20 23:12:45.255Z,INTERACTION,,10.0,1.0,1.0,5.0,,experienced2,,wizard_interaction,blueAmulet
2025-10-20 23:12:47.759Z,GAME_ACTION,down,10.0,1.0,1.0,5.0,,experienced2,,,
2025-10-20 23:12:48.063Z,GAME_ACTION,down,10.0,2.0,1.0,5.0,,experienced2,,,
2025-10-20 23:12:49.367Z,GAME_ACTION,left,10.0,3.0,1.0,5.0,,experienced2,,,
2025-10-20 23:12:49.655Z,GAME_ACTION,left,9.0,3.0,1.0,5.0,,experienced2,,,
2025-10-20 23:12:49.959Z,GAME_ACTION,left,8.0,3.0,1.0,5.0,,experienced2,,,
2025-10-20 23:12:50.295Z,GAME_ACTION,left,7.0,3.0,1.0,5.0,,experienced2,,,
2025-10-20 23:12:50.599Z,GAME_ACTION,left,6.0,3.0,1.0,5.0,,experienced2,,,
2025-10-20 23:12:50.951Z,GAME_ACTION,left,5.0,3.0,1.0,5.0,,experienced2,,,
2025-10-20 23:12:51.295Z,GAME_ACTION,left,4.0,3.0,1.0,5.0,,experienced2,,,
2025-10-20 23:12:51.775Z,GAME_ACTION,left,3.0,3.0,1.0,5.0,,experienced2,,,
2025-10-20 23:12:55.439Z,GAME_ACTION,down,2.0,3.0,1.0,5.0,,experienced2,,,
2025-10-20 23:12:55.719Z,GAME_ACTION,down,2.0,4.0,1.0,5.0,,experienced2,,,
2025-10-20 23:12:56.023Z,GAME_ACTION,down,2.0,5.0,1.0,5.0,,experienced2,,,
2025-10-20 23:12:56.311Z,GAME_ACTION,down,2.0,6.0,1.0,5.0,,experienced2,,,
2025-10-20 23:12:56.647Z,GAME_ACTION,down,2.0,7.0,1.0,5.0,,experienced2,,,
2025-10-20 23:12:56.967Z,GAME_ACTION,down,2.0,8.0,1.0,5.0,,experienced2,,,
2025-10-20 23:12:58.415Z,GAME_ACTION,left,2.0,9.0,1.0,5.0,,experienced2,,,
2025-10-20 23:12:58.807Z,GAME_ACTION,left,1.0,9.0,1.0,5.0,,experienced2,,,
2025-10-20 23:12:59.847Z,GAME_ACTION,down,0.0,9.0,1.0,5.0,,experienced2,,,
2025-10-20 23:13:00.311Z,GAME_ACTION,down,0.0,10.0,1.0,5.0,,experienced2,,,
2025-10-20 23:13:00.311Z,INTERACTION,,0.0,10.0,1.0,5.0,,experienced2,,treasure_interaction,B
2025-10-20 23:13:00.311Z,LEVEL_COMPLETE,,0.0,10.0,1.0,5.0,,experienced2,,,
2025-10-20 23:13:03.318Z,LEVEL_COMPLETE,,0.0,10.0,1.0,5.0,-20.0,experienced2,,,

Level: s421_2
Timestamp,Type,Player Action,Player X,Player Y,NPC X,NPC Y,Steps Remaining,NPC Path Type,NPC Current Path Index,Interaction Type,Interaction Details
2025-10-20 23:13:03.516Z,LEVEL_START,,,,,,,,,,
2025-10-20 23:13:03.519Z,LEVEL_START,,,,,,,,,,
2025-10-20 23:13:20.151Z,AGENT_OBSERVE,,0.0,9.0,4.0,10.0,,experienced2,,,
2025-10-20 23:13:28.559Z,GAME_ACTION,right,0.0,9.0,4.0,10.0,,experienced2,,,
2025-10-20 23:13:28.886Z,GAME_ACTION,right,1.0,9.0,4.0,10.0,,experienced2,,,
2025-10-20 23:13:29.206Z,GAME_ACTION,right,2.0,9.0,4.0,10.0,,experienced2,,,
2025-10-20 23:13:29.590Z,GAME_ACTION,right,3.0,9.0,4.0,10.0,,experienced2,,,
2025-10-20 23:13:29.862Z,GAME_ACTION,right,4.0,9.0,4.0,10.0,,experienced2,,,
2025-10-20 23:13:30.126Z,GAME_ACTION,right,5.0,9.0,4.0,10.0,,experienced2,,,
2025-10-20 23:13:30.358Z,GAME_ACTION,right,6.0,9.0,4.0,10.0,,experienced2,,,
2025-10-20 23:13:30.606Z,GAME_ACTION,right,7.0,9.0,4.0,10.0,,experienced2,,,
2025-10-20 23:13:30.870Z,GAME_ACTION,right,8.0,9.0,4.0,10.0,,experienced2,,,
2025-10-20 23:13:31.126Z,INTERACTION,,8.0,9.0,4.0,10.0,,experienced2,,wizard_interaction,
2025-10-20 23:13:31.126Z,GAME_ACTION,right,9.0,9.0,4.0,10.0,,experienced2,,,
2025-10-20 23:13:33.486Z,GAME_ACTION,left,9.0,9.0,4.0,10.0,,experienced2,,,
2025-10-20 23:13:33.742Z,GAME_ACTION,left,8.0,9.0,4.0,10.0,,experienced2,,,
2025-10-20 23:13:34.006Z,GAME_ACTION,left,7.0,9.0,4.0,10.0,,experienced2,,,
2025-10-20 23:13:34.278Z,GAME_ACTION,left,6.0,9.0,4.0,10.0,,experienced2,,,
2025-10-20 23:13:34.558Z,GAME_ACTION,left,5.0,9.0,4.0,10.0,,experienced2,,,
2025-10-20 23:13:35.838Z,GAME_ACTION,up,4.0,9.0,4.0,10.0,,experienced2,,,
2025-10-20 23:13:36.174Z,GAME_ACTION,up,4.0,8.0,4.0,10.0,,experienced2,,,
2025-10-20 23:13:36.566Z,GAME_ACTION,up,4.0,7.0,4.0,10.0,,experienced2,,,
2025-10-20 23:13:36.942Z,GAME_ACTION,up,4.0,6.0,4.0,10.0,,experienced2,,,
2025-10-20 23:13:37.246Z,GAME_ACTION,up,4.0,5.0,4.0,10.0,,experienced2,,,
2025-10-20 23:13:37.566Z,GAME_ACTION,up,4.0,4.0,4.0,10.0,,experienced2,,,
2025-10-20 23:13:38.782Z,GAME_ACTION,left,4.0,3.0,4.0,10.0,,experienced2,,,
2025-10-20 23:13:39.134Z,GAME_ACTION,left,3.0,3.0,4.0,10.0,,experienced2,,,
2025-10-20 23:13:39.518Z,GAME_ACTION,left,2.0,3.0,4.0,10.0,,experienced2,,,
2025-10-20 23:13:39.894Z,GAME_ACTION,left,1.0,3.0,4.0,10.0,,experienced2,,,
2025-10-20 23:13:40.782Z,GAME_ACTION,up,0.0,3.0,4.0,10.0,,experienced2,,,
2025-10-20 23:13:41.062Z,GAME_ACTION,up,0.0,2.0,4.0,10.0,,experienced2,,,
2025-10-20 23:13:41.430Z,GAME_ACTION,up,0.0,1.0,4.0,10.0,,experienced2,,,
2025-10-20 23:13:41.430Z,INTERACTION,,0.0,1.0,4.0,10.0,,experienced2,,wizard_interaction,blueAmulet
2025-10-20 23:13:43.134Z,GAME_ACTION,down,0.0,1.0,4.0,10.0,,experienced2,,,
2025-10-20 23:13:43.398Z,GAME_ACTION,down,0.0,2.0,4.0,10.0,,experienced2,,,
2025-10-20 23:13:44.398Z,GAME_ACTION,right,0.0,3.0,4.0,10.0,,experienced2,,,
2025-10-20 23:13:44.654Z,GAME_ACTION,right,1.0,3.0,4.0,10.0,,experienced2,,,
2025-10-20 23:13:44.950Z,GAME_ACTION,right,2.0,3.0,4.0,10.0,,experienced2,,,
2025-10-20 23:13:45.622Z,GAME_ACTION,right,3.0,3.0,4.0,10.0,,experienced2,,,
2025-10-20 23:13:46.918Z,GAME_ACTION,down,4.0,3.0,4.0,10.0,,experienced2,,,
2025-10-20 23:13:47.134Z,GAME_ACTION,down,4.0,4.0,4.0,10.0,,experienced2,,,
2025-10-20 23:13:47.390Z,GAME_ACTION,down,4.0,5.0,4.0,10.0,,experienced2,,,
2025-10-20 23:13:47.622Z,GAME_ACTION,down,4.0,6.0,4.0,10.0,,experienced2,,,
2025-10-20 23:13:47.878Z,GAME_ACTION,down,4.0,7.0,4.0,10.0,,experienced2,,,
2025-10-20 23:13:48.142Z,GAME_ACTION,down,4.0,8.0,4.0,10.0,,experienced2,,,
2025-10-20 23:13:49.526Z,GAME_ACTION,left,4.0,9.0,4.0,10.0,,experienced2,,,
2025-10-20 23:13:49.814Z,GAME_ACTION,left,3.0,9.0,4.0,10.0,,experienced2,,,
2025-10-20 23:13:50.166Z,GAME_ACTION,left,2.0,9.0,4.0,10.0,,experienced2,,,
2025-10-20 23:13:50.510Z,GAME_ACTION,left,1.0,9.0,4.0,10.0,,experienced2,,,
2025-10-20 23:13:52.110Z,GAME_ACTION,down,0.0,9.0,4.0,10.0,,experienced2,,,
2025-10-20 23:13:52.518Z,GAME_ACTION,down,0.0,10.0,4.0,10.0,,experienced2,,,
2025-10-20 23:13:52.518Z,INTERACTION,,0.0,10.0,4.0,10.0,,experienced2,,treasure_interaction,B
2025-10-20 23:13:52.518Z,LEVEL_COMPLETE,,0.0,10.0,4.0,10.0,,experienced2,,,
2025-10-20 23:13:55.519Z,LEVEL_COMPLETE,,0.0,10.0,4.0,10.0,-9.0,experienced2,,,

Level: s432_2
Timestamp,Type,Player Action,Player X,Player Y,NPC X,NPC Y,Steps Remaining,NPC Path Type,NPC Current Path Index,Interaction Type,Interaction Details
2025-10-20 23:05:59.145Z,LEVEL_START,,,,,,,,,,
2025-10-20 23:05:59.145Z,LEVEL_START,,,,,,,,,,
2025-10-20 23:06:22.866Z,AGENT_OBSERVE,,4.0,5.0,6.0,9.0,,experienced2,,,
2025-10-20 23:06:24.914Z,AGENT_OBSERVE,,4.0,5.0,7.0,9.0,,experienced2,,,
2025-10-20 23:06:39.746Z,GAME_ACTION,left,4.0,5.0,7.0,9.0,,experienced2,,,
2025-10-20 23:06:40.097Z,GAME_ACTION,left,3.0,5.0,7.0,9.0,,experienced2,,,
2025-10-20 23:06:40.433Z,GAME_ACTION,left,2.0,5.0,7.0,9.0,,experienced2,,,
2025-10-20 23:06:40.849Z,GAME_ACTION,left,1.0,5.0,7.0,9.0,,experienced2,,,
2025-10-20 23:06:42.161Z,GAME_ACTION,up,0.0,5.0,7.0,9.0,,experienced2,,,
2025-10-20 23:06:42.465Z,GAME_ACTION,up,0.0,4.0,7.0,9.0,,experienced2,,,
2025-10-20 23:06:42.801Z,GAME_ACTION,up,0.0,3.0,7.0,9.0,,experienced2,,,
2025-10-20 23:06:43.137Z,GAME_ACTION,up,0.0,2.0,7.0,9.0,,experienced2,,,
2025-10-20 23:06:43.530Z,INTERACTION,,0.0,2.0,7.0,9.0,,experienced2,,wizard_interaction,
2025-10-20 23:06:43.530Z,GAME_ACTION,up,0.0,1.0,7.0,9.0,,experienced2,,,
2025-10-20 23:06:46.081Z,GAME_ACTION,down,0.0,1.0,7.0,9.0,,experienced2,,,
2025-10-20 23:06:46.401Z,GAME_ACTION,down,0.0,2.0,7.0,9.0,,experienced2,,,
2025-10-20 23:06:47.713Z,GAME_ACTION,right,0.0,3.0,7.0,9.0,,experienced2,,,
2025-10-20 23:06:48.073Z,GAME_ACTION,right,1.0,3.0,7.0,9.0,,experienced2,,,
2025-10-20 23:06:49.033Z,GAME_ACTION,up,2.0,3.0,7.0,9.0,,experienced2,,,
2025-10-20 23:06:49.353Z,GAME_ACTION,up,2.0,2.0,7.0,9.0,,experienced2,,,
2025-10-20 23:06:49.825Z,GAME_ACTION,up,2.0,1.0,7.0,9.0,,experienced2,,,
2025-10-20 23:06:49.825Z,INTERACTION,,2.0,1.0,7.0,9.0,,experienced2,,wizard_interaction,
2025-10-20 23:06:51.761Z,GAME_ACTION,down,2.0,1.0,7.0,9.0,,experienced2,,,
2025-10-20 23:06:52.121Z,GAME_ACTION,down,2.0,2.0,7.0,9.0,,experienced2,,,
2025-10-20 23:06:53.337Z,GAME_ACTION,right,2.0,3.0,7.0,9.0,,experienced2,,,
2025-10-20 23:06:53.657Z,GAME_ACTION,right,3.0,3.0,7.0,9.0,,experienced2,,,
2025-10-20 23:06:54.625Z,GAME_ACTION,up,4.0,3.0,7.0,9.0,,experienced2,,,
2025-10-20 23:06:54.945Z,GAME_ACTION,up,4.0,2.0,7.0,9.0,,experienced2,,,
2025-10-20 23:06:55.273Z,GAME_ACTION,up,4.0,1.0,7.0,9.0,,experienced2,,,
2025-10-20 23:06:55.273Z,INTERACTION,,4.0,1.0,7.0,9.0,,experienced2,,wizard_interaction,blueAmulet
2025-10-20 23:07:00.265Z,GAME_ACTION,down,4.0,1.0,7.0,9.0,,experienced2,,,
2025-10-20 23:07:00.641Z,GAME_ACTION,down,4.0,2.0,7.0,9.0,,experienced2,,,
2025-10-20 23:07:02.729Z,GAME_ACTION,left,4.0,3.0,7.0,9.0,,experienced2,,,
2025-10-20 23:07:03.137Z,GAME_ACTION,left,3.0,3.0,7.0,9.0,,experienced2,,,
2025-10-20 23:07:03.569Z,GAME_ACTION,left,2.0,3.0,7.0,9.0,,experienced2,,,
2025-10-20 23:07:03.977Z,GAME_ACTION,left,1.0,3.0,7.0,9.0,,experienced2,,,
2025-10-20 23:07:04.993Z,GAME_ACTION,down,0.0,3.0,7.0,9.0,,experienced2,,,
2025-10-20 23:07:05.393Z,GAME_ACTION,down,0.0,4.0,7.0,9.0,,experienced2,,,
2025-10-20 23:07:06.353Z,GAME_ACTION,right,0.0,5.0,7.0,9.0,,experienced2,,,
2025-10-20 23:07:06.793Z,GAME_ACTION,right,1.0,5.0,7.0,9.0,,experienced2,,,
2025-10-20 23:07:07.385Z,GAME_ACTION,right,2.0,5.0,7.0,9.0,,experienced2,,,
2025-10-20 23:07:08.426Z,GAME_ACTION,down,3.0,5.0,7.0,9.0,,experienced2,,,
2025-10-20 23:07:08.849Z,GAME_ACTION,down,3.0,6.0,7.0,9.0,,experienced2,,,
2025-10-20 23:07:09.313Z,GAME_ACTION,down,3.0,7.0,7.0,9.0,,experienced2,,,
2025-10-20 23:07:11.561Z,GAME_ACTION,left,3.0,9.0,7.0,9.0,,experienced2,,,
2025-10-20 23:07:12.089Z,GAME_ACTION,left,2.0,9.0,7.0,9.0,,experienced2,,,
2025-10-20 23:07:12.577Z,GAME_ACTION,left,1.0,9.0,7.0,9.0,,experienced2,,,
2025-10-20 23:07:13.609Z,GAME_ACTION,down,0.0,9.0,7.0,9.0,,experienced2,,,
2025-10-20 23:07:14.089Z,GAME_ACTION,down,0.0,10.0,7.0,9.0,,experienced2,,,
2025-10-20 23:07:14.089Z,INTERACTION,,0.0,10.0,7.0,9.0,,experienced2,,treasure_interaction,B
2025-10-20 23:07:14.089Z,LEVEL_COMPLETE,,0.0,10.0,7.0,9.0,,experienced2,,,
2025-10-20 23:07:17.091Z,LEVEL_COMPLETE,,0.0,10.0,7.0,9.0,-8.0,experienced2,,,

Level: s532_1
Timestamp,Type,Player Action,Player X,Player Y,NPC X,NPC Y,Steps Remaining,NPC Path Type,NPC Current Path Index,Interaction Type,Interaction Details
2025-10-20 23:10:44.270Z,LEVEL_START,,,,,,,,,,
2025-10-20 23:10:44.272Z,LEVEL_START,,,,,,,,,,
2025-10-20 23:11:01.416Z,AGENT_OBSERVE,,0.0,8.0,4.0,6.0,,experienced1,,,
2025-10-20 23:11:08.519Z,AGENT_OBSERVE,,0.0,8.0,4.0,5.0,,experienced1,,,
2025-10-20 23:11:08.991Z,AGENT_OBSERVE,,0.0,8.0,4.0,4.0,,experienced1,,,
2025-10-20 23:11:09.431Z,AGENT_OBSERVE,,0.0,8.0,4.0,3.0,,experienced1,,,
2025-10-20 23:11:09.943Z,AGENT_OBSERVE,,0.0,8.0,5.0,3.0,,experienced1,,,
2025-10-20 23:11:10.903Z,AGENT_OBSERVE,,0.0,8.0,6.0,3.0,,experienced1,,,
2025-10-20 23:11:11.447Z,AGENT_OBSERVE,,0.0,8.0,6.0,2.0,,experienced1,,,
2025-10-20 23:11:13.871Z,GAME_ACTION,right,0.0,8.0,6.0,2.0,,experienced1,,,
2025-10-20 23:11:14.407Z,GAME_ACTION,right,2.0,8.0,6.0,2.0,,experienced1,,,
2025-10-20 23:11:14.663Z,GAME_ACTION,right,3.0,8.0,6.0,2.0,,experienced1,,,
2025-10-20 23:11:15.967Z,GAME_ACTION,up,4.0,8.0,6.0,2.0,,experienced1,,,
2025-10-20 23:11:16.215Z,GAME_ACTION,up,4.0,7.0,6.0,2.0,,experienced1,,,
2025-10-20 23:11:16.455Z,GAME_ACTION,up,4.0,6.0,6.0,2.0,,experienced1,,,
2025-10-20 23:11:16.719Z,GAME_ACTION,up,4.0,5.0,6.0,2.0,,experienced1,,,
2025-10-20 23:11:17.007Z,GAME_ACTION,up,4.0,4.0,6.0,2.0,,experienced1,,,
2025-10-20 23:11:17.335Z,GAME_ACTION,up,4.0,3.0,6.0,2.0,,experienced1,,,
2025-10-20 23:11:18.560Z,GAME_ACTION,right,4.0,3.0,6.0,2.0,,experienced1,,,
2025-10-20 23:11:18.880Z,GAME_ACTION,right,5.0,3.0,6.0,2.0,,experienced1,,,
2025-10-20 23:11:19.831Z,GAME_ACTION,up,6.0,3.0,6.0,2.0,,experienced1,,,
2025-10-20 23:11:20.095Z,GAME_ACTION,up,6.0,2.0,6.0,2.0,,experienced1,,,
2025-10-20 23:11:20.367Z,GAME_ACTION,up,6.0,1.0,6.0,2.0,,experienced1,,,
2025-10-20 23:11:20.367Z,INTERACTION,,6.0,1.0,6.0,2.0,,experienced1,,wizard_interaction,blueAmulet
2025-10-20 23:11:22.215Z,GAME_ACTION,down,6.0,1.0,6.0,2.0,,experienced1,,,
2025-10-20 23:11:22.575Z,GAME_ACTION,down,6.0,2.0,6.0,2.0,,experienced1,,,
2025-10-20 23:11:24.495Z,GAME_ACTION,left,6.0,3.0,6.0,2.0,,experienced1,,,
2025-10-20 23:11:24.839Z,GAME_ACTION,left,5.0,3.0,6.0,2.0,,experienced1,,,
2025-10-20 23:11:27.031Z,GAME_ACTION,down,4.0,3.0,6.0,2.0,,experienced1,,,
2025-10-20 23:11:27.303Z,GAME_ACTION,down,4.0,4.0,6.0,2.0,,experienced1,,,
2025-10-20 23:11:27.567Z,GAME_ACTION,down,4.0,5.0,6.0,2.0,,experienced1,,,
2025-10-20 23:11:27.887Z,GAME_ACTION,down,4.0,6.0,6.0,2.0,,experienced1,,,
2025-10-20 23:11:28.223Z,GAME_ACTION,down,4.0,7.0,6.0,2.0,,experienced1,,,
2025-10-20 23:11:30.167Z,GAME_ACTION,right,4.0,8.0,6.0,2.0,,experienced1,,,
2025-10-20 23:11:30.423Z,GAME_ACTION,right,5.0,8.0,6.0,2.0,,experienced1,,,
2025-10-20 23:11:30.719Z,GAME_ACTION,right,6.0,8.0,6.0,2.0,,experienced1,,,
2025-10-20 23:11:31.007Z,GAME_ACTION,right,7.0,8.0,6.0,2.0,,experienced1,,,
2025-10-20 23:11:31.303Z,GAME_ACTION,right,8.0,8.0,6.0,2.0,,experienced1,,,
2025-10-20 23:11:31.303Z,INTERACTION,,8.0,8.0,6.0,2.0,,experienced1,,treasure_interaction,B
2025-10-20 23:11:31.303Z,LEVEL_COMPLETE,,8.0,8.0,6.0,2.0,,experienced1,,,
2025-10-20 23:11:34.307Z,LEVEL_COMPLETE,,8.0,8.0,6.0,2.0,21.0,experienced1,,,

Level: s542_2
Timestamp,Type,Player Action,Player X,Player Y,NPC X,NPC Y,Steps Remaining,NPC Path Type,NPC Current Path Index,Interaction Type,Interaction Details
2025-10-20 23:08:50.880Z,LEVEL_START,,,,,,,,,,
2025-10-20 23:08:50.882Z,LEVEL_START,,,,,,,,,,
2025-10-20 23:09:07.904Z,AGENT_OBSERVE,,0.0,9.0,3.0,2.0,,experienced2,,,
2025-10-20 23:09:20.496Z,GAME_ACTION,right,0.0,9.0,3.0,2.0,,experienced2,,,
2025-10-20 23:09:20.800Z,GAME_ACTION,right,1.0,9.0,3.0,2.0,,experienced2,,,
2025-10-20 23:09:21.096Z,GAME_ACTION,right,2.0,9.0,3.0,2.0,,experienced2,,,
2025-10-20 23:09:21.416Z,GAME_ACTION,right,3.0,9.0,3.0,2.0,,experienced2,,,
2025-10-20 23:09:21.776Z,GAME_ACTION,right,4.0,9.0,3.0,2.0,,experienced2,,,
2025-10-20 23:09:22.920Z,GAME_ACTION,up,5.0,9.0,3.0,2.0,,experienced2,,,
2025-10-20 23:09:23.168Z,GAME_ACTION,up,5.0,8.0,3.0,2.0,,experienced2,,,
2025-10-20 23:09:23.416Z,GAME_ACTION,up,5.0,7.0,3.0,2.0,,experienced2,,,
2025-10-20 23:09:23.672Z,GAME_ACTION,up,5.0,6.0,3.0,2.0,,experienced2,,,
2025-10-20 23:09:23.928Z,GAME_ACTION,up,5.0,5.0,3.0,2.0,,experienced2,,,
2025-10-20 23:09:24.176Z,GAME_ACTION,up,5.0,4.0,3.0,2.0,,experienced2,,,
2025-10-20 23:09:24.448Z,GAME_ACTION,up,5.0,3.0,3.0,2.0,,experienced2,,,
2025-10-20 23:09:25.744Z,GAME_ACTION,left,5.0,2.0,3.0,2.0,,experienced2,,,
2025-10-20 23:09:26.104Z,GAME_ACTION,left,4.0,2.0,3.0,2.0,,experienced2,,,
2025-10-20 23:09:26.952Z,GAME_ACTION,up,3.0,2.0,3.0,2.0,,experienced2,,,
2025-10-20 23:09:27.304Z,GAME_ACTION,up,3.0,1.0,3.0,2.0,,experienced2,,,
2025-10-20 23:09:28.120Z,GAME_ACTION,left,3.0,0.0,3.0,2.0,,experienced2,,,
2025-10-20 23:09:28.392Z,INTERACTION,,3.0,0.0,3.0,2.0,,experienced2,,wizard_interaction,
2025-10-20 23:09:28.392Z,GAME_ACTION,left,2.0,0.0,3.0,2.0,,experienced2,,,
2025-10-20 23:09:30.344Z,GAME_ACTION,right,2.0,0.0,3.0,2.0,,experienced2,,,
2025-10-20 23:09:30.600Z,GAME_ACTION,right,3.0,0.0,3.0,2.0,,experienced2,,,
2025-10-20 23:09:30.856Z,GAME_ACTION,right,4.0,0.0,3.0,2.0,,experienced2,,,
2025-10-20 23:09:30.856Z,INTERACTION,,4.0,0.0,3.0,2.0,,experienced2,,wizard_interaction,blueAmulet
2025-10-20 23:09:32.856Z,GAME_ACTION,left,4.0,0.0,3.0,2.0,,experienced2,,,
2025-10-20 23:09:34.024Z,GAME_ACTION,down,3.0,0.0,3.0,2.0,,experienced2,,,
2025-10-20 23:09:34.336Z,GAME_ACTION,down,3.0,1.0,3.0,2.0,,experienced2,,,
2025-10-20 23:09:38.056Z,GAME_ACTION,right,3.0,2.0,3.0,2.0,,experienced2,,,
2025-10-20 23:09:38.488Z,GAME_ACTION,right,4.0,2.0,3.0,2.0,,experienced2,,,
2025-10-20 23:09:40.008Z,GAME_ACTION,down,5.0,2.0,3.0,2.0,,experienced2,,,
2025-10-20 23:09:40.344Z,GAME_ACTION,down,5.0,3.0,3.0,2.0,,experienced2,,,
2025-10-20 23:09:40.680Z,GAME_ACTION,down,5.0,4.0,3.0,2.0,,experienced2,,,
2025-10-20 23:09:41.720Z,GAME_ACTION,left,5.0,5.0,3.0,2.0,,experienced2,,,
2025-10-20 23:09:42.016Z,GAME_ACTION,left,4.0,5.0,3.0,2.0,,experienced2,,,
2025-10-20 23:09:42.352Z,GAME_ACTION,left,3.0,5.0,3.0,2.0,,experienced2,,,
2025-10-20 23:09:42.704Z,GAME_ACTION,left,2.0,5.0,3.0,2.0,,experienced2,,,
2025-10-20 23:09:43.080Z,GAME_ACTION,left,1.0,5.0,3.0,2.0,,experienced2,,,
2025-10-20 23:09:43.080Z,INTERACTION,,1.0,5.0,3.0,2.0,,experienced2,,treasure_interaction,A
2025-10-20 23:09:43.080Z,LEVEL_COMPLETE,,1.0,5.0,3.0,2.0,,experienced2,,,
2025-10-20 23:09:46.095Z,LEVEL_COMPLETE,,1.0,5.0,3.0,2.0,17.0,experienced2,,,

Level: s544_1
Timestamp,Type,Player Action,Player X,Player Y,NPC X,NPC Y,Steps Remaining,NPC Path Type,NPC Current Path Index,Interaction Type,Interaction Details
2025-10-20 23:11:34.513Z,LEVEL_START,,,,,,,,,,
2025-10-20 23:11:34.513Z,LEVEL_START,,,,,,,,,,
2025-10-20 23:11:51.367Z,GAME_ACTION,left,5.0,1.0,,,,,,,
2025-10-20 23:11:52.399Z,GAME_ACTION,up,4.0,1.0,,,,,,,
2025-10-20 23:11:52.399Z,INTERACTION,,4.0,1.0,,,,,,wizard_interaction,blueAmulet
2025-10-20 23:11:55.399Z,GAME_ACTION,down,4.0,1.0,,,,,,,
2025-10-20 23:11:57.335Z,GAME_ACTION,right,4.0,2.0,,,,,,,
2025-10-20 23:11:58.223Z,GAME_ACTION,down,5.0,2.0,,,,,,,
2025-10-20 23:11:58.615Z,GAME_ACTION,down,5.0,3.0,,,,,,,
2025-10-20 23:11:59.007Z,GAME_ACTION,down,5.0,4.0,,,,,,,
2025-10-20 23:12:00.015Z,GAME_ACTION,left,5.0,5.0,,,,,,,
2025-10-20 23:12:00.303Z,GAME_ACTION,left,4.0,5.0,,,,,,,
2025-10-20 23:12:00.639Z,GAME_ACTION,left,3.0,5.0,,,,,,,
2025-10-20 23:12:00.983Z,GAME_ACTION,left,2.0,5.0,,,,,,,
2025-10-20 23:12:01.343Z,GAME_ACTION,left,1.0,5.0,,,,,,,
2025-10-20 23:12:01.343Z,INTERACTION,,1.0,5.0,,,,,,treasure_interaction,A
2025-10-20 23:12:01.343Z,LEVEL_COMPLETE,,1.0,5.0,,,,,,,
2025-10-20 23:12:04.355Z,LEVEL_COMPLETE,,1.0,5.0,,,31.0,experienced1,,,

