Session ID,u1760998460945
Completed At,2025-10-20 22:43:51.321Z
Created At,2025-10-20 22:14:20.945Z

User Data
prolificId,667871d17d7fdf0358f82a28
age,46
gender,male
feedback,"I wish I was in a better mood to play this game, but I was in kind of a bad mood so it was kind of annoying lol but my mom just died so there's that anyways thank you you have a great day"
timestamp,1761000232767

Comprehension Check
Passed,TRUE

Level: comprehension_check
Timestamp,Type,Player Action,Player X,Player Y,NPC X,NPC Y,Steps Remaining,NPC Path Type,NPC Current Path Index,Interaction Type,Interaction Details
2025-10-20 22:21:44.275Z,INTERACTION,,,,,,,,,comprehension_check,passed

Level: experiment
Timestamp,Type,Player Action,Player X,Player Y,NPC X,NPC Y,Steps Remaining,NPC Path Type,NPC Current Path Index,Interaction Type,Interaction Details
2025-10-20 22:43:21.324Z,EXPERIMENT_COMPLETE,,,,,,,,,,

Level: s111_1
Timestamp,Type,Player Action,Player X,Player Y,NPC X,NPC Y,Steps Remaining,NPC Path Type,NPC Current Path Index,Interaction Type,Interaction Details
2025-10-20 22:14:21.063Z,LEVEL_START,,,,,,,,,,
2025-10-20 22:14:21.141Z,LEVEL_START,,,,,,,,,,
2025-10-20 22:22:03.339Z,AGENT_OBSERVE,,5.0,7.0,5.0,5.0,,experienced1,,,
2025-10-20 22:22:05.683Z,AGENT_OBSERVE,,5.0,7.0,5.0,6.0,,experienced1,,,
2025-10-20 22:22:07.757Z,AGENT_OBSERVE,,5.0,7.0,5.0,7.0,,experienced1,,,
2025-10-20 22:22:09.550Z,AGENT_OBSERVE,,5.0,7.0,5.0,8.0,,experienced1,,,
2025-10-20 22:22:11.477Z,AGENT_OBSERVE,,5.0,7.0,5.0,9.0,,experienced1,,,
2025-10-20 22:22:13.331Z,AGENT_OBSERVE,,5.0,7.0,5.0,10.0,,experienced1,,,
2025-10-20 22:22:15.012Z,AGENT_OBSERVE,,5.0,7.0,5.0,11.0,,experienced1,,,
2025-10-20 22:22:27.981Z,GAME_ACTION,down,5.0,7.0,5.0,11.0,,experienced1,,,
2025-10-20 22:22:28.660Z,GAME_ACTION,down,5.0,8.0,5.0,11.0,,experienced1,,,
2025-10-20 22:22:29.229Z,GAME_ACTION,down,5.0,9.0,5.0,11.0,,experienced1,,,
2025-10-20 22:22:29.781Z,GAME_ACTION,down,5.0,10.0,5.0,11.0,,experienced1,,,
2025-10-20 22:22:29.781Z,INTERACTION,,5.0,10.0,5.0,11.0,,experienced1,,treasure_interaction,C
2025-10-20 22:22:38.287Z,GAME_ACTION,up,5.0,11.0,5.0,11.0,,experienced1,,,
2025-10-20 22:22:39.301Z,GAME_ACTION,up,5.0,10.0,5.0,11.0,,experienced1,,,
2025-10-20 22:22:40.228Z,GAME_ACTION,up,5.0,9.0,5.0,11.0,,experienced1,,,
2025-10-20 22:22:40.798Z,GAME_ACTION,up,5.0,8.0,5.0,11.0,,experienced1,,,
2025-10-20 22:22:41.299Z,GAME_ACTION,up,5.0,7.0,5.0,11.0,,experienced1,,,
2025-10-20 22:22:41.743Z,GAME_ACTION,up,5.0,6.0,5.0,11.0,,experienced1,,,
2025-10-20 22:22:44.271Z,GAME_ACTION,right,5.0,5.0,5.0,11.0,,experienced1,,,
2025-10-20 22:22:44.464Z,GAME_ACTION,right,6.0,5.0,5.0,11.0,,experienced1,,,
2025-10-20 22:22:44.725Z,GAME_ACTION,right,7.0,5.0,5.0,11.0,,experienced1,,,
2025-10-20 22:22:44.970Z,GAME_ACTION,right,8.0,5.0,5.0,11.0,,experienced1,,,
2025-10-20 22:22:44.971Z,INTERACTION,,8.0,5.0,5.0,11.0,,experienced1,,wizard_interaction,blueAmulet
2025-10-20 22:22:47.859Z,GAME_ACTION,left,8.0,5.0,5.0,11.0,,experienced1,,,
2025-10-20 22:22:48.305Z,GAME_ACTION,left,7.0,5.0,5.0,11.0,,experienced1,,,
2025-10-20 22:22:49.206Z,GAME_ACTION,left,6.0,5.0,5.0,11.0,,experienced1,,,
2025-10-20 22:22:50.606Z,GAME_ACTION,down,5.0,5.0,5.0,11.0,,experienced1,,,
2025-10-20 22:22:50.851Z,GAME_ACTION,down,5.0,6.0,5.0,11.0,,experienced1,,,
2025-10-20 22:22:51.096Z,GAME_ACTION,down,5.0,7.0,5.0,11.0,,experienced1,,,
2025-10-20 22:22:51.594Z,GAME_ACTION,down,5.0,8.0,5.0,11.0,,experienced1,,,
2025-10-20 22:22:52.776Z,GAME_ACTION,right,5.0,9.0,5.0,11.0,,experienced1,,,
2025-10-20 22:22:53.020Z,GAME_ACTION,right,6.0,9.0,5.0,11.0,,experienced1,,,
2025-10-20 22:22:53.354Z,GAME_ACTION,right,7.0,9.0,5.0,11.0,,experienced1,,,
2025-10-20 22:22:54.098Z,GAME_ACTION,right,8.0,9.0,5.0,11.0,,experienced1,,,
2025-10-20 22:22:54.098Z,INTERACTION,,8.0,9.0,5.0,11.0,,experienced1,,treasure_interaction,B
2025-10-20 22:22:54.098Z,LEVEL_COMPLETE,,8.0,9.0,5.0,11.0,,experienced1,,,
2025-10-20 22:22:57.100Z,LEVEL_COMPLETE,,8.0,9.0,5.0,11.0,18.0,experienced1,,,

Level: s112_2
Timestamp,Type,Player Action,Player X,Player Y,NPC X,NPC Y,Steps Remaining,NPC Path Type,NPC Current Path Index,Interaction Type,Interaction Details
2025-10-20 22:22:57.278Z,LEVEL_START,,,,,,,,,,
2025-10-20 22:22:57.307Z,LEVEL_START,,,,,,,,,,
2025-10-20 22:23:12.576Z,AGENT_OBSERVE,,5.0,7.0,5.0,5.0,,experienced2,,,
2025-10-20 22:23:13.138Z,AGENT_OBSERVE,,5.0,7.0,5.0,6.0,,experienced2,,,
2025-10-20 22:23:13.601Z,AGENT_OBSERVE,,5.0,7.0,5.0,7.0,,experienced2,,,
2025-10-20 22:23:14.108Z,AGENT_OBSERVE,,5.0,7.0,5.0,8.0,,experienced2,,,
2025-10-20 22:23:14.494Z,AGENT_OBSERVE,,5.0,7.0,5.0,9.0,,experienced2,,,
2025-10-20 22:23:14.905Z,AGENT_OBSERVE,,5.0,7.0,5.0,10.0,,experienced2,,,
2025-10-20 22:23:16.340Z,AGENT_OBSERVE,,5.0,7.0,5.0,10.0,,experienced2,,,
2025-10-20 22:23:21.328Z,AGENT_OBSERVE,,5.0,7.0,5.0,9.0,,experienced2,,,
2025-10-20 22:23:21.879Z,AGENT_OBSERVE,,5.0,7.0,4.0,9.0,,experienced2,,,
2025-10-20 22:23:22.465Z,AGENT_OBSERVE,,5.0,7.0,3.0,9.0,,experienced2,,,
2025-10-20 22:23:22.938Z,AGENT_OBSERVE,,5.0,7.0,2.0,9.0,,experienced2,,,
2025-10-20 22:23:23.270Z,AGENT_OBSERVE,,5.0,7.0,1.0,9.0,,experienced2,,,
2025-10-20 22:23:23.593Z,AGENT_OBSERVE,,5.0,7.0,1.0,10.0,,experienced2,,,
2025-10-20 22:23:24.066Z,AGENT_OBSERVE,,5.0,7.0,1.0,10.0,,experienced2,,,
2025-10-20 22:23:25.869Z,AGENT_OBSERVE,,5.0,7.0,1.0,9.0,,experienced2,,,
2025-10-20 22:23:38.555Z,GAME_ACTION,down,5.0,7.0,1.0,9.0,,experienced2,,,
2025-10-20 22:23:44.681Z,GAME_ACTION,down,5.0,8.0,1.0,9.0,,experienced2,,,
2025-10-20 22:23:46.309Z,GAME_ACTION,right,5.0,9.0,1.0,9.0,,experienced2,,,
2025-10-20 22:23:46.588Z,GAME_ACTION,right,6.0,9.0,1.0,9.0,,experienced2,,,
2025-10-20 22:23:46.869Z,GAME_ACTION,right,7.0,9.0,1.0,9.0,,experienced2,,,
2025-10-20 22:23:49.335Z,GAME_ACTION,left,7.0,9.0,1.0,9.0,,experienced2,,,
2025-10-20 22:23:49.774Z,GAME_ACTION,left,6.0,9.0,1.0,9.0,,experienced2,,,
2025-10-20 22:23:50.963Z,GAME_ACTION,down,5.0,9.0,1.0,9.0,,experienced2,,,
2025-10-20 22:23:52.040Z,GAME_ACTION,down,5.0,10.0,1.0,9.0,,experienced2,,,
2025-10-20 22:23:52.040Z,INTERACTION,,5.0,10.0,1.0,9.0,,experienced2,,wizard_interaction,blueAmulet
2025-10-20 22:23:54.359Z,GAME_ACTION,right,5.0,10.0,1.0,9.0,,experienced2,,,
2025-10-20 22:23:56.221Z,GAME_ACTION,up,5.0,10.0,1.0,9.0,,experienced2,,,
2025-10-20 22:23:57.621Z,GAME_ACTION,right,5.0,9.0,1.0,9.0,,experienced2,,,
2025-10-20 22:23:58.015Z,GAME_ACTION,right,6.0,9.0,1.0,9.0,,experienced2,,,
2025-10-20 22:23:58.505Z,GAME_ACTION,right,7.0,9.0,1.0,9.0,,experienced2,,,
2025-10-20 22:23:59.451Z,GAME_ACTION,right,8.0,9.0,1.0,9.0,,experienced2,,,
2025-10-20 22:23:59.451Z,INTERACTION,,8.0,9.0,1.0,9.0,,experienced2,,treasure_interaction,C
2025-10-20 22:24:05.069Z,GAME_ACTION,left,9.0,9.0,1.0,9.0,,experienced2,,,
2025-10-20 22:24:05.330Z,GAME_ACTION,left,8.0,9.0,1.0,9.0,,experienced2,,,
2025-10-20 22:24:05.636Z,GAME_ACTION,left,7.0,9.0,1.0,9.0,,experienced2,,,
2025-10-20 22:24:05.909Z,GAME_ACTION,left,6.0,9.0,1.0,9.0,,experienced2,,,
2025-10-20 22:24:06.198Z,GAME_ACTION,left,5.0,9.0,1.0,9.0,,experienced2,,,
2025-10-20 22:24:06.468Z,GAME_ACTION,left,4.0,9.0,1.0,9.0,,experienced2,,,
2025-10-20 22:24:06.748Z,GAME_ACTION,left,3.0,9.0,1.0,9.0,,experienced2,,,
2025-10-20 22:24:07.063Z,GAME_ACTION,left,2.0,9.0,1.0,9.0,,experienced2,,,
2025-10-20 22:24:08.518Z,GAME_ACTION,down,1.0,9.0,1.0,9.0,,experienced2,,,
2025-10-20 22:24:08.927Z,GAME_ACTION,down,1.0,10.0,1.0,9.0,,experienced2,,,
2025-10-20 22:24:08.928Z,INTERACTION,,1.0,10.0,1.0,9.0,,experienced2,,wizard_interaction,redAmulet
2025-10-20 22:24:12.121Z,GAME_ACTION,up,1.0,10.0,1.0,9.0,,experienced2,,,
2025-10-20 22:24:13.372Z,GAME_ACTION,right,1.0,9.0,1.0,9.0,,experienced2,,,
2025-10-20 22:24:13.670Z,GAME_ACTION,right,2.0,9.0,1.0,9.0,,experienced2,,,
2025-10-20 22:24:13.914Z,GAME_ACTION,right,3.0,9.0,1.0,9.0,,experienced2,,,
2025-10-20 22:24:14.466Z,GAME_ACTION,right,4.0,9.0,1.0,9.0,,experienced2,,,
2025-10-20 22:24:15.201Z,GAME_ACTION,up,5.0,9.0,1.0,9.0,,experienced2,,,
2025-10-20 22:24:15.595Z,GAME_ACTION,up,5.0,8.0,1.0,9.0,,experienced2,,,
2025-10-20 22:24:16.846Z,GAME_ACTION,left,5.0,7.0,1.0,9.0,,experienced2,,,
2025-10-20 22:24:17.100Z,GAME_ACTION,left,4.0,7.0,1.0,9.0,,experienced2,,,
2025-10-20 22:24:17.345Z,GAME_ACTION,left,3.0,7.0,1.0,9.0,,experienced2,,,
2025-10-20 22:24:17.616Z,GAME_ACTION,left,2.0,7.0,1.0,9.0,,experienced2,,,
2025-10-20 22:24:17.616Z,INTERACTION,,2.0,7.0,1.0,9.0,,experienced2,,treasure_interaction,B
2025-10-20 22:24:17.616Z,LEVEL_COMPLETE,,2.0,7.0,1.0,9.0,,experienced2,,,
2025-10-20 22:24:20.617Z,LEVEL_COMPLETE,,2.0,7.0,1.0,9.0,-36.0,experienced2,,,

Level: s311_2
Timestamp,Type,Player Action,Player X,Player Y,NPC X,NPC Y,Steps Remaining,NPC Path Type,NPC Current Path Index,Interaction Type,Interaction Details
2025-10-20 22:24:20.718Z,LEVEL_START,,,,,,,,,,
2025-10-20 22:24:20.757Z,LEVEL_START,,,,,,,,,,
2025-10-20 22:24:41.048Z,AGENT_OBSERVE,,2.0,7.0,1.0,5.0,,experienced2,,,
2025-10-20 22:24:41.888Z,AGENT_OBSERVE,,2.0,7.0,1.0,5.0,,experienced2,,,
2025-10-20 22:24:43.849Z,AGENT_OBSERVE,,2.0,7.0,2.0,5.0,,experienced2,,,
2025-10-20 22:24:46.079Z,AGENT_OBSERVE,,2.0,7.0,2.0,6.0,,experienced2,,,
2025-10-20 22:24:46.780Z,AGENT_OBSERVE,,2.0,7.0,2.0,7.0,,experienced2,,,
2025-10-20 22:24:47.637Z,AGENT_OBSERVE,,2.0,7.0,2.0,8.0,,experienced2,,,
2025-10-20 22:24:48.171Z,AGENT_OBSERVE,,2.0,7.0,2.0,9.0,,experienced2,,,
2025-10-20 22:24:48.809Z,AGENT_OBSERVE,,2.0,7.0,3.0,9.0,,experienced2,,,
2025-10-20 22:24:49.290Z,AGENT_OBSERVE,,2.0,7.0,4.0,9.0,,experienced2,,,
2025-10-20 22:24:49.554Z,AGENT_OBSERVE,,2.0,7.0,5.0,9.0,,experienced2,,,
2025-10-20 22:24:49.799Z,AGENT_OBSERVE,,2.0,7.0,6.0,9.0,,experienced2,,,
2025-10-20 22:24:50.035Z,AGENT_OBSERVE,,2.0,7.0,7.0,9.0,,experienced2,,,
2025-10-20 22:24:50.280Z,AGENT_OBSERVE,,2.0,7.0,8.0,9.0,,experienced2,,,
2025-10-20 22:24:50.516Z,AGENT_OBSERVE,,2.0,7.0,9.0,9.0,,experienced2,,,
2025-10-20 22:24:50.813Z,AGENT_OBSERVE,,2.0,7.0,10.0,9.0,,experienced2,,,
2025-10-20 22:25:19.425Z,GAME_ACTION,up,2.0,7.0,10.0,9.0,,experienced2,,,
2025-10-20 22:25:19.697Z,GAME_ACTION,up,2.0,6.0,10.0,9.0,,experienced2,,,
2025-10-20 22:25:20.177Z,GAME_ACTION,up,2.0,5.0,10.0,9.0,,experienced2,,,
2025-10-20 22:25:20.685Z,GAME_ACTION,up,2.0,4.0,10.0,9.0,,experienced2,,,
2025-10-20 22:25:22.252Z,GAME_ACTION,left,2.0,3.0,10.0,9.0,,experienced2,,,
2025-10-20 22:25:22.472Z,GAME_ACTION,left,1.0,3.0,10.0,9.0,,experienced2,,,
2025-10-20 22:25:23.433Z,GAME_ACTION,up,0.0,3.0,10.0,9.0,,experienced2,,,
2025-10-20 22:25:23.696Z,GAME_ACTION,up,0.0,2.0,10.0,9.0,,experienced2,,,
2025-10-20 22:25:24.151Z,INTERACTION,,0.0,2.0,10.0,9.0,,experienced2,,wizard_interaction,
2025-10-20 22:25:24.151Z,GAME_ACTION,up,0.0,1.0,10.0,9.0,,experienced2,,,
2025-10-20 22:25:27.238Z,GAME_ACTION,down,0.0,1.0,10.0,9.0,,experienced2,,,
2025-10-20 22:25:27.791Z,GAME_ACTION,down,0.0,2.0,10.0,9.0,,experienced2,,,
2025-10-20 22:25:29.419Z,GAME_ACTION,right,0.0,3.0,10.0,9.0,,experienced2,,,
2025-10-20 22:25:29.681Z,GAME_ACTION,right,1.0,3.0,10.0,9.0,,experienced2,,,
2025-10-20 22:25:29.952Z,GAME_ACTION,right,2.0,3.0,10.0,9.0,,experienced2,,,
2025-10-20 22:25:31.011Z,GAME_ACTION,up,3.0,3.0,10.0,9.0,,experienced2,,,
2025-10-20 22:25:31.224Z,GAME_ACTION,up,3.0,2.0,10.0,9.0,,experienced2,,,
2025-10-20 22:25:31.518Z,GAME_ACTION,up,3.0,1.0,10.0,9.0,,experienced2,,,
2025-10-20 22:25:31.518Z,INTERACTION,,3.0,1.0,10.0,9.0,,experienced2,,wizard_interaction,
2025-10-20 22:25:33.469Z,GAME_ACTION,down,3.0,1.0,10.0,9.0,,experienced2,,,
2025-10-20 22:25:33.960Z,GAME_ACTION,down,3.0,2.0,10.0,9.0,,experienced2,,,
2025-10-20 22:25:35.561Z,GAME_ACTION,right,3.0,3.0,10.0,9.0,,experienced2,,,
2025-10-20 22:25:35.780Z,GAME_ACTION,right,4.0,3.0,10.0,9.0,,experienced2,,,
2025-10-20 22:25:35.962Z,GAME_ACTION,right,5.0,3.0,10.0,9.0,,experienced2,,,
2025-10-20 22:25:36.128Z,GAME_ACTION,right,6.0,3.0,10.0,9.0,,experienced2,,,
2025-10-20 22:25:36.314Z,GAME_ACTION,right,7.0,3.0,10.0,9.0,,experienced2,,,
2025-10-20 22:25:36.462Z,GAME_ACTION,right,8.0,3.0,10.0,9.0,,experienced2,,,
2025-10-20 22:25:36.645Z,GAME_ACTION,right,9.0,3.0,10.0,9.0,,experienced2,,,
2025-10-20 22:25:36.901Z,GAME_ACTION,right,10.0,3.0,10.0,9.0,,experienced2,,,
2025-10-20 22:25:37.976Z,GAME_ACTION,up,10.0,3.0,10.0,9.0,,experienced2,,,
2025-10-20 22:25:38.142Z,GAME_ACTION,up,10.0,2.0,10.0,9.0,,experienced2,,,
2025-10-20 22:25:38.299Z,GAME_ACTION,up,10.0,1.0,10.0,9.0,,experienced2,,,
2025-10-20 22:25:38.299Z,INTERACTION,,10.0,1.0,10.0,9.0,,experienced2,,wizard_interaction,blueAmulet
2025-10-20 22:25:40.732Z,GAME_ACTION,down,10.0,1.0,10.0,9.0,,experienced2,,,
2025-10-20 22:25:41.598Z,GAME_ACTION,down,10.0,2.0,10.0,9.0,,experienced2,,,
2025-10-20 22:25:42.473Z,GAME_ACTION,left,10.0,3.0,10.0,9.0,,experienced2,,,
2025-10-20 22:25:42.662Z,GAME_ACTION,left,9.0,3.0,10.0,9.0,,experienced2,,,
2025-10-20 22:25:42.815Z,GAME_ACTION,left,8.0,3.0,10.0,9.0,,experienced2,,,
2025-10-20 22:25:42.972Z,GAME_ACTION,left,7.0,3.0,10.0,9.0,,experienced2,,,
2025-10-20 22:25:43.123Z,GAME_ACTION,left,6.0,3.0,10.0,9.0,,experienced2,,,
2025-10-20 22:25:43.436Z,GAME_ACTION,left,5.0,3.0,10.0,9.0,,experienced2,,,
2025-10-20 22:25:43.829Z,GAME_ACTION,left,4.0,3.0,10.0,9.0,,experienced2,,,
2025-10-20 22:25:44.004Z,GAME_ACTION,left,3.0,3.0,10.0,9.0,,experienced2,,,
2025-10-20 22:25:45.430Z,GAME_ACTION,down,2.0,3.0,10.0,9.0,,experienced2,,,
2025-10-20 22:25:45.617Z,GAME_ACTION,down,2.0,4.0,10.0,9.0,,experienced2,,,
2025-10-20 22:25:45.956Z,GAME_ACTION,down,2.0,5.0,10.0,9.0,,experienced2,,,
2025-10-20 22:25:46.262Z,GAME_ACTION,down,2.0,6.0,10.0,9.0,,experienced2,,,
2025-10-20 22:25:46.553Z,GAME_ACTION,down,2.0,7.0,10.0,9.0,,experienced2,,,
2025-10-20 22:25:46.910Z,GAME_ACTION,down,2.0,8.0,10.0,9.0,,experienced2,,,
2025-10-20 22:25:47.636Z,GAME_ACTION,left,2.0,9.0,10.0,9.0,,experienced2,,,
2025-10-20 22:25:48.050Z,GAME_ACTION,left,1.0,9.0,10.0,9.0,,experienced2,,,
2025-10-20 22:25:48.915Z,GAME_ACTION,down,0.0,9.0,10.0,9.0,,experienced2,,,
2025-10-20 22:25:50.549Z,GAME_ACTION,down,0.0,10.0,10.0,9.0,,experienced2,,,
2025-10-20 22:25:50.549Z,INTERACTION,,0.0,10.0,10.0,9.0,,experienced2,,treasure_interaction,B
2025-10-20 22:25:50.550Z,LEVEL_COMPLETE,,0.0,10.0,10.0,9.0,,experienced2,,,
2025-10-20 22:25:53.551Z,LEVEL_COMPLETE,,0.0,10.0,10.0,9.0,-34.0,experienced2,,,

Level: s321_1
Timestamp,Type,Player Action,Player X,Player Y,NPC X,NPC Y,Steps Remaining,NPC Path Type,NPC Current Path Index,Interaction Type,Interaction Details
2025-10-20 22:27:57.480Z,LEVEL_START,,,,,,,,,,
2025-10-20 22:27:57.505Z,LEVEL_START,,,,,,,,,,
2025-10-20 22:32:59.409Z,AGENT_OBSERVE,,0.0,9.0,4.0,8.0,,experienced1,,,
2025-10-20 22:32:59.934Z,AGENT_OBSERVE,,0.0,9.0,4.0,7.0,,experienced1,,,
2025-10-20 22:33:00.450Z,AGENT_OBSERVE,,0.0,9.0,4.0,6.0,,experienced1,,,
2025-10-20 22:33:05.796Z,GAME_ACTION,right,0.0,9.0,4.0,6.0,,experienced1,,,
2025-10-20 22:33:06.050Z,GAME_ACTION,right,1.0,9.0,4.0,6.0,,experienced1,,,
2025-10-20 22:33:06.225Z,GAME_ACTION,right,2.0,9.0,4.0,6.0,,experienced1,,,
2025-10-20 22:33:06.838Z,GAME_ACTION,right,3.0,9.0,4.0,6.0,,experienced1,,,
2025-10-20 22:33:08.203Z,GAME_ACTION,up,4.0,9.0,4.0,6.0,,experienced1,,,
2025-10-20 22:33:08.404Z,GAME_ACTION,up,4.0,8.0,4.0,6.0,,experienced1,,,
2025-10-20 22:33:08.824Z,GAME_ACTION,up,4.0,7.0,4.0,6.0,,experienced1,,,
2025-10-20 22:33:09.314Z,GAME_ACTION,up,4.0,6.0,4.0,6.0,,experienced1,,,
2025-10-20 22:33:09.856Z,GAME_ACTION,up,4.0,5.0,4.0,6.0,,experienced1,,,
2025-10-20 22:33:10.502Z,GAME_ACTION,up,4.0,4.0,4.0,6.0,,experienced1,,,
2025-10-20 22:33:11.614Z,GAME_ACTION,left,4.0,3.0,4.0,6.0,,experienced1,,,
2025-10-20 22:33:11.782Z,GAME_ACTION,left,3.0,3.0,4.0,6.0,,experienced1,,,
2025-10-20 22:33:11.974Z,GAME_ACTION,left,2.0,3.0,4.0,6.0,,experienced1,,,
2025-10-20 22:33:12.149Z,GAME_ACTION,left,1.0,3.0,4.0,6.0,,experienced1,,,
2025-10-20 22:33:13.498Z,GAME_ACTION,up,0.0,3.0,4.0,6.0,,experienced1,,,
2025-10-20 22:33:13.759Z,GAME_ACTION,up,0.0,2.0,4.0,6.0,,experienced1,,,
2025-10-20 22:33:14.152Z,INTERACTION,,0.0,2.0,4.0,6.0,,experienced1,,wizard_interaction,blueAmulet
2025-10-20 22:33:14.152Z,GAME_ACTION,up,0.0,1.0,4.0,6.0,,experienced1,,,
2025-10-20 22:33:15.999Z,GAME_ACTION,down,0.0,1.0,4.0,6.0,,experienced1,,,
2025-10-20 22:33:16.462Z,GAME_ACTION,down,0.0,2.0,4.0,6.0,,experienced1,,,
2025-10-20 22:33:17.548Z,GAME_ACTION,right,0.0,3.0,4.0,6.0,,experienced1,,,
2025-10-20 22:33:17.717Z,GAME_ACTION,right,1.0,3.0,4.0,6.0,,experienced1,,,
2025-10-20 22:33:17.882Z,GAME_ACTION,right,2.0,3.0,4.0,6.0,,experienced1,,,
2025-10-20 22:33:18.204Z,GAME_ACTION,right,3.0,3.0,4.0,6.0,,experienced1,,,
2025-10-20 22:33:19.777Z,GAME_ACTION,down,4.0,3.0,4.0,6.0,,experienced1,,,
2025-10-20 22:33:19.980Z,GAME_ACTION,down,4.0,4.0,4.0,6.0,,experienced1,,,
2025-10-20 22:33:20.182Z,GAME_ACTION,down,4.0,5.0,4.0,6.0,,experienced1,,,
2025-10-20 22:33:20.368Z,GAME_ACTION,down,4.0,6.0,4.0,6.0,,experienced1,,,
2025-10-20 22:33:20.558Z,GAME_ACTION,down,4.0,7.0,4.0,6.0,,experienced1,,,
2025-10-20 22:33:20.758Z,GAME_ACTION,down,4.0,8.0,4.0,6.0,,experienced1,,,
2025-10-20 22:33:22.203Z,GAME_ACTION,left,4.0,9.0,4.0,6.0,,experienced1,,,
2025-10-20 22:33:22.623Z,GAME_ACTION,left,3.0,9.0,4.0,6.0,,experienced1,,,
2025-10-20 22:33:23.734Z,GAME_ACTION,left,2.0,9.0,4.0,6.0,,experienced1,,,
2025-10-20 22:33:24.724Z,GAME_ACTION,left,1.0,9.0,4.0,6.0,,experienced1,,,
2025-10-20 22:33:25.798Z,GAME_ACTION,down,0.0,9.0,4.0,6.0,,experienced1,,,
2025-10-20 22:33:26.534Z,GAME_ACTION,down,0.0,10.0,4.0,6.0,,experienced1,,,
2025-10-20 22:33:26.534Z,INTERACTION,,0.0,10.0,4.0,6.0,,experienced1,,treasure_interaction,B
2025-10-20 22:33:26.534Z,LEVEL_COMPLETE,,0.0,10.0,4.0,6.0,,experienced1,,,
2025-10-20 22:33:29.535Z,LEVEL_COMPLETE,,0.0,10.0,4.0,6.0,24.0,experienced1,,,

Level: s341_1
Timestamp,Type,Player Action,Player X,Player Y,NPC X,NPC Y,Steps Remaining,NPC Path Type,NPC Current Path Index,Interaction Type,Interaction Details
2025-10-20 22:27:04.449Z,LEVEL_START,,,,,,,,,,
2025-10-20 22:27:04.514Z,LEVEL_START,,,,,,,,,,
2025-10-20 22:27:29.932Z,AGENT_OBSERVE,,10.0,8.0,7.0,3.0,,experienced1,,,
2025-10-20 22:27:32.094Z,AGENT_OBSERVE,,10.0,8.0,6.0,3.0,,experienced1,,,
2025-10-20 22:27:32.600Z,AGENT_OBSERVE,,10.0,8.0,5.0,3.0,,experienced1,,,
2025-10-20 22:27:33.616Z,AGENT_OBSERVE,,10.0,8.0,4.0,3.0,,experienced1,,,
2025-10-20 22:27:36.898Z,GAME_ACTION,left,10.0,8.0,4.0,3.0,,experienced1,,,
2025-10-20 22:27:37.204Z,GAME_ACTION,left,9.0,8.0,4.0,3.0,,experienced1,,,
2025-10-20 22:27:37.537Z,GAME_ACTION,left,8.0,8.0,4.0,3.0,,experienced1,,,
2025-10-20 22:27:38.447Z,GAME_ACTION,up,7.0,8.0,4.0,3.0,,experienced1,,,
2025-10-20 22:27:38.712Z,GAME_ACTION,up,7.0,7.0,4.0,3.0,,experienced1,,,
2025-10-20 22:27:38.956Z,GAME_ACTION,up,7.0,6.0,4.0,3.0,,experienced1,,,
2025-10-20 22:27:39.289Z,GAME_ACTION,up,7.0,5.0,4.0,3.0,,experienced1,,,
2025-10-20 22:27:39.744Z,GAME_ACTION,up,7.0,4.0,4.0,3.0,,experienced1,,,
2025-10-20 22:27:40.541Z,GAME_ACTION,left,7.0,3.0,4.0,3.0,,experienced1,,,
2025-10-20 22:27:40.900Z,GAME_ACTION,left,6.0,3.0,4.0,3.0,,experienced1,,,
2025-10-20 22:27:41.145Z,GAME_ACTION,left,5.0,3.0,4.0,3.0,,experienced1,,,
2025-10-20 22:27:41.320Z,GAME_ACTION,left,4.0,3.0,4.0,3.0,,experienced1,,,
2025-10-20 22:27:41.523Z,GAME_ACTION,left,3.0,3.0,4.0,3.0,,experienced1,,,
2025-10-20 22:27:41.734Z,GAME_ACTION,left,2.0,3.0,4.0,3.0,,experienced1,,,
2025-10-20 22:27:42.056Z,GAME_ACTION,left,1.0,3.0,4.0,3.0,,experienced1,,,
2025-10-20 22:27:43.492Z,GAME_ACTION,down,0.0,3.0,4.0,3.0,,experienced1,,,
2025-10-20 22:27:43.965Z,INTERACTION,,0.0,3.0,4.0,3.0,,experienced1,,wizard_interaction,blueAmulet
2025-10-20 22:27:43.965Z,GAME_ACTION,down,0.0,4.0,4.0,3.0,,experienced1,,,
2025-10-20 22:27:45.689Z,GAME_ACTION,up,0.0,4.0,4.0,3.0,,experienced1,,,
2025-10-20 22:27:47.090Z,GAME_ACTION,right,0.0,3.0,4.0,3.0,,experienced1,,,
2025-10-20 22:27:47.293Z,GAME_ACTION,right,1.0,3.0,4.0,3.0,,experienced1,,,
2025-10-20 22:27:47.504Z,GAME_ACTION,right,2.0,3.0,4.0,3.0,,experienced1,,,
2025-10-20 22:27:47.712Z,GAME_ACTION,right,3.0,3.0,4.0,3.0,,experienced1,,,
2025-10-20 22:27:47.931Z,GAME_ACTION,right,4.0,3.0,4.0,3.0,,experienced1,,,
2025-10-20 22:27:48.132Z,GAME_ACTION,right,5.0,3.0,4.0,3.0,,experienced1,,,
2025-10-20 22:27:48.332Z,GAME_ACTION,right,6.0,3.0,4.0,3.0,,experienced1,,,
2025-10-20 22:27:49.209Z,GAME_ACTION,down,7.0,3.0,4.0,3.0,,experienced1,,,
2025-10-20 22:27:49.376Z,GAME_ACTION,down,7.0,4.0,4.0,3.0,,experienced1,,,
2025-10-20 22:27:49.543Z,GAME_ACTION,down,7.0,5.0,4.0,3.0,,experienced1,,,
2025-10-20 22:27:49.698Z,GAME_ACTION,down,7.0,6.0,4.0,3.0,,experienced1,,,
2025-10-20 22:27:49.970Z,GAME_ACTION,down,7.0,7.0,4.0,3.0,,experienced1,,,
2025-10-20 22:27:51.023Z,GAME_ACTION,left,7.0,8.0,4.0,3.0,,experienced1,,,
2025-10-20 22:27:51.311Z,GAME_ACTION,left,6.0,8.0,4.0,3.0,,experienced1,,,
2025-10-20 22:27:53.446Z,GAME_ACTION,down,5.0,8.0,4.0,3.0,,experienced1,,,
2025-10-20 22:27:53.918Z,GAME_ACTION,down,5.0,9.0,4.0,3.0,,experienced1,,,
2025-10-20 22:27:54.383Z,GAME_ACTION,down,5.0,10.0,4.0,3.0,,experienced1,,,
2025-10-20 22:27:54.383Z,INTERACTION,,5.0,10.0,4.0,3.0,,experienced1,,treasure_interaction,B
2025-10-20 22:27:54.383Z,LEVEL_COMPLETE,,5.0,10.0,4.0,3.0,,experienced1,,,
2025-10-20 22:27:57.384Z,LEVEL_COMPLETE,,5.0,10.0,4.0,3.0,23.0,experienced1,,,

Level: s361_2
Timestamp,Type,Player Action,Player X,Player Y,NPC X,NPC Y,Steps Remaining,NPC Path Type,NPC Current Path Index,Interaction Type,Interaction Details
2025-10-20 22:34:32.414Z,LEVEL_START,,,,,,,,,,
2025-10-20 22:34:32.434Z,LEVEL_START,,,,,,,,,,
2025-10-20 22:35:13.669Z,AGENT_OBSERVE,,4.0,7.0,5.0,5.0,,experienced2,,,
2025-10-20 22:35:26.104Z,GAME_ACTION,up,4.0,7.0,5.0,5.0,,experienced2,,,
2025-10-20 22:35:26.584Z,GAME_ACTION,up,4.0,6.0,5.0,5.0,,experienced2,,,
2025-10-20 22:35:26.847Z,GAME_ACTION,up,4.0,5.0,5.0,5.0,,experienced2,,,
2025-10-20 22:35:27.320Z,GAME_ACTION,up,4.0,4.0,5.0,5.0,,experienced2,,,
2025-10-20 22:35:28.706Z,GAME_ACTION,right,4.0,3.0,5.0,5.0,,experienced2,,,
2025-10-20 22:35:29.019Z,GAME_ACTION,right,5.0,3.0,5.0,5.0,,experienced2,,,
2025-10-20 22:35:29.332Z,GAME_ACTION,right,6.0,3.0,5.0,5.0,,experienced2,,,
2025-10-20 22:35:30.190Z,GAME_ACTION,up,7.0,3.0,5.0,5.0,,experienced2,,,
2025-10-20 22:35:30.496Z,GAME_ACTION,up,7.0,2.0,5.0,5.0,,experienced2,,,
2025-10-20 22:35:30.803Z,GAME_ACTION,up,7.0,1.0,5.0,5.0,,experienced2,,,
2025-10-20 22:35:30.803Z,INTERACTION,,7.0,1.0,5.0,5.0,,experienced2,,wizard_interaction,
2025-10-20 22:35:33.409Z,GAME_ACTION,down,7.0,1.0,5.0,5.0,,experienced2,,,
2025-10-20 22:35:33.733Z,GAME_ACTION,down,7.0,2.0,5.0,5.0,,experienced2,,,
2025-10-20 22:35:34.547Z,GAME_ACTION,right,7.0,3.0,5.0,5.0,,experienced2,,,
2025-10-20 22:35:34.793Z,GAME_ACTION,right,8.0,3.0,5.0,5.0,,experienced2,,,
2025-10-20 22:35:35.029Z,GAME_ACTION,right,9.0,3.0,5.0,5.0,,experienced2,,,
2025-10-20 22:35:35.728Z,GAME_ACTION,up,10.0,3.0,5.0,5.0,,experienced2,,,
2025-10-20 22:35:35.947Z,GAME_ACTION,up,10.0,2.0,5.0,5.0,,experienced2,,,
2025-10-20 22:35:36.314Z,GAME_ACTION,up,10.0,1.0,5.0,5.0,,experienced2,,,
2025-10-20 22:35:36.314Z,INTERACTION,,10.0,1.0,5.0,5.0,,experienced2,,wizard_interaction,blueAmulet
2025-10-20 22:35:38.205Z,GAME_ACTION,down,10.0,1.0,5.0,5.0,,experienced2,,,
2025-10-20 22:35:38.503Z,GAME_ACTION,down,10.0,2.0,5.0,5.0,,experienced2,,,
2025-10-20 22:35:39.516Z,GAME_ACTION,left,10.0,3.0,5.0,5.0,,experienced2,,,
2025-10-20 22:35:39.867Z,GAME_ACTION,left,9.0,3.0,5.0,5.0,,experienced2,,,
2025-10-20 22:35:40.777Z,GAME_ACTION,left,8.0,3.0,5.0,5.0,,experienced2,,,
2025-10-20 22:35:41.250Z,GAME_ACTION,left,7.0,3.0,5.0,5.0,,experienced2,,,
2025-10-20 22:35:41.531Z,GAME_ACTION,left,6.0,3.0,5.0,5.0,,experienced2,,,
2025-10-20 22:35:41.783Z,GAME_ACTION,left,5.0,3.0,5.0,5.0,,experienced2,,,
2025-10-20 22:35:43.168Z,GAME_ACTION,down,4.0,3.0,5.0,5.0,,experienced2,,,
2025-10-20 22:35:43.388Z,GAME_ACTION,down,4.0,4.0,5.0,5.0,,experienced2,,,
2025-10-20 22:35:43.560Z,GAME_ACTION,down,4.0,5.0,5.0,5.0,,experienced2,,,
2025-10-20 22:35:43.760Z,GAME_ACTION,down,4.0,6.0,5.0,5.0,,experienced2,,,
2025-10-20 22:35:44.032Z,GAME_ACTION,down,4.0,7.0,5.0,5.0,,experienced2,,,
2025-10-20 22:35:44.522Z,GAME_ACTION,down,4.0,8.0,5.0,5.0,,experienced2,,,
2025-10-20 22:35:45.685Z,GAME_ACTION,right,4.0,9.0,5.0,5.0,,experienced2,,,
2025-10-20 22:35:46.019Z,GAME_ACTION,right,5.0,9.0,5.0,5.0,,experienced2,,,
2025-10-20 22:35:46.509Z,GAME_ACTION,right,6.0,9.0,5.0,5.0,,experienced2,,,
2025-10-20 22:35:50.245Z,GAME_ACTION,down,7.0,9.0,5.0,5.0,,experienced2,,,
2025-10-20 22:35:50.787Z,GAME_ACTION,down,7.0,10.0,5.0,5.0,,experienced2,,,
2025-10-20 22:35:52.896Z,GAME_ACTION,right,7.0,11.0,5.0,5.0,,experienced2,,,
2025-10-20 22:35:53.170Z,GAME_ACTION,right,8.0,11.0,5.0,5.0,,experienced2,,,
2025-10-20 22:35:53.832Z,GAME_ACTION,right,9.0,11.0,5.0,5.0,,experienced2,,,
2025-10-20 22:35:53.833Z,INTERACTION,,9.0,11.0,5.0,5.0,,experienced2,,treasure_interaction,C
2025-10-20 22:35:53.833Z,LEVEL_COMPLETE,,9.0,11.0,5.0,5.0,,experienced2,,,
2025-10-20 22:35:56.834Z,LEVEL_COMPLETE,,9.0,11.0,5.0,5.0,9.0,experienced2,,,

Level: s411_2
Timestamp,Type,Player Action,Player X,Player Y,NPC X,NPC Y,Steps Remaining,NPC Path Type,NPC Current Path Index,Interaction Type,Interaction Details
2025-10-20 22:41:20.631Z,LEVEL_START,,,,,,,,,,
2025-10-20 22:41:20.666Z,LEVEL_START,,,,,,,,,,
2025-10-20 22:41:52.074Z,AGENT_OBSERVE,,2.0,7.0,1.0,5.0,,experienced2,,,
2025-10-20 22:41:56.484Z,GAME_ACTION,up,2.0,7.0,1.0,5.0,,experienced2,,,
2025-10-20 22:41:57.246Z,GAME_ACTION,up,2.0,6.0,1.0,5.0,,experienced2,,,
2025-10-20 22:41:57.726Z,GAME_ACTION,up,2.0,5.0,1.0,5.0,,experienced2,,,
2025-10-20 22:41:57.988Z,GAME_ACTION,up,2.0,4.0,1.0,5.0,,experienced2,,,
2025-10-20 22:41:59.073Z,GAME_ACTION,left,2.0,3.0,1.0,5.0,,experienced2,,,
2025-10-20 22:41:59.310Z,GAME_ACTION,left,1.0,3.0,1.0,5.0,,experienced2,,,
2025-10-20 22:41:59.538Z,GAME_ACTION,left,0.0,3.0,1.0,5.0,,experienced2,,,
2025-10-20 22:42:00.227Z,GAME_ACTION,up,0.0,3.0,1.0,5.0,,experienced2,,,
2025-10-20 22:42:00.501Z,GAME_ACTION,up,0.0,2.0,1.0,5.0,,experienced2,,,
2025-10-20 22:42:00.929Z,GAME_ACTION,up,0.0,1.0,1.0,5.0,,experienced2,,,
2025-10-20 22:42:00.929Z,INTERACTION,,0.0,1.0,1.0,5.0,,experienced2,,wizard_interaction,
2025-10-20 22:42:03.037Z,GAME_ACTION,down,0.0,1.0,1.0,5.0,,experienced2,,,
2025-10-20 22:42:03.423Z,GAME_ACTION,down,0.0,2.0,1.0,5.0,,experienced2,,,
2025-10-20 22:42:03.992Z,GAME_ACTION,right,0.0,3.0,1.0,5.0,,experienced2,,,
2025-10-20 22:42:04.219Z,GAME_ACTION,right,1.0,3.0,1.0,5.0,,experienced2,,,
2025-10-20 22:42:04.490Z,GAME_ACTION,right,2.0,3.0,1.0,5.0,,experienced2,,,
2025-10-20 22:42:05.419Z,GAME_ACTION,up,3.0,3.0,1.0,5.0,,experienced2,,,
2025-10-20 22:42:05.646Z,GAME_ACTION,up,3.0,2.0,1.0,5.0,,experienced2,,,
2025-10-20 22:42:05.952Z,GAME_ACTION,up,3.0,1.0,1.0,5.0,,experienced2,,,
2025-10-20 22:42:05.952Z,INTERACTION,,3.0,1.0,1.0,5.0,,experienced2,,wizard_interaction,
2025-10-20 22:42:07.212Z,GAME_ACTION,down,3.0,1.0,1.0,5.0,,experienced2,,,
2025-10-20 22:42:07.503Z,GAME_ACTION,down,3.0,2.0,1.0,5.0,,experienced2,,,
2025-10-20 22:42:08.594Z,GAME_ACTION,right,3.0,3.0,1.0,5.0,,experienced2,,,
2025-10-20 22:42:08.804Z,GAME_ACTION,right,4.0,3.0,1.0,5.0,,experienced2,,,
2025-10-20 22:42:09.102Z,GAME_ACTION,right,5.0,3.0,1.0,5.0,,experienced2,,,
2025-10-20 22:42:10.092Z,GAME_ACTION,up,6.0,3.0,1.0,5.0,,experienced2,,,
2025-10-20 22:42:10.388Z,GAME_ACTION,up,6.0,2.0,1.0,5.0,,experienced2,,,
2025-10-20 22:42:10.738Z,GAME_ACTION,up,6.0,1.0,1.0,5.0,,experienced2,,,
2025-10-20 22:42:10.738Z,INTERACTION,,6.0,1.0,1.0,5.0,,experienced2,,wizard_interaction,
2025-10-20 22:42:11.770Z,GAME_ACTION,down,6.0,1.0,1.0,5.0,,experienced2,,,
2025-10-20 22:42:12.024Z,GAME_ACTION,down,6.0,2.0,1.0,5.0,,experienced2,,,
2025-10-20 22:42:13.459Z,GAME_ACTION,right,6.0,3.0,1.0,5.0,,experienced2,,,
2025-10-20 22:42:13.678Z,GAME_ACTION,right,7.0,3.0,1.0,5.0,,experienced2,,,
2025-10-20 22:42:13.899Z,GAME_ACTION,right,8.0,3.0,1.0,5.0,,experienced2,,,
2025-10-20 22:42:14.370Z,GAME_ACTION,right,9.0,3.0,1.0,5.0,,experienced2,,,
2025-10-20 22:42:15.121Z,GAME_ACTION,up,10.0,3.0,1.0,5.0,,experienced2,,,
2025-10-20 22:42:15.315Z,GAME_ACTION,up,10.0,2.0,1.0,5.0,,experienced2,,,
2025-10-20 22:42:15.523Z,GAME_ACTION,up,10.0,1.0,1.0,5.0,,experienced2,,,
2025-10-20 22:42:15.523Z,INTERACTION,,10.0,1.0,1.0,5.0,,experienced2,,wizard_interaction,blueAmulet
2025-10-20 22:42:15.751Z,GAME_ACTION,up,10.0,1.0,1.0,5.0,,experienced2,,,
2025-10-20 22:42:18.367Z,GAME_ACTION,down,10.0,1.0,1.0,5.0,,experienced2,,,
2025-10-20 22:42:18.709Z,GAME_ACTION,down,10.0,2.0,1.0,5.0,,experienced2,,,
2025-10-20 22:42:19.654Z,GAME_ACTION,left,10.0,3.0,1.0,5.0,,experienced2,,,
2025-10-20 22:42:19.848Z,GAME_ACTION,left,9.0,3.0,1.0,5.0,,experienced2,,,
2025-10-20 22:42:19.986Z,GAME_ACTION,left,8.0,3.0,1.0,5.0,,experienced2,,,
2025-10-20 22:42:20.143Z,GAME_ACTION,left,7.0,3.0,1.0,5.0,,experienced2,,,
2025-10-20 22:42:20.486Z,GAME_ACTION,left,6.0,3.0,1.0,5.0,,experienced2,,,
2025-10-20 22:42:20.722Z,GAME_ACTION,left,5.0,3.0,1.0,5.0,,experienced2,,,
2025-10-20 22:42:20.932Z,GAME_ACTION,left,4.0,3.0,1.0,5.0,,experienced2,,,
2025-10-20 22:42:21.317Z,GAME_ACTION,left,3.0,3.0,1.0,5.0,,experienced2,,,
2025-10-20 22:42:22.217Z,GAME_ACTION,down,2.0,3.0,1.0,5.0,,experienced2,,,
2025-10-20 22:42:22.437Z,GAME_ACTION,down,2.0,4.0,1.0,5.0,,experienced2,,,
2025-10-20 22:42:23.464Z,GAME_ACTION,left,2.0,5.0,1.0,5.0,,experienced2,,,
2025-10-20 22:42:23.618Z,GAME_ACTION,left,1.0,5.0,1.0,5.0,,experienced2,,,
2025-10-20 22:42:23.618Z,INTERACTION,,1.0,5.0,1.0,5.0,,experienced2,,wizard_interaction,redAmulet
2025-10-20 22:42:23.774Z,GAME_ACTION,left,1.0,5.0,1.0,5.0,,experienced2,,,
2025-10-20 22:42:25.141Z,GAME_ACTION,right,1.0,5.0,1.0,5.0,,experienced2,,,
2025-10-20 22:42:27.345Z,GAME_ACTION,down,2.0,5.0,1.0,5.0,,experienced2,,,
2025-10-20 22:42:27.775Z,GAME_ACTION,down,2.0,6.0,1.0,5.0,,experienced2,,,
2025-10-20 22:42:27.985Z,GAME_ACTION,down,2.0,7.0,1.0,5.0,,experienced2,,,
2025-10-20 22:42:28.571Z,GAME_ACTION,down,2.0,8.0,1.0,5.0,,experienced2,,,
2025-10-20 22:42:29.384Z,GAME_ACTION,left,2.0,9.0,1.0,5.0,,experienced2,,,
2025-10-20 22:42:29.584Z,GAME_ACTION,left,1.0,9.0,1.0,5.0,,experienced2,,,
2025-10-20 22:42:30.541Z,GAME_ACTION,down,0.0,9.0,1.0,5.0,,experienced2,,,
2025-10-20 22:42:30.705Z,GAME_ACTION,down,0.0,10.0,1.0,5.0,,experienced2,,,
2025-10-20 22:42:30.705Z,INTERACTION,,0.0,10.0,1.0,5.0,,experienced2,,treasure_interaction,B
2025-10-20 22:42:30.706Z,LEVEL_COMPLETE,,0.0,10.0,1.0,5.0,,experienced2,,,
2025-10-20 22:42:33.707Z,LEVEL_COMPLETE,,0.0,10.0,1.0,5.0,-48.0,experienced2,,,

Level: s421_2
Timestamp,Type,Player Action,Player X,Player Y,NPC X,NPC Y,Steps Remaining,NPC Path Type,NPC Current Path Index,Interaction Type,Interaction Details
2025-10-20 22:42:33.804Z,LEVEL_START,,,,,,,,,,
2025-10-20 22:42:33.831Z,LEVEL_START,,,,,,,,,,
2025-10-20 22:42:54.637Z,AGENT_OBSERVE,,0.0,9.0,4.0,10.0,,experienced2,,,
2025-10-20 22:43:00.131Z,GAME_ACTION,right,0.0,9.0,4.0,10.0,,experienced2,,,
2025-10-20 22:43:00.308Z,GAME_ACTION,right,1.0,9.0,4.0,10.0,,experienced2,,,
2025-10-20 22:43:00.473Z,GAME_ACTION,right,2.0,9.0,4.0,10.0,,experienced2,,,
2025-10-20 22:43:00.666Z,GAME_ACTION,right,3.0,9.0,4.0,10.0,,experienced2,,,
2025-10-20 22:43:00.841Z,GAME_ACTION,right,4.0,9.0,4.0,10.0,,experienced2,,,
2025-10-20 22:43:01.007Z,GAME_ACTION,right,5.0,9.0,4.0,10.0,,experienced2,,,
2025-10-20 22:43:01.191Z,GAME_ACTION,right,6.0,9.0,4.0,10.0,,experienced2,,,
2025-10-20 22:43:01.357Z,GAME_ACTION,right,7.0,9.0,4.0,10.0,,experienced2,,,
2025-10-20 22:43:01.567Z,GAME_ACTION,right,8.0,9.0,4.0,10.0,,experienced2,,,
2025-10-20 22:43:01.787Z,INTERACTION,,8.0,9.0,4.0,10.0,,experienced2,,wizard_interaction,
2025-10-20 22:43:01.787Z,GAME_ACTION,right,9.0,9.0,4.0,10.0,,experienced2,,,
2025-10-20 22:43:03.466Z,GAME_ACTION,left,9.0,9.0,4.0,10.0,,experienced2,,,
2025-10-20 22:43:03.650Z,GAME_ACTION,left,8.0,9.0,4.0,10.0,,experienced2,,,
2025-10-20 22:43:03.824Z,GAME_ACTION,left,7.0,9.0,4.0,10.0,,experienced2,,,
2025-10-20 22:43:03.990Z,GAME_ACTION,left,6.0,9.0,4.0,10.0,,experienced2,,,
2025-10-20 22:43:04.358Z,GAME_ACTION,left,5.0,9.0,4.0,10.0,,experienced2,,,
2025-10-20 22:43:05.049Z,GAME_ACTION,up,4.0,9.0,4.0,10.0,,experienced2,,,
2025-10-20 22:43:05.242Z,GAME_ACTION,up,4.0,8.0,4.0,10.0,,experienced2,,,
2025-10-20 22:43:05.408Z,GAME_ACTION,up,4.0,7.0,4.0,10.0,,experienced2,,,
2025-10-20 22:43:05.566Z,GAME_ACTION,up,4.0,6.0,4.0,10.0,,experienced2,,,
2025-10-20 22:43:05.741Z,GAME_ACTION,up,4.0,5.0,4.0,10.0,,experienced2,,,
2025-10-20 22:43:06.065Z,GAME_ACTION,up,4.0,4.0,4.0,10.0,,experienced2,,,
2025-10-20 22:43:06.775Z,GAME_ACTION,left,4.0,3.0,4.0,10.0,,experienced2,,,
2025-10-20 22:43:06.984Z,GAME_ACTION,left,3.0,3.0,4.0,10.0,,experienced2,,,
2025-10-20 22:43:07.159Z,GAME_ACTION,left,2.0,3.0,4.0,10.0,,experienced2,,,
2025-10-20 22:43:07.290Z,GAME_ACTION,left,1.0,3.0,4.0,10.0,,experienced2,,,
2025-10-20 22:43:07.491Z,GAME_ACTION,left,0.0,3.0,4.0,10.0,,experienced2,,,
2025-10-20 22:43:07.938Z,GAME_ACTION,up,0.0,3.0,4.0,10.0,,experienced2,,,
2025-10-20 22:43:08.105Z,GAME_ACTION,up,0.0,2.0,4.0,10.0,,experienced2,,,
2025-10-20 22:43:08.279Z,GAME_ACTION,up,0.0,1.0,4.0,10.0,,experienced2,,,
2025-10-20 22:43:08.279Z,INTERACTION,,0.0,1.0,4.0,10.0,,experienced2,,wizard_interaction,blueAmulet
2025-10-20 22:43:08.431Z,GAME_ACTION,up,0.0,1.0,4.0,10.0,,experienced2,,,
2025-10-20 22:43:09.724Z,GAME_ACTION,down,0.0,1.0,4.0,10.0,,experienced2,,,
2025-10-20 22:43:09.932Z,GAME_ACTION,down,0.0,2.0,4.0,10.0,,experienced2,,,
2025-10-20 22:43:10.991Z,GAME_ACTION,right,0.0,3.0,4.0,10.0,,experienced2,,,
2025-10-20 22:43:11.157Z,GAME_ACTION,right,1.0,3.0,4.0,10.0,,experienced2,,,
2025-10-20 22:43:11.358Z,GAME_ACTION,right,2.0,3.0,4.0,10.0,,experienced2,,,
2025-10-20 22:43:11.515Z,GAME_ACTION,right,3.0,3.0,4.0,10.0,,experienced2,,,
2025-10-20 22:43:13.125Z,GAME_ACTION,down,4.0,3.0,4.0,10.0,,experienced2,,,
2025-10-20 22:43:13.292Z,GAME_ACTION,down,4.0,4.0,4.0,10.0,,experienced2,,,
2025-10-20 22:43:13.457Z,GAME_ACTION,down,4.0,5.0,4.0,10.0,,experienced2,,,
2025-10-20 22:43:13.637Z,GAME_ACTION,down,4.0,6.0,4.0,10.0,,experienced2,,,
2025-10-20 22:43:13.794Z,GAME_ACTION,down,4.0,7.0,4.0,10.0,,experienced2,,,
2025-10-20 22:43:14.386Z,GAME_ACTION,down,4.0,8.0,4.0,10.0,,experienced2,,,
2025-10-20 22:43:16.259Z,GAME_ACTION,left,4.0,9.0,4.0,10.0,,experienced2,,,
2025-10-20 22:43:16.415Z,GAME_ACTION,left,3.0,9.0,4.0,10.0,,experienced2,,,
2025-10-20 22:43:16.590Z,GAME_ACTION,left,2.0,9.0,4.0,10.0,,experienced2,,,
2025-10-20 22:43:16.748Z,GAME_ACTION,left,1.0,9.0,4.0,10.0,,experienced2,,,
2025-10-20 22:43:16.975Z,GAME_ACTION,left,0.0,9.0,4.0,10.0,,experienced2,,,
2025-10-20 22:43:17.976Z,GAME_ACTION,down,0.0,9.0,4.0,10.0,,experienced2,,,
2025-10-20 22:43:18.317Z,GAME_ACTION,down,0.0,10.0,4.0,10.0,,experienced2,,,
2025-10-20 22:43:18.317Z,INTERACTION,,0.0,10.0,4.0,10.0,,experienced2,,treasure_interaction,B
2025-10-20 22:43:18.318Z,LEVEL_COMPLETE,,0.0,10.0,4.0,10.0,,experienced2,,,
2025-10-20 22:43:21.319Z,LEVEL_COMPLETE,,0.0,10.0,4.0,10.0,-9.0,experienced2,,,

Level: s432_2
Timestamp,Type,Player Action,Player X,Player Y,NPC X,NPC Y,Steps Remaining,NPC Path Type,NPC Current Path Index,Interaction Type,Interaction Details
2025-10-20 22:25:53.705Z,LEVEL_START,,,,,,,,,,
2025-10-20 22:25:53.742Z,LEVEL_START,,,,,,,,,,
2025-10-20 22:26:14.848Z,AGENT_OBSERVE,,4.0,5.0,6.0,9.0,,experienced2,,,
2025-10-20 22:26:32.831Z,GAME_ACTION,left,4.0,5.0,6.0,9.0,,experienced2,,,
2025-10-20 22:26:33.153Z,GAME_ACTION,left,3.0,5.0,6.0,9.0,,experienced2,,,
2025-10-20 22:26:33.319Z,GAME_ACTION,left,2.0,5.0,6.0,9.0,,experienced2,,,
2025-10-20 22:26:33.669Z,GAME_ACTION,left,1.0,5.0,6.0,9.0,,experienced2,,,
2025-10-20 22:26:34.833Z,GAME_ACTION,up,0.0,5.0,6.0,9.0,,experienced2,,,
2025-10-20 22:26:35.078Z,GAME_ACTION,up,0.0,4.0,6.0,9.0,,experienced2,,,
2025-10-20 22:26:35.322Z,GAME_ACTION,up,0.0,3.0,6.0,9.0,,experienced2,,,
2025-10-20 22:26:35.629Z,GAME_ACTION,up,0.0,2.0,6.0,9.0,,experienced2,,,
2025-10-20 22:26:36.251Z,GAME_ACTION,up,0.0,1.0,6.0,9.0,,experienced2,,,
2025-10-20 22:26:36.251Z,INTERACTION,,0.0,1.0,6.0,9.0,,experienced2,,wizard_interaction,
2025-10-20 22:26:38.324Z,GAME_ACTION,down,0.0,1.0,6.0,9.0,,experienced2,,,
2025-10-20 22:26:38.771Z,GAME_ACTION,down,0.0,2.0,6.0,9.0,,experienced2,,,
2025-10-20 22:26:40.634Z,GAME_ACTION,right,0.0,3.0,6.0,9.0,,experienced2,,,
2025-10-20 22:26:41.622Z,GAME_ACTION,right,1.0,3.0,6.0,9.0,,experienced2,,,
2025-10-20 22:26:42.789Z,GAME_ACTION,up,2.0,3.0,6.0,9.0,,experienced2,,,
2025-10-20 22:26:43.119Z,GAME_ACTION,up,2.0,2.0,6.0,9.0,,experienced2,,,
2025-10-20 22:26:43.556Z,GAME_ACTION,up,2.0,1.0,6.0,9.0,,experienced2,,,
2025-10-20 22:26:43.556Z,INTERACTION,,2.0,1.0,6.0,9.0,,experienced2,,wizard_interaction,
2025-10-20 22:26:45.009Z,GAME_ACTION,down,2.0,1.0,6.0,9.0,,experienced2,,,
2025-10-20 22:26:45.412Z,GAME_ACTION,down,2.0,2.0,6.0,9.0,,experienced2,,,
2025-10-20 22:26:46.558Z,GAME_ACTION,right,2.0,3.0,6.0,9.0,,experienced2,,,
2025-10-20 22:26:46.804Z,GAME_ACTION,right,3.0,3.0,6.0,9.0,,experienced2,,,
2025-10-20 22:26:47.075Z,GAME_ACTION,right,4.0,3.0,6.0,9.0,,experienced2,,,
2025-10-20 22:26:47.888Z,GAME_ACTION,up,4.0,3.0,6.0,9.0,,experienced2,,,
2025-10-20 22:26:48.186Z,GAME_ACTION,up,4.0,2.0,6.0,9.0,,experienced2,,,
2025-10-20 22:26:48.519Z,GAME_ACTION,up,4.0,1.0,6.0,9.0,,experienced2,,,
2025-10-20 22:26:48.519Z,INTERACTION,,4.0,1.0,6.0,9.0,,experienced2,,wizard_interaction,blueAmulet
2025-10-20 22:26:50.102Z,GAME_ACTION,down,4.0,1.0,6.0,9.0,,experienced2,,,
2025-10-20 22:26:50.479Z,GAME_ACTION,down,4.0,2.0,6.0,9.0,,experienced2,,,
2025-10-20 22:26:51.668Z,GAME_ACTION,left,4.0,3.0,6.0,9.0,,experienced2,,,
2025-10-20 22:26:51.845Z,GAME_ACTION,left,3.0,3.0,6.0,9.0,,experienced2,,,
2025-10-20 22:26:52.029Z,GAME_ACTION,left,2.0,3.0,6.0,9.0,,experienced2,,,
2025-10-20 22:26:52.211Z,GAME_ACTION,left,1.0,3.0,6.0,9.0,,experienced2,,,
2025-10-20 22:26:53.245Z,GAME_ACTION,down,0.0,3.0,6.0,9.0,,experienced2,,,
2025-10-20 22:26:53.436Z,GAME_ACTION,down,0.0,4.0,6.0,9.0,,experienced2,,,
2025-10-20 22:26:53.628Z,GAME_ACTION,down,0.0,5.0,6.0,9.0,,experienced2,,,
2025-10-20 22:26:54.686Z,GAME_ACTION,right,0.0,5.0,6.0,9.0,,experienced2,,,
2025-10-20 22:26:55.194Z,GAME_ACTION,right,1.0,5.0,6.0,9.0,,experienced2,,,
2025-10-20 22:26:55.781Z,GAME_ACTION,right,2.0,5.0,6.0,9.0,,experienced2,,,
2025-10-20 22:26:57.191Z,GAME_ACTION,down,3.0,5.0,6.0,9.0,,experienced2,,,
2025-10-20 22:26:57.399Z,GAME_ACTION,down,3.0,6.0,6.0,9.0,,experienced2,,,
2025-10-20 22:26:57.611Z,GAME_ACTION,down,3.0,7.0,6.0,9.0,,experienced2,,,
2025-10-20 22:26:58.204Z,GAME_ACTION,down,3.0,8.0,6.0,9.0,,experienced2,,,
2025-10-20 22:26:58.808Z,GAME_ACTION,left,3.0,9.0,6.0,9.0,,experienced2,,,
2025-10-20 22:26:58.974Z,GAME_ACTION,left,2.0,9.0,6.0,9.0,,experienced2,,,
2025-10-20 22:26:59.151Z,GAME_ACTION,left,1.0,9.0,6.0,9.0,,experienced2,,,
2025-10-20 22:26:59.316Z,GAME_ACTION,left,0.0,9.0,6.0,9.0,,experienced2,,,
2025-10-20 22:26:59.491Z,GAME_ACTION,left,0.0,9.0,6.0,9.0,,experienced2,,,
2025-10-20 22:27:00.417Z,GAME_ACTION,down,0.0,9.0,6.0,9.0,,experienced2,,,
2025-10-20 22:27:01.328Z,GAME_ACTION,down,0.0,10.0,6.0,9.0,,experienced2,,,
2025-10-20 22:27:01.328Z,INTERACTION,,0.0,10.0,6.0,9.0,,experienced2,,treasure_interaction,B
2025-10-20 22:27:01.328Z,LEVEL_COMPLETE,,0.0,10.0,6.0,9.0,,experienced2,,,
2025-10-20 22:27:04.330Z,LEVEL_COMPLETE,,0.0,10.0,6.0,9.0,-7.0,experienced2,,,

Level: s532_1
Timestamp,Type,Player Action,Player X,Player Y,NPC X,NPC Y,Steps Remaining,NPC Path Type,NPC Current Path Index,Interaction Type,Interaction Details
2025-10-20 22:35:56.927Z,LEVEL_START,,,,,,,,,,
2025-10-20 22:35:56.965Z,LEVEL_START,,,,,,,,,,
2025-10-20 22:40:04.421Z,AGENT_OBSERVE,,0.0,8.0,4.0,6.0,,experienced1,,,
2025-10-20 22:40:05.620Z,AGENT_OBSERVE,,0.0,8.0,4.0,5.0,,experienced1,,,
2025-10-20 22:40:06.128Z,AGENT_OBSERVE,,0.0,8.0,4.0,4.0,,experienced1,,,
2025-10-20 22:40:06.480Z,AGENT_OBSERVE,,0.0,8.0,4.0,3.0,,experienced1,,,
2025-10-20 22:40:06.924Z,AGENT_OBSERVE,,0.0,8.0,5.0,3.0,,experienced1,,,
2025-10-20 22:40:07.592Z,AGENT_OBSERVE,,0.0,8.0,6.0,3.0,,experienced1,,,
2025-10-20 22:40:08.333Z,AGENT_OBSERVE,,0.0,8.0,6.0,2.0,,experienced1,,,
2025-10-20 22:40:11.623Z,GAME_ACTION,right,0.0,8.0,6.0,2.0,,experienced1,,,
2025-10-20 22:40:11.816Z,GAME_ACTION,right,1.0,8.0,6.0,2.0,,experienced1,,,
2025-10-20 22:40:11.999Z,GAME_ACTION,right,2.0,8.0,6.0,2.0,,experienced1,,,
2025-10-20 22:40:12.201Z,GAME_ACTION,right,3.0,8.0,6.0,2.0,,experienced1,,,
2025-10-20 22:40:13.210Z,GAME_ACTION,up,4.0,8.0,6.0,2.0,,experienced1,,,
2025-10-20 22:40:13.417Z,GAME_ACTION,up,4.0,7.0,6.0,2.0,,experienced1,,,
2025-10-20 22:40:13.601Z,GAME_ACTION,up,4.0,6.0,6.0,2.0,,experienced1,,,
2025-10-20 22:40:13.775Z,GAME_ACTION,up,4.0,5.0,6.0,2.0,,experienced1,,,
2025-10-20 22:40:14.064Z,GAME_ACTION,up,4.0,4.0,6.0,2.0,,experienced1,,,
2025-10-20 22:40:15.546Z,GAME_ACTION,right,4.0,3.0,6.0,2.0,,experienced1,,,
2025-10-20 22:40:15.920Z,GAME_ACTION,right,5.0,3.0,6.0,2.0,,experienced1,,,
2025-10-20 22:40:17.206Z,GAME_ACTION,up,6.0,3.0,6.0,2.0,,experienced1,,,
2025-10-20 22:40:17.407Z,GAME_ACTION,up,6.0,2.0,6.0,2.0,,experienced1,,,
2025-10-20 22:40:17.591Z,INTERACTION,,6.0,2.0,6.0,2.0,,experienced1,,wizard_interaction,blueAmulet
2025-10-20 22:40:17.591Z,GAME_ACTION,up,6.0,1.0,6.0,2.0,,experienced1,,,
2025-10-20 22:40:19.454Z,GAME_ACTION,down,6.0,1.0,6.0,2.0,,experienced1,,,
2025-10-20 22:40:19.822Z,GAME_ACTION,down,6.0,2.0,6.0,2.0,,experienced1,,,
2025-10-20 22:40:20.951Z,GAME_ACTION,left,6.0,3.0,6.0,2.0,,experienced1,,,
2025-10-20 22:40:21.196Z,GAME_ACTION,left,5.0,3.0,6.0,2.0,,experienced1,,,
2025-10-20 22:40:24.206Z,GAME_ACTION,down,4.0,3.0,6.0,2.0,,experienced1,,,
2025-10-20 22:40:24.644Z,GAME_ACTION,down,4.0,4.0,6.0,2.0,,experienced1,,,
2025-10-20 22:40:25.521Z,GAME_ACTION,left,4.0,5.0,6.0,2.0,,experienced1,,,
2025-10-20 22:40:25.694Z,GAME_ACTION,left,3.0,5.0,6.0,2.0,,experienced1,,,
2025-10-20 22:40:27.254Z,GAME_ACTION,right,2.0,5.0,6.0,2.0,,experienced1,,,
2025-10-20 22:40:27.435Z,GAME_ACTION,right,3.0,5.0,6.0,2.0,,experienced1,,,
2025-10-20 22:40:30.681Z,GAME_ACTION,down,4.0,5.0,6.0,2.0,,experienced1,,,
2025-10-20 22:40:30.856Z,GAME_ACTION,down,4.0,6.0,6.0,2.0,,experienced1,,,
2025-10-20 22:40:31.022Z,GAME_ACTION,down,4.0,7.0,6.0,2.0,,experienced1,,,
2025-10-20 22:40:32.370Z,GAME_ACTION,right,4.0,8.0,6.0,2.0,,experienced1,,,
2025-10-20 22:40:32.545Z,GAME_ACTION,right,5.0,8.0,6.0,2.0,,experienced1,,,
2025-10-20 22:40:32.738Z,GAME_ACTION,right,6.0,8.0,6.0,2.0,,experienced1,,,
2025-10-20 22:40:32.904Z,GAME_ACTION,right,7.0,8.0,6.0,2.0,,experienced1,,,
2025-10-20 22:40:33.245Z,GAME_ACTION,right,8.0,8.0,6.0,2.0,,experienced1,,,
2025-10-20 22:40:33.245Z,INTERACTION,,8.0,8.0,6.0,2.0,,experienced1,,treasure_interaction,B
2025-10-20 22:40:33.245Z,LEVEL_COMPLETE,,8.0,8.0,6.0,2.0,,experienced1,,,
2025-10-20 22:40:36.247Z,LEVEL_COMPLETE,,8.0,8.0,6.0,2.0,9.0,experienced1,,,

Level: s542_2
Timestamp,Type,Player Action,Player X,Player Y,NPC X,NPC Y,Steps Remaining,NPC Path Type,NPC Current Path Index,Interaction Type,Interaction Details
2025-10-20 22:33:29.667Z,LEVEL_START,,,,,,,,,,
2025-10-20 22:33:29.691Z,LEVEL_START,,,,,,,,,,
2025-10-20 22:33:51.498Z,AGENT_OBSERVE,,0.0,9.0,3.0,2.0,,experienced2,,,
2025-10-20 22:34:01.464Z,GAME_ACTION,right,0.0,9.0,3.0,2.0,,experienced2,,,
2025-10-20 22:34:01.709Z,GAME_ACTION,right,1.0,9.0,3.0,2.0,,experienced2,,,
2025-10-20 22:34:01.885Z,GAME_ACTION,right,2.0,9.0,3.0,2.0,,experienced2,,,
2025-10-20 22:34:02.147Z,GAME_ACTION,right,3.0,9.0,3.0,2.0,,experienced2,,,
2025-10-20 22:34:02.636Z,GAME_ACTION,right,4.0,9.0,3.0,2.0,,experienced2,,,
2025-10-20 22:34:05.034Z,GAME_ACTION,up,5.0,9.0,3.0,2.0,,experienced2,,,
2025-10-20 22:34:05.279Z,GAME_ACTION,up,5.0,8.0,3.0,2.0,,experienced2,,,
2025-10-20 22:34:05.480Z,GAME_ACTION,up,5.0,7.0,3.0,2.0,,experienced2,,,
2025-10-20 22:34:05.700Z,GAME_ACTION,up,5.0,6.0,3.0,2.0,,experienced2,,,
2025-10-20 22:34:05.926Z,GAME_ACTION,up,5.0,5.0,3.0,2.0,,experienced2,,,
2025-10-20 22:34:06.487Z,GAME_ACTION,up,5.0,4.0,3.0,2.0,,experienced2,,,
2025-10-20 22:34:06.960Z,GAME_ACTION,up,5.0,3.0,3.0,2.0,,experienced2,,,
2025-10-20 22:34:07.658Z,GAME_ACTION,left,5.0,2.0,3.0,2.0,,experienced2,,,
2025-10-20 22:34:07.992Z,GAME_ACTION,left,4.0,2.0,3.0,2.0,,experienced2,,,
2025-10-20 22:34:09.164Z,GAME_ACTION,up,3.0,2.0,3.0,2.0,,experienced2,,,
2025-10-20 22:34:11.316Z,GAME_ACTION,up,3.0,1.0,3.0,2.0,,experienced2,,,
2025-10-20 22:34:12.839Z,GAME_ACTION,left,3.0,0.0,3.0,2.0,,experienced2,,,
2025-10-20 22:34:13.260Z,INTERACTION,,3.0,0.0,3.0,2.0,,experienced2,,wizard_interaction,
2025-10-20 22:34:13.260Z,GAME_ACTION,left,2.0,0.0,3.0,2.0,,experienced2,,,
2025-10-20 22:34:15.499Z,GAME_ACTION,right,2.0,0.0,3.0,2.0,,experienced2,,,
2025-10-20 22:34:15.910Z,GAME_ACTION,right,3.0,0.0,3.0,2.0,,experienced2,,,
2025-10-20 22:34:16.260Z,GAME_ACTION,right,4.0,0.0,3.0,2.0,,experienced2,,,
2025-10-20 22:34:16.260Z,INTERACTION,,4.0,0.0,3.0,2.0,,experienced2,,wizard_interaction,blueAmulet
2025-10-20 22:34:17.529Z,GAME_ACTION,left,4.0,0.0,3.0,2.0,,experienced2,,,
2025-10-20 22:34:19.035Z,GAME_ACTION,down,3.0,0.0,3.0,2.0,,experienced2,,,
2025-10-20 22:34:19.541Z,GAME_ACTION,down,3.0,1.0,3.0,2.0,,experienced2,,,
2025-10-20 22:34:23.716Z,GAME_ACTION,right,3.0,2.0,3.0,2.0,,experienced2,,,
2025-10-20 22:34:24.091Z,GAME_ACTION,right,4.0,2.0,3.0,2.0,,experienced2,,,
2025-10-20 22:34:25.570Z,GAME_ACTION,down,5.0,2.0,3.0,2.0,,experienced2,,,
2025-10-20 22:34:25.841Z,GAME_ACTION,down,5.0,3.0,3.0,2.0,,experienced2,,,
2025-10-20 22:34:26.070Z,GAME_ACTION,down,5.0,4.0,3.0,2.0,,experienced2,,,
2025-10-20 22:34:27.688Z,GAME_ACTION,left,5.0,5.0,3.0,2.0,,experienced2,,,
2025-10-20 22:34:27.932Z,GAME_ACTION,left,4.0,5.0,3.0,2.0,,experienced2,,,
2025-10-20 22:34:28.545Z,GAME_ACTION,left,3.0,5.0,3.0,2.0,,experienced2,,,
2025-10-20 22:34:28.995Z,GAME_ACTION,left,2.0,5.0,3.0,2.0,,experienced2,,,
2025-10-20 22:34:29.325Z,GAME_ACTION,left,1.0,5.0,3.0,2.0,,experienced2,,,
2025-10-20 22:34:29.325Z,INTERACTION,,1.0,5.0,3.0,2.0,,experienced2,,treasure_interaction,A
2025-10-20 22:34:29.325Z,LEVEL_COMPLETE,,1.0,5.0,3.0,2.0,,experienced2,,,
2025-10-20 22:34:32.325Z,LEVEL_COMPLETE,,1.0,5.0,3.0,2.0,17.0,experienced2,,,

Level: s544_1
Timestamp,Type,Player Action,Player X,Player Y,NPC X,NPC Y,Steps Remaining,NPC Path Type,NPC Current Path Index,Interaction Type,Interaction Details
2025-10-20 22:40:36.345Z,LEVEL_START,,,,,,,,,,
2025-10-20 22:40:36.368Z,LEVEL_START,,,,,,,,,,
2025-10-20 22:40:57.342Z,AGENT_OBSERVE,,5.0,1.0,1.0,9.0,,experienced1,,,
2025-10-20 22:41:03.978Z,GAME_ACTION,right,5.0,1.0,1.0,9.0,,experienced1,,,
2025-10-20 22:41:05.270Z,GAME_ACTION,up,6.0,1.0,1.0,9.0,,experienced1,,,
2025-10-20 22:41:05.270Z,INTERACTION,,6.0,1.0,1.0,9.0,,experienced1,,wizard_interaction,
2025-10-20 22:41:07.474Z,GAME_ACTION,left,6.0,1.0,1.0,9.0,,experienced1,,,
2025-10-20 22:41:08.088Z,GAME_ACTION,left,5.0,1.0,1.0,9.0,,experienced1,,,
2025-10-20 22:41:09.933Z,GAME_ACTION,up,4.0,1.0,1.0,9.0,,experienced1,,,
2025-10-20 22:41:09.934Z,INTERACTION,,4.0,1.0,1.0,9.0,,experienced1,,wizard_interaction,blueAmulet
2025-10-20 22:41:12.288Z,GAME_ACTION,right,4.0,1.0,1.0,9.0,,experienced1,,,
2025-10-20 22:41:13.742Z,GAME_ACTION,down,5.0,1.0,1.0,9.0,,experienced1,,,
2025-10-20 22:41:14.178Z,GAME_ACTION,down,5.0,2.0,1.0,9.0,,experienced1,,,
2025-10-20 22:41:14.624Z,GAME_ACTION,down,5.0,3.0,1.0,9.0,,experienced1,,,
2025-10-20 22:41:15.052Z,GAME_ACTION,down,5.0,4.0,1.0,9.0,,experienced1,,,
2025-10-20 22:41:16.368Z,GAME_ACTION,left,5.0,5.0,1.0,9.0,,experienced1,,,
2025-10-20 22:41:16.656Z,GAME_ACTION,left,4.0,5.0,1.0,9.0,,experienced1,,,
2025-10-20 22:41:16.942Z,GAME_ACTION,left,3.0,5.0,1.0,9.0,,experienced1,,,
2025-10-20 22:41:17.251Z,GAME_ACTION,left,2.0,5.0,1.0,9.0,,experienced1,,,
2025-10-20 22:41:17.512Z,GAME_ACTION,left,1.0,5.0,1.0,9.0,,experienced1,,,
2025-10-20 22:41:17.512Z,INTERACTION,,1.0,5.0,1.0,9.0,,experienced1,,treasure_interaction,A
2025-10-20 22:41:17.512Z,LEVEL_COMPLETE,,1.0,5.0,1.0,9.0,,experienced1,,,
2025-10-20 22:41:20.513Z,LEVEL_COMPLETE,,1.0,5.0,1.0,9.0,19.0,experienced1,,,

