Session ID,u1760831719126
Completed At,2025-10-19 00:19:29.808Z
Created At,2025-10-18 23:55:19.126Z

User Data
prolificId,61647de75314468d5cb57f93
age,27
gender,male
timestamp,1760833169578

Comprehension Check
Passed,TRUE

Level: comprehension_check
Timestamp,Type,Player Action,Player X,Player Y,NPC X,NPC Y,Steps Remaining,NPC Path Type,NPC Current Path Index,Interaction Type,Interaction Details
2025-10-19 00:05:27.792Z,INTERACTION,,,,,,,,,comprehension_check,failed
2025-10-19 00:05:35.008Z,INTERACTION,,,,,,,,,comprehension_check,passed

Level: s111_1
Timestamp,Type,Player Action,Player X,Player Y,NPC X,NPC Y,Steps Remaining,NPC Path Type,NPC Current Path Index,Interaction Type,Interaction Details
2025-10-18 23:55:19.204Z,LEVEL_START,,,,,,,,,,

Level: s111_2
Timestamp,Type,Player Action,Player X,Player Y,NPC X,NPC Y,Steps Remaining,NPC Path Type,NPC Current Path Index,Interaction Type,Interaction Details
2025-10-18 23:55:19.240Z,LEVEL_START,,,,,,,,,,
2025-10-18 23:55:19.240Z,LEVEL_START,,,,,,,,,,
2025-10-19 00:05:47.441Z,AGENT_OBSERVE,,5.0,7.0,5.0,5.0,,experienced2,,,
2025-10-19 00:05:48.776Z,AGENT_OBSERVE,,5.0,7.0,5.0,6.0,,experienced2,,,
2025-10-19 00:05:50.032Z,AGENT_OBSERVE,,5.0,7.0,5.0,7.0,,experienced2,,,
2025-10-19 00:05:51.104Z,AGENT_OBSERVE,,5.0,7.0,5.0,8.0,,experienced2,,,
2025-10-19 00:05:52.872Z,AGENT_OBSERVE,,5.0,7.0,5.0,9.0,,experienced2,,,
2025-10-19 00:05:54.232Z,AGENT_OBSERVE,,5.0,7.0,5.0,10.0,,experienced2,,,
2025-10-19 00:05:55.224Z,AGENT_OBSERVE,,5.0,7.0,5.0,11.0,,experienced2,,,
2025-10-19 00:06:03.624Z,GAME_ACTION,up,5.0,7.0,5.0,11.0,,experienced2,,,
2025-10-19 00:06:04.504Z,GAME_ACTION,up,5.0,6.0,5.0,11.0,,experienced2,,,
2025-10-19 00:06:05.120Z,GAME_ACTION,up,5.0,5.0,5.0,11.0,,experienced2,,,
2025-10-19 00:06:05.784Z,GAME_ACTION,up,5.0,4.0,5.0,11.0,,experienced2,,,
2025-10-19 00:06:07.392Z,GAME_ACTION,left,5.0,3.0,5.0,11.0,,experienced2,,,
2025-10-19 00:06:08.336Z,GAME_ACTION,left,4.0,3.0,5.0,11.0,,experienced2,,,
2025-10-19 00:06:09.208Z,GAME_ACTION,right,3.0,3.0,5.0,11.0,,experienced2,,,
2025-10-19 00:06:09.968Z,GAME_ACTION,right,4.0,3.0,5.0,11.0,,experienced2,,,
2025-10-19 00:06:10.448Z,GAME_ACTION,right,5.0,3.0,5.0,11.0,,experienced2,,,
2025-10-19 00:06:11.472Z,GAME_ACTION,down,6.0,3.0,5.0,11.0,,experienced2,,,
2025-10-19 00:06:11.864Z,GAME_ACTION,down,6.0,3.0,5.0,11.0,,experienced2,,,
2025-10-19 00:06:12.216Z,GAME_ACTION,down,6.0,3.0,5.0,11.0,,experienced2,,,
2025-10-19 00:06:12.512Z,GAME_ACTION,down,6.0,3.0,5.0,11.0,,experienced2,,,
2025-10-19 00:06:13.672Z,GAME_ACTION,left,6.0,3.0,5.0,11.0,,experienced2,,,
2025-10-19 00:06:15.232Z,GAME_ACTION,down,5.0,3.0,5.0,11.0,,experienced2,,,
2025-10-19 00:06:15.656Z,GAME_ACTION,down,5.0,4.0,5.0,11.0,,experienced2,,,
2025-10-19 00:06:16.080Z,GAME_ACTION,down,5.0,5.0,5.0,11.0,,experienced2,,,
2025-10-19 00:06:16.496Z,GAME_ACTION,down,5.0,6.0,5.0,11.0,,experienced2,,,
2025-10-19 00:06:16.984Z,GAME_ACTION,down,5.0,7.0,5.0,11.0,,experienced2,,,
2025-10-19 00:06:17.416Z,GAME_ACTION,down,5.0,8.0,5.0,11.0,,experienced2,,,
2025-10-19 00:06:17.840Z,GAME_ACTION,down,5.0,9.0,5.0,11.0,,experienced2,,,
2025-10-19 00:06:18.002Z,GAME_ACTION,down,5.0,10.0,5.0,11.0,,experienced2,,,
2025-10-19 00:06:18.002Z,INTERACTION,,5.0,10.0,5.0,11.0,,experienced2,,treasure_interaction,C
2025-10-19 00:06:36.552Z,GAME_ACTION,up,5.0,11.0,5.0,11.0,,experienced2,,,
2025-10-19 00:06:37.240Z,GAME_ACTION,up,5.0,10.0,5.0,11.0,,experienced2,,,
2025-10-19 00:06:38.400Z,GAME_ACTION,right,5.0,9.0,5.0,11.0,,experienced2,,,
2025-10-19 00:06:38.768Z,GAME_ACTION,right,6.0,9.0,5.0,11.0,,experienced2,,,
2025-10-19 00:06:38.912Z,GAME_ACTION,right,7.0,9.0,5.0,11.0,,experienced2,,,
2025-10-19 00:06:39.465Z,GAME_ACTION,right,7.0,9.0,5.0,11.0,,experienced2,,,
2025-10-19 00:06:40.032Z,GAME_ACTION,right,7.0,9.0,5.0,11.0,,experienced2,,,
2025-10-19 00:06:42.304Z,GAME_ACTION,left,7.0,9.0,5.0,11.0,,experienced2,,,
2025-10-19 00:06:42.704Z,GAME_ACTION,left,6.0,9.0,5.0,11.0,,experienced2,,,
2025-10-19 00:06:43.080Z,GAME_ACTION,left,5.0,9.0,5.0,11.0,,experienced2,,,
2025-10-19 00:06:43.834Z,GAME_ACTION,left,4.0,9.0,5.0,11.0,,experienced2,,,
2025-10-19 00:06:44.208Z,GAME_ACTION,left,3.0,9.0,5.0,11.0,,experienced2,,,
2025-10-19 00:06:44.664Z,GAME_ACTION,left,2.0,9.0,5.0,11.0,,experienced2,,,
2025-10-19 00:06:44.856Z,GAME_ACTION,left,1.0,9.0,5.0,11.0,,experienced2,,,
2025-10-19 00:06:45.280Z,GAME_ACTION,left,1.0,9.0,5.0,11.0,,experienced2,,,
2025-10-19 00:06:48.056Z,GAME_ACTION,right,1.0,9.0,5.0,11.0,,experienced2,,,
2025-10-19 00:06:48.464Z,GAME_ACTION,right,2.0,9.0,5.0,11.0,,experienced2,,,
2025-10-19 00:06:48.656Z,GAME_ACTION,right,3.0,9.0,5.0,11.0,,experienced2,,,
2025-10-19 00:06:50.680Z,GAME_ACTION,right,4.0,9.0,5.0,11.0,,experienced2,,,
2025-10-19 00:06:51.097Z,GAME_ACTION,right,5.0,9.0,5.0,11.0,,experienced2,,,
2025-10-19 00:06:52.400Z,GAME_ACTION,left,6.0,9.0,5.0,11.0,,experienced2,,,
2025-10-19 00:06:54.424Z,GAME_ACTION,up,5.0,9.0,5.0,11.0,,experienced2,,,
2025-10-19 00:06:54.976Z,GAME_ACTION,up,5.0,8.0,5.0,11.0,,experienced2,,,
2025-10-19 00:06:55.600Z,GAME_ACTION,up,5.0,7.0,5.0,11.0,,experienced2,,,
2025-10-19 00:06:56.080Z,GAME_ACTION,up,5.0,6.0,5.0,11.0,,experienced2,,,
2025-10-19 00:06:56.816Z,GAME_ACTION,up,5.0,5.0,5.0,11.0,,experienced2,,,
2025-10-19 00:06:57.312Z,GAME_ACTION,up,5.0,4.0,5.0,11.0,,experienced2,,,
2025-10-19 00:06:57.768Z,GAME_ACTION,up,5.0,3.0,5.0,11.0,,experienced2,,,
2025-10-19 00:06:58.264Z,GAME_ACTION,up,5.0,2.0,5.0,11.0,,experienced2,,,
2025-10-19 00:06:58.264Z,INTERACTION,,5.0,2.0,5.0,11.0,,experienced2,,wizard_interaction,redAmulet
2025-10-19 00:07:05.400Z,GAME_ACTION,down,5.0,2.0,5.0,11.0,,experienced2,,,
2025-10-19 00:07:07.640Z,GAME_ACTION,down,5.0,3.0,5.0,11.0,,experienced2,,,
2025-10-19 00:07:07.992Z,GAME_ACTION,down,5.0,4.0,5.0,11.0,,experienced2,,,
2025-10-19 00:07:08.288Z,GAME_ACTION,down,5.0,5.0,5.0,11.0,,experienced2,,,
2025-10-19 00:07:08.648Z,GAME_ACTION,down,5.0,6.0,5.0,11.0,,experienced2,,,
2025-10-19 00:07:10.592Z,GAME_ACTION,left,5.0,7.0,5.0,11.0,,experienced2,,,
2025-10-19 00:07:11.000Z,GAME_ACTION,left,4.0,7.0,5.0,11.0,,experienced2,,,
2025-10-19 00:07:12.032Z,GAME_ACTION,left,3.0,7.0,5.0,11.0,,experienced2,,,
2025-10-19 00:07:16.664Z,GAME_ACTION,up,3.0,7.0,5.0,11.0,,experienced2,,,
2025-10-19 00:07:18.139Z,GAME_ACTION,right,3.0,7.0,5.0,11.0,,experienced2,,,
2025-10-19 00:07:18.360Z,GAME_ACTION,right,4.0,7.0,5.0,11.0,,experienced2,,,
2025-10-19 00:07:18.664Z,GAME_ACTION,right,5.0,7.0,5.0,11.0,,experienced2,,,
2025-10-19 00:07:20.224Z,GAME_ACTION,up,5.0,7.0,5.0,11.0,,experienced2,,,
2025-10-19 00:07:20.568Z,GAME_ACTION,up,5.0,6.0,5.0,11.0,,experienced2,,,
2025-10-19 00:07:21.864Z,GAME_ACTION,right,5.0,5.0,5.0,11.0,,experienced2,,,
2025-10-19 00:07:22.256Z,GAME_ACTION,right,6.0,5.0,5.0,11.0,,experienced2,,,
2025-10-19 00:07:22.656Z,GAME_ACTION,right,7.0,5.0,5.0,11.0,,experienced2,,,
2025-10-19 00:07:23.080Z,GAME_ACTION,right,8.0,5.0,5.0,11.0,,experienced2,,,
2025-10-19 00:07:23.080Z,INTERACTION,,8.0,5.0,5.0,11.0,,experienced2,,wizard_interaction,blueAmulet
2025-10-19 00:07:23.536Z,GAME_ACTION,right,8.0,5.0,5.0,11.0,,experienced2,,,
2025-10-19 00:07:25.745Z,GAME_ACTION,left,8.0,5.0,5.0,11.0,,experienced2,,,
2025-10-19 00:07:26.096Z,GAME_ACTION,left,7.0,5.0,5.0,11.0,,experienced2,,,
2025-10-19 00:07:26.480Z,GAME_ACTION,left,6.0,5.0,5.0,11.0,,experienced2,,,
2025-10-19 00:07:27.792Z,GAME_ACTION,down,5.0,5.0,5.0,11.0,,experienced2,,,
2025-10-19 00:07:28.096Z,GAME_ACTION,down,5.0,6.0,5.0,11.0,,experienced2,,,
2025-10-19 00:07:29.472Z,GAME_ACTION,left,5.0,7.0,5.0,11.0,,experienced2,,,
2025-10-19 00:07:29.833Z,GAME_ACTION,left,4.0,7.0,5.0,11.0,,experienced2,,,
2025-10-19 00:07:30.248Z,GAME_ACTION,left,3.0,7.0,5.0,11.0,,experienced2,,,
2025-10-19 00:07:30.688Z,GAME_ACTION,left,2.0,7.0,5.0,11.0,,experienced2,,,
2025-10-19 00:07:30.688Z,INTERACTION,,2.0,7.0,5.0,11.0,,experienced2,,treasure_interaction,A
2025-10-19 00:07:35.296Z,GAME_ACTION,down,1.0,7.0,5.0,11.0,,experienced2,,,
2025-10-19 00:07:36.816Z,GAME_ACTION,right,1.0,7.0,5.0,11.0,,experienced2,,,
2025-10-19 00:07:37.168Z,GAME_ACTION,right,2.0,7.0,5.0,11.0,,experienced2,,,
2025-10-19 00:07:37.576Z,GAME_ACTION,right,3.0,7.0,5.0,11.0,,experienced2,,,
2025-10-19 00:07:38.088Z,GAME_ACTION,right,4.0,7.0,5.0,11.0,,experienced2,,,
2025-10-19 00:07:38.424Z,GAME_ACTION,right,5.0,7.0,5.0,11.0,,experienced2,,,
2025-10-19 00:07:39.248Z,GAME_ACTION,down,5.0,7.0,5.0,11.0,,experienced2,,,
2025-10-19 00:07:39.600Z,GAME_ACTION,down,5.0,8.0,5.0,11.0,,experienced2,,,
2025-10-19 00:07:40.184Z,GAME_ACTION,down,5.0,9.0,5.0,11.0,,experienced2,,,
2025-10-19 00:07:41.632Z,GAME_ACTION,right,5.0,10.0,5.0,11.0,,experienced2,,,
2025-10-19 00:07:41.784Z,GAME_ACTION,right,5.0,10.0,5.0,11.0,,experienced2,,,
2025-10-19 00:07:43.704Z,GAME_ACTION,up,5.0,10.0,5.0,11.0,,experienced2,,,
2025-10-19 00:07:44.904Z,GAME_ACTION,right,5.0,9.0,5.0,11.0,,experienced2,,,
2025-10-19 00:07:45.184Z,GAME_ACTION,right,6.0,9.0,5.0,11.0,,experienced2,,,
2025-10-19 00:07:45.512Z,GAME_ACTION,right,7.0,9.0,5.0,11.0,,experienced2,,,
2025-10-19 00:07:45.680Z,GAME_ACTION,right,8.0,9.0,5.0,11.0,,experienced2,,,
2025-10-19 00:07:45.680Z,INTERACTION,,8.0,9.0,5.0,11.0,,experienced2,,treasure_interaction,B
2025-10-19 00:07:45.680Z,LEVEL_COMPLETE,,8.0,9.0,5.0,11.0,,experienced2,,,
2025-10-19 00:07:48.681Z,LEVEL_COMPLETE,,8.0,9.0,5.0,11.0,-135.0,experienced2,,,

Level: s112_1
Timestamp,Type,Player Action,Player X,Player Y,NPC X,NPC Y,Steps Remaining,NPC Path Type,NPC Current Path Index,Interaction Type,Interaction Details
2025-10-19 00:07:48.761Z,LEVEL_START,,,,,,,,,,
2025-10-19 00:07:48.761Z,LEVEL_START,,,,,,,,,,
2025-10-19 00:08:02.072Z,AGENT_OBSERVE,,5.0,7.0,5.0,5.0,,experienced1,,,
2025-10-19 00:08:02.768Z,AGENT_OBSERVE,,5.0,7.0,5.0,6.0,,experienced1,,,
2025-10-19 00:08:03.224Z,AGENT_OBSERVE,,5.0,7.0,5.0,7.0,,experienced1,,,
2025-10-19 00:08:03.688Z,AGENT_OBSERVE,,5.0,7.0,5.0,8.0,,experienced1,,,
2025-10-19 00:08:04.072Z,AGENT_OBSERVE,,5.0,7.0,5.0,9.0,,experienced1,,,
2025-10-19 00:08:04.481Z,AGENT_OBSERVE,,5.0,7.0,5.0,10.0,,experienced1,,,
2025-10-19 00:08:04.944Z,AGENT_OBSERVE,,5.0,7.0,5.0,10.0,,experienced1,,,
2025-10-19 00:08:05.432Z,AGENT_OBSERVE,,5.0,7.0,5.0,9.0,,experienced1,,,
2025-10-19 00:08:06.328Z,AGENT_OBSERVE,,5.0,7.0,4.0,9.0,,experienced1,,,
2025-10-19 00:08:07.192Z,AGENT_OBSERVE,,5.0,7.0,3.0,9.0,,experienced1,,,
2025-10-19 00:08:07.744Z,AGENT_OBSERVE,,5.0,7.0,2.0,9.0,,experienced1,,,
2025-10-19 00:08:08.272Z,AGENT_OBSERVE,,5.0,7.0,1.0,9.0,,experienced1,,,
2025-10-19 00:08:08.880Z,AGENT_OBSERVE,,5.0,7.0,1.0,10.0,,experienced1,,,
2025-10-19 00:08:09.601Z,AGENT_OBSERVE,,5.0,7.0,1.0,10.0,,experienced1,,,
2025-10-19 00:08:10.184Z,AGENT_OBSERVE,,5.0,7.0,1.0,9.0,,experienced1,,,
2025-10-19 00:08:17.409Z,GAME_ACTION,down,5.0,7.0,1.0,9.0,,experienced1,,,
2025-10-19 00:08:18.040Z,GAME_ACTION,down,5.0,8.0,1.0,9.0,,experienced1,,,
2025-10-19 00:08:19.312Z,GAME_ACTION,down,5.0,9.0,1.0,9.0,,experienced1,,,
2025-10-19 00:08:19.608Z,GAME_ACTION,down,5.0,10.0,1.0,9.0,,experienced1,,,
2025-10-19 00:08:19.608Z,INTERACTION,,5.0,10.0,1.0,9.0,,experienced1,,wizard_interaction,blueAmulet
2025-10-19 00:08:19.664Z,GAME_ACTION,down,5.0,10.0,1.0,9.0,,experienced1,,,
2025-10-19 00:08:22.176Z,GAME_ACTION,up,5.0,10.0,1.0,9.0,,experienced1,,,
2025-10-19 00:08:22.408Z,GAME_ACTION,up,5.0,9.0,1.0,9.0,,experienced1,,,
2025-10-19 00:08:23.856Z,GAME_ACTION,down,5.0,8.0,1.0,9.0,,experienced1,,,
2025-10-19 00:08:24.552Z,GAME_ACTION,left,5.0,9.0,1.0,9.0,,experienced1,,,
2025-10-19 00:08:24.944Z,GAME_ACTION,left,4.0,9.0,1.0,9.0,,experienced1,,,
2025-10-19 00:08:25.328Z,GAME_ACTION,left,3.0,9.0,1.0,9.0,,experienced1,,,
2025-10-19 00:08:25.656Z,GAME_ACTION,left,2.0,9.0,1.0,9.0,,experienced1,,,
2025-10-19 00:08:26.976Z,GAME_ACTION,down,1.0,9.0,1.0,9.0,,experienced1,,,
2025-10-19 00:08:27.288Z,GAME_ACTION,down,1.0,10.0,1.0,9.0,,experienced1,,,
2025-10-19 00:08:27.288Z,INTERACTION,,1.0,10.0,1.0,9.0,,experienced1,,wizard_interaction,redAmulet
2025-10-19 00:08:29.672Z,GAME_ACTION,up,1.0,10.0,1.0,9.0,,experienced1,,,
2025-10-19 00:08:31.040Z,GAME_ACTION,right,1.0,9.0,1.0,9.0,,experienced1,,,
2025-10-19 00:08:31.400Z,GAME_ACTION,right,2.0,9.0,1.0,9.0,,experienced1,,,
2025-10-19 00:08:32.016Z,GAME_ACTION,right,3.0,9.0,1.0,9.0,,experienced1,,,
2025-10-19 00:08:32.208Z,GAME_ACTION,right,4.0,9.0,1.0,9.0,,experienced1,,,
2025-10-19 00:08:33.852Z,GAME_ACTION,up,5.0,9.0,1.0,9.0,,experienced1,,,
2025-10-19 00:08:34.192Z,GAME_ACTION,up,5.0,8.0,1.0,9.0,,experienced1,,,
2025-10-19 00:08:35.664Z,GAME_ACTION,left,5.0,7.0,1.0,9.0,,experienced1,,,
2025-10-19 00:08:36.024Z,GAME_ACTION,left,4.0,7.0,1.0,9.0,,experienced1,,,
2025-10-19 00:08:36.433Z,GAME_ACTION,left,3.0,7.0,1.0,9.0,,experienced1,,,
2025-10-19 00:08:36.912Z,GAME_ACTION,left,2.0,7.0,1.0,9.0,,experienced1,,,
2025-10-19 00:08:36.912Z,INTERACTION,,2.0,7.0,1.0,9.0,,experienced1,,treasure_interaction,B
2025-10-19 00:08:36.912Z,LEVEL_COMPLETE,,2.0,7.0,1.0,9.0,,experienced1,,,
2025-10-19 00:08:39.913Z,LEVEL_COMPLETE,,2.0,7.0,1.0,9.0,-11.0,experienced1,,,

Level: s221_2
Timestamp,Type,Player Action,Player X,Player Y,NPC X,NPC Y,Steps Remaining,NPC Path Type,NPC Current Path Index,Interaction Type,Interaction Details
2025-10-19 00:16:42.662Z,LEVEL_START,,,,,,,,,,
2025-10-19 00:16:42.663Z,LEVEL_START,,,,,,,,,,
2025-10-19 00:17:03.016Z,AGENT_OBSERVE,,0.0,9.0,4.0,10.0,,experienced2,,,
2025-10-19 00:17:03.392Z,AGENT_OBSERVE,,0.0,9.0,4.0,11.0,,experienced2,,,
2025-10-19 00:17:03.800Z,AGENT_OBSERVE,,0.0,9.0,5.0,11.0,,experienced2,,,
2025-10-19 00:17:04.232Z,AGENT_OBSERVE,,0.0,9.0,6.0,11.0,,experienced2,,,
2025-10-19 00:17:04.865Z,AGENT_OBSERVE,,0.0,9.0,7.0,11.0,,experienced2,,,
2025-10-19 00:17:05.920Z,AGENT_OBSERVE,,0.0,9.0,8.0,11.0,,experienced2,,,
2025-10-19 00:17:06.592Z,AGENT_OBSERVE,,0.0,9.0,9.0,11.0,,experienced2,,,
2025-10-19 00:17:07.296Z,AGENT_OBSERVE,,0.0,9.0,10.0,11.0,,experienced2,,,
2025-10-19 00:17:09.112Z,GAME_ACTION,right,0.0,9.0,10.0,11.0,,experienced2,,,
2025-10-19 00:17:09.698Z,GAME_ACTION,right,1.0,9.0,10.0,11.0,,experienced2,,,
2025-10-19 00:17:10.608Z,GAME_ACTION,right,2.0,9.0,10.0,11.0,,experienced2,,,
2025-10-19 00:17:11.057Z,GAME_ACTION,right,3.0,9.0,10.0,11.0,,experienced2,,,
2025-10-19 00:17:11.288Z,GAME_ACTION,right,4.0,9.0,10.0,11.0,,experienced2,,,
2025-10-19 00:17:11.720Z,GAME_ACTION,right,5.0,9.0,10.0,11.0,,experienced2,,,
2025-10-19 00:17:12.152Z,GAME_ACTION,right,6.0,9.0,10.0,11.0,,experienced2,,,
2025-10-19 00:17:12.552Z,GAME_ACTION,right,7.0,9.0,10.0,11.0,,experienced2,,,
2025-10-19 00:17:12.720Z,GAME_ACTION,right,8.0,9.0,10.0,11.0,,experienced2,,,
2025-10-19 00:17:13.001Z,GAME_ACTION,right,9.0,9.0,10.0,11.0,,experienced2,,,
2025-10-19 00:17:13.001Z,INTERACTION,,9.0,9.0,10.0,11.0,,experienced2,,wizard_interaction,
2025-10-19 00:17:15.552Z,GAME_ACTION,left,9.0,9.0,10.0,11.0,,experienced2,,,
2025-10-19 00:17:16.360Z,GAME_ACTION,left,8.0,9.0,10.0,11.0,,experienced2,,,
2025-10-19 00:17:16.728Z,GAME_ACTION,left,7.0,9.0,10.0,11.0,,experienced2,,,
2025-10-19 00:17:18.016Z,GAME_ACTION,left,6.0,9.0,10.0,11.0,,experienced2,,,
2025-10-19 00:17:18.424Z,GAME_ACTION,left,5.0,9.0,10.0,11.0,,experienced2,,,
2025-10-19 00:17:20.272Z,GAME_ACTION,up,4.0,9.0,10.0,11.0,,experienced2,,,
2025-10-19 00:17:20.728Z,GAME_ACTION,up,4.0,8.0,10.0,11.0,,experienced2,,,
2025-10-19 00:17:20.832Z,GAME_ACTION,up,4.0,7.0,10.0,11.0,,experienced2,,,
2025-10-19 00:17:21.360Z,GAME_ACTION,up,4.0,6.0,10.0,11.0,,experienced2,,,
2025-10-19 00:17:21.704Z,GAME_ACTION,up,4.0,5.0,10.0,11.0,,experienced2,,,
2025-10-19 00:17:22.272Z,GAME_ACTION,up,4.0,4.0,10.0,11.0,,experienced2,,,
2025-10-19 00:17:23.305Z,GAME_ACTION,left,4.0,3.0,10.0,11.0,,experienced2,,,
2025-10-19 00:17:23.672Z,GAME_ACTION,left,3.0,3.0,10.0,11.0,,experienced2,,,
2025-10-19 00:17:24.024Z,GAME_ACTION,left,2.0,3.0,10.0,11.0,,experienced2,,,
2025-10-19 00:17:24.408Z,GAME_ACTION,left,1.0,3.0,10.0,11.0,,experienced2,,,
2025-10-19 00:17:24.448Z,GAME_ACTION,left,0.0,3.0,10.0,11.0,,experienced2,,,
2025-10-19 00:17:25.008Z,GAME_ACTION,left,0.0,3.0,10.0,11.0,,experienced2,,,
2025-10-19 00:17:26.672Z,GAME_ACTION,up,0.0,3.0,10.0,11.0,,experienced2,,,
2025-10-19 00:17:27.024Z,GAME_ACTION,up,0.0,2.0,10.0,11.0,,experienced2,,,
2025-10-19 00:17:27.400Z,GAME_ACTION,up,0.0,1.0,10.0,11.0,,experienced2,,,
2025-10-19 00:17:27.400Z,INTERACTION,,0.0,1.0,10.0,11.0,,experienced2,,wizard_interaction,blueAmulet
2025-10-19 00:17:29.368Z,GAME_ACTION,down,0.0,1.0,10.0,11.0,,experienced2,,,
2025-10-19 00:17:29.761Z,GAME_ACTION,down,0.0,2.0,10.0,11.0,,experienced2,,,
2025-10-19 00:17:30.041Z,GAME_ACTION,down,0.0,3.0,10.0,11.0,,experienced2,,,
2025-10-19 00:17:30.912Z,GAME_ACTION,right,0.0,3.0,10.0,11.0,,experienced2,,,
2025-10-19 00:17:31.368Z,GAME_ACTION,right,1.0,3.0,10.0,11.0,,experienced2,,,
2025-10-19 00:17:31.720Z,GAME_ACTION,right,2.0,3.0,10.0,11.0,,experienced2,,,
2025-10-19 00:17:32.160Z,GAME_ACTION,right,3.0,3.0,10.0,11.0,,experienced2,,,
2025-10-19 00:17:33.352Z,GAME_ACTION,right,4.0,3.0,10.0,11.0,,experienced2,,,
2025-10-19 00:17:35.368Z,GAME_ACTION,left,5.0,3.0,10.0,11.0,,experienced2,,,
2025-10-19 00:17:36.488Z,GAME_ACTION,down,4.0,3.0,10.0,11.0,,experienced2,,,
2025-10-19 00:17:36.888Z,GAME_ACTION,down,4.0,4.0,10.0,11.0,,experienced2,,,
2025-10-19 00:17:37.329Z,GAME_ACTION,down,4.0,5.0,10.0,11.0,,experienced2,,,
2025-10-19 00:17:37.992Z,GAME_ACTION,down,4.0,6.0,10.0,11.0,,experienced2,,,
2025-10-19 00:17:38.392Z,GAME_ACTION,down,4.0,7.0,10.0,11.0,,experienced2,,,
2025-10-19 00:17:38.760Z,GAME_ACTION,down,4.0,8.0,10.0,11.0,,experienced2,,,
2025-10-19 00:17:40.176Z,GAME_ACTION,left,4.0,9.0,10.0,11.0,,experienced2,,,
2025-10-19 00:17:40.544Z,GAME_ACTION,left,3.0,9.0,10.0,11.0,,experienced2,,,
2025-10-19 00:17:40.920Z,GAME_ACTION,left,2.0,9.0,10.0,11.0,,experienced2,,,
2025-10-19 00:17:43.840Z,GAME_ACTION,left,1.0,9.0,10.0,11.0,,experienced2,,,
2025-10-19 00:17:45.208Z,GAME_ACTION,down,0.0,9.0,10.0,11.0,,experienced2,,,
2025-10-19 00:17:47.330Z,GAME_ACTION,down,0.0,10.0,10.0,11.0,,experienced2,,,
2025-10-19 00:17:47.331Z,INTERACTION,,0.0,10.0,10.0,11.0,,experienced2,,treasure_interaction,B
2025-10-19 00:17:47.331Z,LEVEL_COMPLETE,,0.0,10.0,10.0,11.0,,experienced2,,,
2025-10-19 00:17:50.331Z,LEVEL_COMPLETE,,0.0,10.0,10.0,11.0,-22.0,experienced2,,,

Level: s321_2
Timestamp,Type,Player Action,Player X,Player Y,NPC X,NPC Y,Steps Remaining,NPC Path Type,NPC Current Path Index,Interaction Type,Interaction Details
2025-10-19 00:08:39.996Z,LEVEL_START,,,,,,,,,,
2025-10-19 00:08:40.001Z,LEVEL_START,,,,,,,,,,
2025-10-19 00:09:00.952Z,AGENT_OBSERVE,,0.0,9.0,4.0,10.0,,experienced2,,,
2025-10-19 00:09:01.296Z,AGENT_OBSERVE,,0.0,9.0,4.0,11.0,,experienced2,,,
2025-10-19 00:09:01.680Z,AGENT_OBSERVE,,0.0,9.0,5.0,11.0,,experienced2,,,
2025-10-19 00:09:02.112Z,AGENT_OBSERVE,,0.0,9.0,6.0,11.0,,experienced2,,,
2025-10-19 00:09:02.560Z,AGENT_OBSERVE,,0.0,9.0,7.0,11.0,,experienced2,,,
2025-10-19 00:09:02.984Z,AGENT_OBSERVE,,0.0,9.0,8.0,11.0,,experienced2,,,
2025-10-19 00:09:03.384Z,AGENT_OBSERVE,,0.0,9.0,9.0,11.0,,experienced2,,,
2025-10-19 00:09:03.784Z,AGENT_OBSERVE,,0.0,9.0,10.0,11.0,,experienced2,,,
2025-10-19 00:09:08.288Z,GAME_ACTION,right,0.0,9.0,10.0,11.0,,experienced2,,,
2025-10-19 00:09:08.832Z,GAME_ACTION,right,1.0,9.0,10.0,11.0,,experienced2,,,
2025-10-19 00:09:09.022Z,GAME_ACTION,right,2.0,9.0,10.0,11.0,,experienced2,,,
2025-10-19 00:09:09.384Z,GAME_ACTION,right,3.0,9.0,10.0,11.0,,experienced2,,,
2025-10-19 00:09:10.984Z,GAME_ACTION,down,4.0,9.0,10.0,11.0,,experienced2,,,
2025-10-19 00:09:11.288Z,GAME_ACTION,down,4.0,10.0,10.0,11.0,,experienced2,,,
2025-10-19 00:09:11.656Z,GAME_ACTION,down,4.0,11.0,10.0,11.0,,experienced2,,,
2025-10-19 00:09:12.560Z,GAME_ACTION,right,4.0,11.0,10.0,11.0,,experienced2,,,
2025-10-19 00:09:13.128Z,GAME_ACTION,right,5.0,11.0,10.0,11.0,,experienced2,,,
2025-10-19 00:09:13.472Z,GAME_ACTION,right,6.0,11.0,10.0,11.0,,experienced2,,,
2025-10-19 00:09:13.752Z,GAME_ACTION,right,7.0,11.0,10.0,11.0,,experienced2,,,
2025-10-19 00:09:13.912Z,GAME_ACTION,right,8.0,11.0,10.0,11.0,,experienced2,,,
2025-10-19 00:09:14.080Z,GAME_ACTION,right,9.0,11.0,10.0,11.0,,experienced2,,,
2025-10-19 00:09:14.080Z,INTERACTION,,9.0,11.0,10.0,11.0,,experienced2,,treasure_interaction,C
2025-10-19 00:09:14.576Z,GAME_ACTION,right,10.0,11.0,10.0,11.0,,experienced2,,,
2025-10-19 00:09:16.280Z,GAME_ACTION,left,10.0,11.0,10.0,11.0,,experienced2,,,
2025-10-19 00:09:17.336Z,GAME_ACTION,left,9.0,11.0,10.0,11.0,,experienced2,,,
2025-10-19 00:09:17.464Z,GAME_ACTION,left,8.0,11.0,10.0,11.0,,experienced2,,,
2025-10-19 00:09:17.960Z,GAME_ACTION,left,7.0,11.0,10.0,11.0,,experienced2,,,
2025-10-19 00:09:18.336Z,GAME_ACTION,left,6.0,11.0,10.0,11.0,,experienced2,,,
2025-10-19 00:09:18.704Z,GAME_ACTION,left,5.0,11.0,10.0,11.0,,experienced2,,,
2025-10-19 00:09:19.896Z,GAME_ACTION,up,4.0,11.0,10.0,11.0,,experienced2,,,
2025-10-19 00:09:20.353Z,GAME_ACTION,up,4.0,10.0,10.0,11.0,,experienced2,,,
2025-10-19 00:09:21.640Z,GAME_ACTION,right,4.0,9.0,10.0,11.0,,experienced2,,,
2025-10-19 00:09:22.120Z,GAME_ACTION,right,5.0,9.0,10.0,11.0,,experienced2,,,
2025-10-19 00:09:22.841Z,GAME_ACTION,right,6.0,9.0,10.0,11.0,,experienced2,,,
2025-10-19 00:09:23.161Z,GAME_ACTION,right,7.0,9.0,10.0,11.0,,experienced2,,,
2025-10-19 00:09:23.560Z,GAME_ACTION,right,8.0,9.0,10.0,11.0,,experienced2,,,
2025-10-19 00:09:23.984Z,GAME_ACTION,right,9.0,9.0,10.0,11.0,,experienced2,,,
2025-10-19 00:09:23.984Z,INTERACTION,,9.0,9.0,10.0,11.0,,experienced2,,wizard_interaction,
2025-10-19 00:09:24.424Z,GAME_ACTION,right,9.0,9.0,10.0,11.0,,experienced2,,,
2025-10-19 00:09:26.128Z,GAME_ACTION,left,9.0,9.0,10.0,11.0,,experienced2,,,
2025-10-19 00:09:26.504Z,GAME_ACTION,left,8.0,9.0,10.0,11.0,,experienced2,,,
2025-10-19 00:09:26.889Z,GAME_ACTION,left,7.0,9.0,10.0,11.0,,experienced2,,,
2025-10-19 00:09:27.200Z,GAME_ACTION,left,6.0,9.0,10.0,11.0,,experienced2,,,
2025-10-19 00:09:27.416Z,GAME_ACTION,left,5.0,9.0,10.0,11.0,,experienced2,,,
2025-10-19 00:09:27.816Z,GAME_ACTION,left,4.0,9.0,10.0,11.0,,experienced2,,,
2025-10-19 00:09:28.192Z,GAME_ACTION,left,3.0,9.0,10.0,11.0,,experienced2,,,
2025-10-19 00:09:28.560Z,GAME_ACTION,left,2.0,9.0,10.0,11.0,,experienced2,,,
2025-10-19 00:09:28.748Z,GAME_ACTION,left,1.0,9.0,10.0,11.0,,experienced2,,,
2025-10-19 00:09:28.888Z,GAME_ACTION,left,0.0,9.0,10.0,11.0,,experienced2,,,
2025-10-19 00:09:30.232Z,GAME_ACTION,up,0.0,9.0,10.0,11.0,,experienced2,,,
2025-10-19 00:09:30.928Z,GAME_ACTION,up,0.0,9.0,10.0,11.0,,experienced2,,,
2025-10-19 00:09:32.240Z,GAME_ACTION,up,0.0,9.0,10.0,11.0,,experienced2,,,
2025-10-19 00:09:35.280Z,GAME_ACTION,down,0.0,9.0,10.0,11.0,,experienced2,,,
2025-10-19 00:09:36.400Z,GAME_ACTION,right,0.0,9.0,10.0,11.0,,experienced2,,,
2025-10-19 00:09:37.144Z,GAME_ACTION,right,1.0,9.0,10.0,11.0,,experienced2,,,
2025-10-19 00:09:37.672Z,GAME_ACTION,right,2.0,9.0,10.0,11.0,,experienced2,,,
2025-10-19 00:09:38.552Z,GAME_ACTION,right,3.0,9.0,10.0,11.0,,experienced2,,,
2025-10-19 00:09:40.112Z,GAME_ACTION,up,4.0,9.0,10.0,11.0,,experienced2,,,
2025-10-19 00:09:40.696Z,GAME_ACTION,up,4.0,8.0,10.0,11.0,,experienced2,,,
2025-10-19 00:09:41.792Z,GAME_ACTION,right,4.0,7.0,10.0,11.0,,experienced2,,,
2025-10-19 00:09:42.128Z,GAME_ACTION,right,5.0,7.0,10.0,11.0,,experienced2,,,
2025-10-19 00:09:42.560Z,GAME_ACTION,right,6.0,7.0,10.0,11.0,,experienced2,,,
2025-10-19 00:09:43.008Z,GAME_ACTION,right,7.0,7.0,10.0,11.0,,experienced2,,,
2025-10-19 00:09:43.440Z,GAME_ACTION,right,8.0,7.0,10.0,11.0,,experienced2,,,
2025-10-19 00:09:43.904Z,GAME_ACTION,right,9.0,7.0,10.0,11.0,,experienced2,,,
2025-10-19 00:09:43.905Z,INTERACTION,,9.0,7.0,10.0,11.0,,experienced2,,wizard_interaction,
2025-10-19 00:09:44.376Z,GAME_ACTION,right,9.0,7.0,10.0,11.0,,experienced2,,,
2025-10-19 00:09:45.264Z,GAME_ACTION,right,9.0,7.0,10.0,11.0,,experienced2,,,
2025-10-19 00:09:46.192Z,GAME_ACTION,right,9.0,7.0,10.0,11.0,,experienced2,,,
2025-10-19 00:09:47.632Z,GAME_ACTION,left,9.0,7.0,10.0,11.0,,experienced2,,,
2025-10-19 00:09:48.376Z,GAME_ACTION,left,8.0,7.0,10.0,11.0,,experienced2,,,
2025-10-19 00:09:48.936Z,GAME_ACTION,left,7.0,7.0,10.0,11.0,,experienced2,,,
2025-10-19 00:09:49.424Z,GAME_ACTION,left,6.0,7.0,10.0,11.0,,experienced2,,,
2025-10-19 00:09:49.856Z,GAME_ACTION,left,5.0,7.0,10.0,11.0,,experienced2,,,
2025-10-19 00:09:51.648Z,GAME_ACTION,up,4.0,7.0,10.0,11.0,,experienced2,,,
2025-10-19 00:09:52.048Z,GAME_ACTION,up,4.0,6.0,10.0,11.0,,experienced2,,,
2025-10-19 00:09:52.280Z,GAME_ACTION,up,4.0,5.0,10.0,11.0,,experienced2,,,
2025-10-19 00:09:52.696Z,GAME_ACTION,up,4.0,4.0,10.0,11.0,,experienced2,,,
2025-10-19 00:09:54.088Z,GAME_ACTION,left,4.0,3.0,10.0,11.0,,experienced2,,,
2025-10-19 00:09:54.448Z,GAME_ACTION,left,3.0,3.0,10.0,11.0,,experienced2,,,
2025-10-19 00:09:54.848Z,GAME_ACTION,left,2.0,3.0,10.0,11.0,,experienced2,,,
2025-10-19 00:09:55.049Z,GAME_ACTION,left,1.0,3.0,10.0,11.0,,experienced2,,,
2025-10-19 00:09:55.360Z,GAME_ACTION,left,0.0,3.0,10.0,11.0,,experienced2,,,
2025-10-19 00:09:56.176Z,GAME_ACTION,up,0.0,3.0,10.0,11.0,,experienced2,,,
2025-10-19 00:09:56.544Z,GAME_ACTION,up,0.0,2.0,10.0,11.0,,experienced2,,,
2025-10-19 00:09:56.928Z,INTERACTION,,0.0,2.0,10.0,11.0,,experienced2,,wizard_interaction,blueAmulet
2025-10-19 00:09:56.928Z,GAME_ACTION,up,0.0,1.0,10.0,11.0,,experienced2,,,
2025-10-19 00:09:59.304Z,GAME_ACTION,down,0.0,1.0,10.0,11.0,,experienced2,,,
2025-10-19 00:09:59.664Z,GAME_ACTION,down,0.0,2.0,10.0,11.0,,experienced2,,,
2025-10-19 00:10:00.192Z,GAME_ACTION,down,0.0,3.0,10.0,11.0,,experienced2,,,
2025-10-19 00:10:01.320Z,GAME_ACTION,right,0.0,3.0,10.0,11.0,,experienced2,,,
2025-10-19 00:10:01.545Z,GAME_ACTION,right,1.0,3.0,10.0,11.0,,experienced2,,,
2025-10-19 00:10:01.856Z,GAME_ACTION,right,2.0,3.0,10.0,11.0,,experienced2,,,
2025-10-19 00:10:02.273Z,GAME_ACTION,right,3.0,3.0,10.0,11.0,,experienced2,,,
2025-10-19 00:10:03.584Z,GAME_ACTION,down,4.0,3.0,10.0,11.0,,experienced2,,,
2025-10-19 00:10:03.969Z,GAME_ACTION,down,4.0,4.0,10.0,11.0,,experienced2,,,
2025-10-19 00:10:04.676Z,GAME_ACTION,down,4.0,5.0,10.0,11.0,,experienced2,,,
2025-10-19 00:10:05.016Z,GAME_ACTION,down,4.0,6.0,10.0,11.0,,experienced2,,,
2025-10-19 00:10:05.392Z,GAME_ACTION,down,4.0,7.0,10.0,11.0,,experienced2,,,
2025-10-19 00:10:05.713Z,GAME_ACTION,down,4.0,8.0,10.0,11.0,,experienced2,,,
2025-10-19 00:10:06.856Z,GAME_ACTION,left,4.0,9.0,10.0,11.0,,experienced2,,,
2025-10-19 00:10:07.280Z,GAME_ACTION,left,3.0,9.0,10.0,11.0,,experienced2,,,
2025-10-19 00:10:07.721Z,GAME_ACTION,left,2.0,9.0,10.0,11.0,,experienced2,,,
2025-10-19 00:10:08.032Z,GAME_ACTION,left,1.0,9.0,10.0,11.0,,experienced2,,,
2025-10-19 00:10:08.352Z,GAME_ACTION,left,0.0,9.0,10.0,11.0,,experienced2,,,
2025-10-19 00:10:09.240Z,GAME_ACTION,up,0.0,9.0,10.0,11.0,,experienced2,,,
2025-10-19 00:10:09.656Z,GAME_ACTION,up,0.0,8.0,10.0,11.0,,experienced2,,,
2025-10-19 00:10:09.656Z,INTERACTION,,0.0,8.0,10.0,11.0,,experienced2,,treasure_interaction,A
2025-10-19 00:10:11.624Z,GAME_ACTION,down,0.0,7.0,10.0,11.0,,experienced2,,,
2025-10-19 00:10:11.952Z,GAME_ACTION,down,0.0,8.0,10.0,11.0,,experienced2,,,
2025-10-19 00:10:12.008Z,GAME_ACTION,down,0.0,9.0,10.0,11.0,,experienced2,,,
2025-10-19 00:10:12.152Z,GAME_ACTION,down,0.0,10.0,10.0,11.0,,experienced2,,,
2025-10-19 00:10:12.152Z,INTERACTION,,0.0,10.0,10.0,11.0,,experienced2,,treasure_interaction,B
2025-10-19 00:10:12.152Z,LEVEL_COMPLETE,,0.0,10.0,10.0,11.0,,experienced2,,,
2025-10-19 00:10:15.152Z,LEVEL_COMPLETE,,0.0,10.0,10.0,11.0,-127.0,experienced2,,,

Level: s332_1
Timestamp,Type,Player Action,Player X,Player Y,NPC X,NPC Y,Steps Remaining,NPC Path Type,NPC Current Path Index,Interaction Type,Interaction Details
2025-10-19 00:14:23.982Z,LEVEL_START,,,,,,,,,,
2025-10-19 00:14:23.991Z,LEVEL_START,,,,,,,,,,
2025-10-19 00:14:37.880Z,AGENT_OBSERVE,,3.0,11.0,3.0,4.0,,experienced1,,,
2025-10-19 00:14:38.248Z,AGENT_OBSERVE,,3.0,11.0,3.0,3.0,,experienced1,,,
2025-10-19 00:14:38.656Z,AGENT_OBSERVE,,3.0,11.0,3.0,2.0,,experienced1,,,
2025-10-19 00:14:39.120Z,AGENT_OBSERVE,,3.0,11.0,2.0,2.0,,experienced1,,,
2025-10-19 00:14:39.265Z,AGENT_OBSERVE,,3.0,11.0,1.0,2.0,,experienced1,,,
2025-10-19 00:14:40.008Z,AGENT_OBSERVE,,3.0,11.0,1.0,2.0,,experienced1,,,
2025-10-19 00:14:45.040Z,GAME_ACTION,up,3.0,11.0,1.0,2.0,,experienced1,,,
2025-10-19 00:14:45.536Z,GAME_ACTION,up,3.0,10.0,1.0,2.0,,experienced1,,,
2025-10-19 00:14:45.960Z,GAME_ACTION,up,3.0,9.0,1.0,2.0,,experienced1,,,
2025-10-19 00:14:46.536Z,GAME_ACTION,up,3.0,8.0,1.0,2.0,,experienced1,,,
2025-10-19 00:14:46.984Z,GAME_ACTION,up,3.0,7.0,1.0,2.0,,experienced1,,,
2025-10-19 00:14:47.417Z,GAME_ACTION,up,3.0,6.0,1.0,2.0,,experienced1,,,
2025-10-19 00:14:47.816Z,GAME_ACTION,up,3.0,5.0,1.0,2.0,,experienced1,,,
2025-10-19 00:14:48.240Z,GAME_ACTION,up,3.0,4.0,1.0,2.0,,experienced1,,,
2025-10-19 00:14:48.776Z,GAME_ACTION,up,3.0,3.0,1.0,2.0,,experienced1,,,
2025-10-19 00:14:50.272Z,GAME_ACTION,left,3.0,2.0,1.0,2.0,,experienced1,,,
2025-10-19 00:14:50.616Z,GAME_ACTION,left,2.0,2.0,1.0,2.0,,experienced1,,,
2025-10-19 00:14:51.040Z,INTERACTION,,2.0,2.0,1.0,2.0,,experienced1,,wizard_interaction,blueAmulet
2025-10-19 00:14:51.040Z,GAME_ACTION,left,1.0,2.0,1.0,2.0,,experienced1,,,
2025-10-19 00:14:53.425Z,GAME_ACTION,right,1.0,2.0,1.0,2.0,,experienced1,,,
2025-10-19 00:14:53.768Z,GAME_ACTION,right,2.0,2.0,1.0,2.0,,experienced1,,,
2025-10-19 00:14:54.992Z,GAME_ACTION,down,3.0,2.0,1.0,2.0,,experienced1,,,
2025-10-19 00:14:55.336Z,GAME_ACTION,down,3.0,3.0,1.0,2.0,,experienced1,,,
2025-10-19 00:14:55.744Z,GAME_ACTION,down,3.0,4.0,1.0,2.0,,experienced1,,,
2025-10-19 00:14:56.096Z,GAME_ACTION,down,3.0,5.0,1.0,2.0,,experienced1,,,
2025-10-19 00:14:56.496Z,GAME_ACTION,down,3.0,6.0,1.0,2.0,,experienced1,,,
2025-10-19 00:14:57.624Z,GAME_ACTION,right,3.0,7.0,1.0,2.0,,experienced1,,,
2025-10-19 00:14:57.992Z,GAME_ACTION,right,4.0,7.0,1.0,2.0,,experienced1,,,
2025-10-19 00:14:58.192Z,GAME_ACTION,right,5.0,7.0,1.0,2.0,,experienced1,,,
2025-10-19 00:14:58.560Z,GAME_ACTION,right,6.0,7.0,1.0,2.0,,experienced1,,,
2025-10-19 00:14:59.232Z,GAME_ACTION,down,7.0,7.0,1.0,2.0,,experienced1,,,
2025-10-19 00:14:59.664Z,GAME_ACTION,down,7.0,8.0,1.0,2.0,,experienced1,,,
2025-10-19 00:15:00.064Z,GAME_ACTION,down,7.0,9.0,1.0,2.0,,experienced1,,,
2025-10-19 00:15:00.992Z,GAME_ACTION,right,7.0,10.0,1.0,2.0,,experienced1,,,
2025-10-19 00:15:01.312Z,GAME_ACTION,right,8.0,10.0,1.0,2.0,,experienced1,,,
2025-10-19 00:15:01.712Z,INTERACTION,,8.0,10.0,1.0,2.0,,experienced1,,treasure_interaction,B
2025-10-19 00:15:01.712Z,LEVEL_COMPLETE,,8.0,10.0,1.0,2.0,,experienced1,,,
2025-10-19 00:15:01.712Z,GAME_ACTION,right,9.0,10.0,1.0,2.0,,experienced1,,,
2025-10-19 00:15:04.712Z,LEVEL_COMPLETE,,9.0,10.0,1.0,2.0,24.0,experienced1,,,

Level: s351_2
Timestamp,Type,Player Action,Player X,Player Y,NPC X,NPC Y,Steps Remaining,NPC Path Type,NPC Current Path Index,Interaction Type,Interaction Details
2025-10-19 00:15:04.777Z,LEVEL_START,,,,,,,,,,
2025-10-19 00:15:04.787Z,LEVEL_START,,,,,,,,,,
2025-10-19 00:15:17.112Z,AGENT_OBSERVE,,5.0,9.0,5.0,3.0,,experienced2,,,
2025-10-19 00:15:17.792Z,AGENT_OBSERVE,,5.0,9.0,5.0,4.0,,experienced2,,,
2025-10-19 00:15:18.232Z,AGENT_OBSERVE,,5.0,9.0,5.0,5.0,,experienced2,,,
2025-10-19 00:15:18.696Z,AGENT_OBSERVE,,5.0,9.0,5.0,6.0,,experienced2,,,
2025-10-19 00:15:19.136Z,AGENT_OBSERVE,,5.0,9.0,6.0,6.0,,experienced2,,,
2025-10-19 00:15:19.552Z,AGENT_OBSERVE,,5.0,9.0,7.0,6.0,,experienced2,,,
2025-10-19 00:15:20.000Z,AGENT_OBSERVE,,5.0,9.0,8.0,6.0,,experienced2,,,
2025-10-19 00:15:20.481Z,AGENT_OBSERVE,,5.0,9.0,9.0,6.0,,experienced2,,,
2025-10-19 00:15:21.017Z,AGENT_OBSERVE,,5.0,9.0,9.0,6.0,,experienced2,,,
2025-10-19 00:15:24.176Z,AGENT_OBSERVE,,5.0,9.0,8.0,6.0,,experienced2,,,
2025-10-19 00:15:24.920Z,AGENT_OBSERVE,,5.0,9.0,7.0,6.0,,experienced2,,,
2025-10-19 00:15:25.384Z,AGENT_OBSERVE,,5.0,9.0,6.0,6.0,,experienced2,,,
2025-10-19 00:15:25.848Z,AGENT_OBSERVE,,5.0,9.0,5.0,6.0,,experienced2,,,
2025-10-19 00:15:26.290Z,AGENT_OBSERVE,,5.0,9.0,5.0,5.0,,experienced2,,,
2025-10-19 00:15:26.936Z,AGENT_OBSERVE,,5.0,9.0,5.0,4.0,,experienced2,,,
2025-10-19 00:15:32.146Z,GAME_ACTION,up,5.0,9.0,5.0,4.0,,experienced2,,,
2025-10-19 00:15:32.536Z,GAME_ACTION,up,5.0,8.0,5.0,4.0,,experienced2,,,
2025-10-19 00:15:32.888Z,GAME_ACTION,up,5.0,7.0,5.0,4.0,,experienced2,,,
2025-10-19 00:15:33.256Z,GAME_ACTION,up,5.0,6.0,5.0,4.0,,experienced2,,,
2025-10-19 00:15:33.664Z,GAME_ACTION,up,5.0,5.0,5.0,4.0,,experienced2,,,
2025-10-19 00:15:34.088Z,GAME_ACTION,up,5.0,4.0,5.0,4.0,,experienced2,,,
2025-10-19 00:15:34.504Z,GAME_ACTION,up,5.0,3.0,5.0,4.0,,experienced2,,,
2025-10-19 00:15:34.992Z,GAME_ACTION,up,5.0,2.0,5.0,4.0,,experienced2,,,
2025-10-19 00:15:34.992Z,INTERACTION,,5.0,2.0,5.0,4.0,,experienced2,,wizard_interaction,
2025-10-19 00:15:37.160Z,GAME_ACTION,down,5.0,2.0,5.0,4.0,,experienced2,,,
2025-10-19 00:15:38.224Z,GAME_ACTION,right,5.0,3.0,5.0,4.0,,experienced2,,,
2025-10-19 00:15:38.552Z,GAME_ACTION,right,6.0,3.0,5.0,4.0,,experienced2,,,
2025-10-19 00:15:38.880Z,GAME_ACTION,right,7.0,3.0,5.0,4.0,,experienced2,,,
2025-10-19 00:15:40.112Z,GAME_ACTION,left,8.0,3.0,5.0,4.0,,experienced2,,,
2025-10-19 00:15:40.960Z,GAME_ACTION,up,7.0,3.0,5.0,4.0,,experienced2,,,
2025-10-19 00:15:41.328Z,GAME_ACTION,up,7.0,2.0,5.0,4.0,,experienced2,,,
2025-10-19 00:15:41.328Z,INTERACTION,,7.0,2.0,5.0,4.0,,experienced2,,wizard_interaction,
2025-10-19 00:15:43.760Z,GAME_ACTION,down,7.0,2.0,5.0,4.0,,experienced2,,,
2025-10-19 00:15:45.040Z,GAME_ACTION,right,7.0,3.0,5.0,4.0,,experienced2,,,
2025-10-19 00:15:45.416Z,GAME_ACTION,right,8.0,3.0,5.0,4.0,,experienced2,,,
2025-10-19 00:15:45.880Z,GAME_ACTION,right,9.0,3.0,5.0,4.0,,experienced2,,,
2025-10-19 00:15:47.064Z,GAME_ACTION,up,10.0,3.0,5.0,4.0,,experienced2,,,
2025-10-19 00:15:47.448Z,GAME_ACTION,up,10.0,2.0,5.0,4.0,,experienced2,,,
2025-10-19 00:15:47.448Z,INTERACTION,,10.0,2.0,5.0,4.0,,experienced2,,wizard_interaction,blueAmulet
2025-10-19 00:15:50.168Z,GAME_ACTION,down,10.0,2.0,5.0,4.0,,experienced2,,,
2025-10-19 00:15:50.440Z,GAME_ACTION,down,10.0,3.0,5.0,4.0,,experienced2,,,
2025-10-19 00:15:51.784Z,GAME_ACTION,left,10.0,3.0,5.0,4.0,,experienced2,,,
2025-10-19 00:15:51.961Z,GAME_ACTION,left,9.0,3.0,5.0,4.0,,experienced2,,,
2025-10-19 00:15:52.288Z,GAME_ACTION,left,8.0,3.0,5.0,4.0,,experienced2,,,
2025-10-19 00:15:53.432Z,GAME_ACTION,left,7.0,3.0,5.0,4.0,,experienced2,,,
2025-10-19 00:15:53.825Z,GAME_ACTION,left,6.0,3.0,5.0,4.0,,experienced2,,,
2025-10-19 00:15:55.192Z,GAME_ACTION,down,5.0,3.0,5.0,4.0,,experienced2,,,
2025-10-19 00:15:55.528Z,GAME_ACTION,down,5.0,4.0,5.0,4.0,,experienced2,,,
2025-10-19 00:15:55.880Z,GAME_ACTION,down,5.0,5.0,5.0,4.0,,experienced2,,,
2025-10-19 00:15:56.377Z,GAME_ACTION,down,5.0,6.0,5.0,4.0,,experienced2,,,
2025-10-19 00:15:56.856Z,GAME_ACTION,down,5.0,7.0,5.0,4.0,,experienced2,,,
2025-10-19 00:15:57.744Z,GAME_ACTION,down,5.0,8.0,5.0,4.0,,experienced2,,,
2025-10-19 00:15:58.736Z,GAME_ACTION,right,5.0,9.0,5.0,4.0,,experienced2,,,
2025-10-19 00:15:59.112Z,GAME_ACTION,right,6.0,9.0,5.0,4.0,,experienced2,,,
2025-10-19 00:15:59.504Z,GAME_ACTION,right,7.0,9.0,5.0,4.0,,experienced2,,,
2025-10-19 00:16:00.000Z,GAME_ACTION,right,8.0,9.0,5.0,4.0,,experienced2,,,
2025-10-19 00:16:00.552Z,GAME_ACTION,right,9.0,9.0,5.0,4.0,,experienced2,,,
2025-10-19 00:16:00.552Z,INTERACTION,,9.0,9.0,5.0,4.0,,experienced2,,treasure_interaction,C
2025-10-19 00:16:00.552Z,LEVEL_COMPLETE,,9.0,9.0,5.0,4.0,,experienced2,,,
2025-10-19 00:16:03.553Z,LEVEL_COMPLETE,,9.0,9.0,5.0,4.0,-16.0,experienced2,,,

Level: s371_1
Timestamp,Type,Player Action,Player X,Player Y,NPC X,NPC Y,Steps Remaining,NPC Path Type,NPC Current Path Index,Interaction Type,Interaction Details
2025-10-19 00:13:43.345Z,LEVEL_START,,,,,,,,,,
2025-10-19 00:13:43.345Z,LEVEL_START,,,,,,,,,,
2025-10-19 00:13:56.368Z,AGENT_OBSERVE,,0.0,3.0,10.0,6.0,,experienced1,,,
2025-10-19 00:13:57.136Z,AGENT_OBSERVE,,0.0,3.0,10.0,7.0,,experienced1,,,
2025-10-19 00:13:57.632Z,AGENT_OBSERVE,,0.0,3.0,9.0,7.0,,experienced1,,,
2025-10-19 00:13:58.232Z,AGENT_OBSERVE,,0.0,3.0,8.0,7.0,,experienced1,,,
2025-10-19 00:13:58.896Z,AGENT_OBSERVE,,0.0,3.0,7.0,7.0,,experienced1,,,
2025-10-19 00:13:59.328Z,AGENT_OBSERVE,,0.0,3.0,6.0,7.0,,experienced1,,,
2025-10-19 00:13:59.736Z,AGENT_OBSERVE,,0.0,3.0,5.0,7.0,,experienced1,,,
2025-10-19 00:14:00.144Z,AGENT_OBSERVE,,0.0,3.0,4.0,7.0,,experienced1,,,
2025-10-19 00:14:00.544Z,AGENT_OBSERVE,,0.0,3.0,3.0,7.0,,experienced1,,,
2025-10-19 00:14:01.024Z,AGENT_OBSERVE,,0.0,3.0,3.0,6.0,,experienced1,,,
2025-10-19 00:14:01.456Z,AGENT_OBSERVE,,0.0,3.0,3.0,5.0,,experienced1,,,
2025-10-19 00:14:01.856Z,AGENT_OBSERVE,,0.0,3.0,3.0,4.0,,experienced1,,,
2025-10-19 00:14:02.224Z,AGENT_OBSERVE,,0.0,3.0,3.0,3.0,,experienced1,,,
2025-10-19 00:14:02.712Z,AGENT_OBSERVE,,0.0,3.0,2.0,3.0,,experienced1,,,
2025-10-19 00:14:03.248Z,AGENT_OBSERVE,,0.0,3.0,1.0,3.0,,experienced1,,,
2025-10-19 00:14:10.208Z,GAME_ACTION,down,0.0,3.0,1.0,3.0,,experienced1,,,
2025-10-19 00:14:10.576Z,INTERACTION,,0.0,3.0,1.0,3.0,,experienced1,,wizard_interaction,blueAmulet
2025-10-19 00:14:10.576Z,GAME_ACTION,down,0.0,4.0,1.0,3.0,,experienced1,,,
2025-10-19 00:14:12.824Z,GAME_ACTION,up,0.0,4.0,1.0,3.0,,experienced1,,,
2025-10-19 00:14:13.096Z,GAME_ACTION,up,0.0,3.0,1.0,3.0,,experienced1,,,
2025-10-19 00:14:14.744Z,GAME_ACTION,down,0.0,2.0,1.0,3.0,,experienced1,,,
2025-10-19 00:14:15.696Z,GAME_ACTION,right,0.0,3.0,1.0,3.0,,experienced1,,,
2025-10-19 00:14:16.040Z,GAME_ACTION,right,1.0,3.0,1.0,3.0,,experienced1,,,
2025-10-19 00:14:16.408Z,GAME_ACTION,right,2.0,3.0,1.0,3.0,,experienced1,,,
2025-10-19 00:14:16.761Z,GAME_ACTION,right,3.0,3.0,1.0,3.0,,experienced1,,,
2025-10-19 00:14:17.168Z,GAME_ACTION,right,4.0,3.0,1.0,3.0,,experienced1,,,
2025-10-19 00:14:17.585Z,GAME_ACTION,right,5.0,3.0,1.0,3.0,,experienced1,,,
2025-10-19 00:14:17.977Z,GAME_ACTION,right,6.0,3.0,1.0,3.0,,experienced1,,,
2025-10-19 00:14:18.216Z,GAME_ACTION,right,7.0,3.0,1.0,3.0,,experienced1,,,
2025-10-19 00:14:18.536Z,GAME_ACTION,right,8.0,3.0,1.0,3.0,,experienced1,,,
2025-10-19 00:14:20.160Z,GAME_ACTION,up,9.0,3.0,1.0,3.0,,experienced1,,,
2025-10-19 00:14:20.512Z,GAME_ACTION,up,9.0,2.0,1.0,3.0,,experienced1,,,
2025-10-19 00:14:20.920Z,GAME_ACTION,up,9.0,1.0,1.0,3.0,,experienced1,,,
2025-10-19 00:14:20.920Z,INTERACTION,,9.0,1.0,1.0,3.0,,experienced1,,treasure_interaction,A
2025-10-19 00:14:20.920Z,LEVEL_COMPLETE,,9.0,1.0,1.0,3.0,,experienced1,,,
2025-10-19 00:14:23.921Z,LEVEL_COMPLETE,,9.0,1.0,1.0,3.0,6.0,experienced1,,,

Level: s431_1
Timestamp,Type,Player Action,Player X,Player Y,NPC X,NPC Y,Steps Remaining,NPC Path Type,NPC Current Path Index,Interaction Type,Interaction Details
2025-10-19 00:17:51.604Z,LEVEL_START,,,,,,,,,,
2025-10-19 00:17:51.610Z,LEVEL_START,,,,,,,,,,
2025-10-19 00:18:04.576Z,AGENT_OBSERVE,,5.0,9.0,3.0,5.0,,experienced1,,,
2025-10-19 00:18:04.960Z,AGENT_OBSERVE,,5.0,9.0,2.0,5.0,,experienced1,,,
2025-10-19 00:18:05.408Z,AGENT_OBSERVE,,5.0,9.0,1.0,5.0,,experienced1,,,
2025-10-19 00:18:05.800Z,AGENT_OBSERVE,,5.0,9.0,0.0,5.0,,experienced1,,,
2025-10-19 00:18:06.264Z,AGENT_OBSERVE,,5.0,9.0,0.0,4.0,,experienced1,,,
2025-10-19 00:18:06.433Z,AGENT_OBSERVE,,5.0,9.0,0.0,3.0,,experienced1,,,
2025-10-19 00:18:06.936Z,AGENT_OBSERVE,,5.0,9.0,1.0,3.0,,experienced1,,,
2025-10-19 00:18:07.400Z,AGENT_OBSERVE,,5.0,9.0,2.0,3.0,,experienced1,,,
2025-10-19 00:18:07.816Z,AGENT_OBSERVE,,5.0,9.0,3.0,3.0,,experienced1,,,
2025-10-19 00:18:08.137Z,AGENT_OBSERVE,,5.0,9.0,4.0,3.0,,experienced1,,,
2025-10-19 00:18:08.536Z,AGENT_OBSERVE,,5.0,9.0,4.0,2.0,,experienced1,,,
2025-10-19 00:18:09.144Z,GAME_ACTION,down,5.0,9.0,4.0,2.0,,experienced1,,,
2025-10-19 00:18:12.832Z,GAME_ACTION,left,5.0,9.0,4.0,2.0,,experienced1,,,
2025-10-19 00:18:20.056Z,GAME_ACTION,left,4.0,9.0,4.0,2.0,,experienced1,,,
2025-10-19 00:18:20.488Z,GAME_ACTION,left,3.0,9.0,4.0,2.0,,experienced1,,,
2025-10-19 00:18:21.800Z,GAME_ACTION,right,2.0,9.0,4.0,2.0,,experienced1,,,
2025-10-19 00:18:23.208Z,GAME_ACTION,up,3.0,9.0,4.0,2.0,,experienced1,,,
2025-10-19 00:18:23.608Z,GAME_ACTION,up,3.0,8.0,4.0,2.0,,experienced1,,,
2025-10-19 00:18:23.896Z,GAME_ACTION,up,3.0,7.0,4.0,2.0,,experienced1,,,
2025-10-19 00:18:26.928Z,GAME_ACTION,up,3.0,6.0,4.0,2.0,,experienced1,,,
2025-10-19 00:18:29.168Z,GAME_ACTION,left,3.0,5.0,4.0,2.0,,experienced1,,,
2025-10-19 00:18:29.912Z,GAME_ACTION,left,2.0,5.0,4.0,2.0,,experienced1,,,
2025-10-19 00:18:31.304Z,GAME_ACTION,left,1.0,5.0,4.0,2.0,,experienced1,,,
2025-10-19 00:18:32.608Z,GAME_ACTION,up,0.0,5.0,4.0,2.0,,experienced1,,,
2025-10-19 00:18:33.056Z,GAME_ACTION,up,0.0,4.0,4.0,2.0,,experienced1,,,
2025-10-19 00:18:33.416Z,GAME_ACTION,up,0.0,3.0,4.0,2.0,,experienced1,,,
2025-10-19 00:18:33.808Z,GAME_ACTION,up,0.0,2.0,4.0,2.0,,experienced1,,,
2025-10-19 00:18:34.272Z,INTERACTION,,0.0,2.0,4.0,2.0,,experienced1,,wizard_interaction,
2025-10-19 00:18:34.272Z,GAME_ACTION,up,0.0,1.0,4.0,2.0,,experienced1,,,
2025-10-19 00:18:35.928Z,GAME_ACTION,down,0.0,1.0,4.0,2.0,,experienced1,,,
2025-10-19 00:18:36.232Z,GAME_ACTION,down,0.0,2.0,4.0,2.0,,experienced1,,,
2025-10-19 00:18:37.304Z,GAME_ACTION,right,0.0,3.0,4.0,2.0,,experienced1,,,
2025-10-19 00:18:37.648Z,GAME_ACTION,right,1.0,3.0,4.0,2.0,,experienced1,,,
2025-10-19 00:18:39.048Z,GAME_ACTION,up,2.0,3.0,4.0,2.0,,experienced1,,,
2025-10-19 00:18:39.456Z,GAME_ACTION,up,2.0,2.0,4.0,2.0,,experienced1,,,
2025-10-19 00:18:39.880Z,GAME_ACTION,up,2.0,1.0,4.0,2.0,,experienced1,,,
2025-10-19 00:18:39.880Z,INTERACTION,,2.0,1.0,4.0,2.0,,experienced1,,wizard_interaction,
2025-10-19 00:18:41.320Z,GAME_ACTION,down,2.0,1.0,4.0,2.0,,experienced1,,,
2025-10-19 00:18:41.648Z,GAME_ACTION,down,2.0,2.0,4.0,2.0,,experienced1,,,
2025-10-19 00:18:43.560Z,GAME_ACTION,right,2.0,3.0,4.0,2.0,,experienced1,,,
2025-10-19 00:18:43.896Z,GAME_ACTION,right,3.0,3.0,4.0,2.0,,experienced1,,,
2025-10-19 00:18:44.960Z,GAME_ACTION,up,4.0,3.0,4.0,2.0,,experienced1,,,
2025-10-19 00:18:45.336Z,GAME_ACTION,up,4.0,2.0,4.0,2.0,,experienced1,,,
2025-10-19 00:18:45.760Z,GAME_ACTION,up,4.0,1.0,4.0,2.0,,experienced1,,,
2025-10-19 00:18:45.760Z,INTERACTION,,4.0,1.0,4.0,2.0,,experienced1,,wizard_interaction,blueAmulet
2025-10-19 00:18:47.640Z,GAME_ACTION,down,4.0,1.0,4.0,2.0,,experienced1,,,
2025-10-19 00:18:48.016Z,GAME_ACTION,down,4.0,2.0,4.0,2.0,,experienced1,,,
2025-10-19 00:18:48.336Z,GAME_ACTION,down,4.0,3.0,4.0,2.0,,experienced1,,,
2025-10-19 00:18:49.184Z,GAME_ACTION,left,4.0,3.0,4.0,2.0,,experienced1,,,
2025-10-19 00:18:49.632Z,GAME_ACTION,left,3.0,3.0,4.0,2.0,,experienced1,,,
2025-10-19 00:18:49.984Z,GAME_ACTION,left,2.0,3.0,4.0,2.0,,experienced1,,,
2025-10-19 00:18:50.192Z,GAME_ACTION,left,1.0,3.0,4.0,2.0,,experienced1,,,
2025-10-19 00:18:50.489Z,GAME_ACTION,left,0.0,3.0,4.0,2.0,,experienced1,,,
2025-10-19 00:18:51.216Z,GAME_ACTION,right,0.0,3.0,4.0,2.0,,experienced1,,,
2025-10-19 00:18:52.384Z,GAME_ACTION,left,1.0,3.0,4.0,2.0,,experienced1,,,
2025-10-19 00:18:53.408Z,GAME_ACTION,down,0.0,3.0,4.0,2.0,,experienced1,,,
2025-10-19 00:18:53.832Z,GAME_ACTION,down,0.0,4.0,4.0,2.0,,experienced1,,,
2025-10-19 00:18:54.968Z,GAME_ACTION,right,0.0,5.0,4.0,2.0,,experienced1,,,
2025-10-19 00:18:55.280Z,GAME_ACTION,right,1.0,5.0,4.0,2.0,,experienced1,,,
2025-10-19 00:18:55.664Z,GAME_ACTION,right,2.0,5.0,4.0,2.0,,experienced1,,,
2025-10-19 00:18:56.905Z,GAME_ACTION,down,3.0,5.0,4.0,2.0,,experienced1,,,
2025-10-19 00:18:57.316Z,GAME_ACTION,down,3.0,6.0,4.0,2.0,,experienced1,,,
2025-10-19 00:18:57.680Z,GAME_ACTION,down,3.0,7.0,4.0,2.0,,experienced1,,,
2025-10-19 00:18:58.096Z,GAME_ACTION,down,3.0,8.0,4.0,2.0,,experienced1,,,
2025-10-19 00:18:59.432Z,GAME_ACTION,left,3.0,9.0,4.0,2.0,,experienced1,,,
2025-10-19 00:18:59.792Z,GAME_ACTION,left,2.0,9.0,4.0,2.0,,experienced1,,,
2025-10-19 00:19:00.184Z,GAME_ACTION,left,1.0,9.0,4.0,2.0,,experienced1,,,
2025-10-19 00:19:00.568Z,GAME_ACTION,left,0.0,9.0,4.0,2.0,,experienced1,,,
2025-10-19 00:19:01.089Z,GAME_ACTION,right,0.0,9.0,4.0,2.0,,experienced1,,,
2025-10-19 00:19:01.187Z,GAME_ACTION,right,1.0,9.0,4.0,2.0,,experienced1,,,
2025-10-19 00:19:01.504Z,GAME_ACTION,right,2.0,9.0,4.0,2.0,,experienced1,,,
2025-10-19 00:19:02.344Z,GAME_ACTION,left,3.0,9.0,4.0,2.0,,experienced1,,,
2025-10-19 00:19:02.696Z,GAME_ACTION,left,2.0,9.0,4.0,2.0,,experienced1,,,
2025-10-19 00:19:03.064Z,GAME_ACTION,left,1.0,9.0,4.0,2.0,,experienced1,,,
2025-10-19 00:19:03.408Z,GAME_ACTION,left,0.0,9.0,4.0,2.0,,experienced1,,,
2025-10-19 00:19:04.216Z,GAME_ACTION,down,0.0,9.0,4.0,2.0,,experienced1,,,
2025-10-19 00:19:04.624Z,GAME_ACTION,down,0.0,10.0,4.0,2.0,,experienced1,,,
2025-10-19 00:19:04.625Z,INTERACTION,,0.0,10.0,4.0,2.0,,experienced1,,treasure_interaction,B
2025-10-19 00:19:04.625Z,LEVEL_COMPLETE,,0.0,10.0,4.0,2.0,,experienced1,,,
2025-10-19 00:19:07.625Z,LEVEL_COMPLETE,,0.0,10.0,4.0,2.0,-47.0,experienced1,,,

Level: s442_2
Timestamp,Type,Player Action,Player X,Player Y,NPC X,NPC Y,Steps Remaining,NPC Path Type,NPC Current Path Index,Interaction Type,Interaction Details
2025-10-19 00:11:37.709Z,LEVEL_START,,,,,,,,,,
2025-10-19 00:11:37.717Z,LEVEL_START,,,,,,,,,,
2025-10-19 00:11:51.448Z,AGENT_OBSERVE,,4.0,6.0,4.0,2.0,,experienced2,,,
2025-10-19 00:11:51.544Z,AGENT_OBSERVE,,4.0,6.0,4.0,1.0,,experienced2,,,
2025-10-19 00:11:52.184Z,AGENT_OBSERVE,,4.0,6.0,4.0,0.0,,experienced2,,,
2025-10-19 00:11:57.544Z,GAME_ACTION,up,4.0,6.0,4.0,0.0,,experienced2,,,
2025-10-19 00:11:57.904Z,GAME_ACTION,up,4.0,5.0,4.0,0.0,,experienced2,,,
2025-10-19 00:11:58.328Z,GAME_ACTION,up,4.0,4.0,4.0,0.0,,experienced2,,,
2025-10-19 00:11:58.728Z,GAME_ACTION,up,4.0,3.0,4.0,0.0,,experienced2,,,
2025-10-19 00:11:59.264Z,GAME_ACTION,up,4.0,2.0,4.0,0.0,,experienced2,,,
2025-10-19 00:11:59.744Z,INTERACTION,,4.0,2.0,4.0,0.0,,experienced2,,treasure_interaction,B
2025-10-19 00:11:59.744Z,GAME_ACTION,up,4.0,1.0,4.0,0.0,,experienced2,,,
2025-10-19 00:12:00.912Z,GAME_ACTION,up,4.0,0.0,4.0,0.0,,experienced2,,,
2025-10-19 00:12:05.920Z,GAME_ACTION,down,4.0,0.0,4.0,0.0,,experienced2,,,
2025-10-19 00:12:06.224Z,GAME_ACTION,down,4.0,1.0,4.0,0.0,,experienced2,,,
2025-10-19 00:12:06.568Z,GAME_ACTION,down,4.0,2.0,4.0,0.0,,experienced2,,,
2025-10-19 00:12:07.576Z,GAME_ACTION,right,4.0,3.0,4.0,0.0,,experienced2,,,
2025-10-19 00:12:07.968Z,GAME_ACTION,right,5.0,3.0,4.0,0.0,,experienced2,,,
2025-10-19 00:12:08.416Z,GAME_ACTION,right,6.0,3.0,4.0,0.0,,experienced2,,,
2025-10-19 00:12:08.848Z,GAME_ACTION,right,7.0,3.0,4.0,0.0,,experienced2,,,
2025-10-19 00:12:09.304Z,GAME_ACTION,right,8.0,3.0,4.0,0.0,,experienced2,,,
2025-10-19 00:12:09.816Z,INTERACTION,,8.0,3.0,4.0,0.0,,experienced2,,wizard_interaction,
2025-10-19 00:12:09.816Z,GAME_ACTION,right,9.0,3.0,4.0,0.0,,experienced2,,,
2025-10-19 00:12:12.816Z,GAME_ACTION,left,9.0,3.0,4.0,0.0,,experienced2,,,
2025-10-19 00:12:13.256Z,GAME_ACTION,left,8.0,3.0,4.0,0.0,,experienced2,,,
2025-10-19 00:12:14.016Z,GAME_ACTION,left,7.0,3.0,4.0,0.0,,experienced2,,,
2025-10-19 00:12:14.112Z,GAME_ACTION,left,6.0,3.0,4.0,0.0,,experienced2,,,
2025-10-19 00:12:14.528Z,GAME_ACTION,left,5.0,3.0,4.0,0.0,,experienced2,,,
2025-10-19 00:12:15.584Z,GAME_ACTION,down,4.0,3.0,4.0,0.0,,experienced2,,,
2025-10-19 00:12:16.000Z,GAME_ACTION,down,4.0,4.0,4.0,0.0,,experienced2,,,
2025-10-19 00:12:16.497Z,GAME_ACTION,down,4.0,5.0,4.0,0.0,,experienced2,,,
2025-10-19 00:12:17.040Z,GAME_ACTION,down,4.0,6.0,4.0,0.0,,experienced2,,,
2025-10-19 00:12:17.256Z,GAME_ACTION,down,4.0,7.0,4.0,0.0,,experienced2,,,
2025-10-19 00:12:17.712Z,GAME_ACTION,down,4.0,8.0,4.0,0.0,,experienced2,,,
2025-10-19 00:12:18.168Z,GAME_ACTION,down,4.0,9.0,4.0,0.0,,experienced2,,,
2025-10-19 00:12:18.616Z,GAME_ACTION,down,4.0,10.0,4.0,0.0,,experienced2,,,
2025-10-19 00:12:18.616Z,INTERACTION,,4.0,10.0,4.0,0.0,,experienced2,,wizard_interaction,
2025-10-19 00:12:19.736Z,GAME_ACTION,down,4.0,10.0,4.0,0.0,,experienced2,,,
2025-10-19 00:12:21.200Z,GAME_ACTION,up,4.0,10.0,4.0,0.0,,experienced2,,,
2025-10-19 00:12:21.632Z,GAME_ACTION,up,4.0,9.0,4.0,0.0,,experienced2,,,
2025-10-19 00:12:23.392Z,GAME_ACTION,right,4.0,8.0,4.0,0.0,,experienced2,,,
2025-10-19 00:12:23.760Z,GAME_ACTION,right,5.0,8.0,4.0,0.0,,experienced2,,,
2025-10-19 00:12:24.096Z,GAME_ACTION,right,6.0,8.0,4.0,0.0,,experienced2,,,
2025-10-19 00:12:24.257Z,GAME_ACTION,right,7.0,8.0,4.0,0.0,,experienced2,,,
2025-10-19 00:12:24.984Z,GAME_ACTION,down,8.0,8.0,4.0,0.0,,experienced2,,,
2025-10-19 00:12:25.240Z,GAME_ACTION,down,8.0,8.0,4.0,0.0,,experienced2,,,
2025-10-19 00:12:26.216Z,GAME_ACTION,right,8.0,8.0,4.0,0.0,,experienced2,,,
2025-10-19 00:12:26.384Z,GAME_ACTION,right,9.0,8.0,4.0,0.0,,experienced2,,,
2025-10-19 00:12:27.560Z,GAME_ACTION,left,9.0,8.0,4.0,0.0,,experienced2,,,
2025-10-19 00:12:27.816Z,GAME_ACTION,left,8.0,8.0,4.0,0.0,,experienced2,,,
2025-10-19 00:12:28.128Z,GAME_ACTION,left,7.0,8.0,4.0,0.0,,experienced2,,,
2025-10-19 00:12:29.528Z,GAME_ACTION,right,6.0,8.0,4.0,0.0,,experienced2,,,
2025-10-19 00:12:29.920Z,GAME_ACTION,right,7.0,8.0,4.0,0.0,,experienced2,,,
2025-10-19 00:12:30.912Z,GAME_ACTION,left,8.0,8.0,4.0,0.0,,experienced2,,,
2025-10-19 00:12:31.880Z,GAME_ACTION,down,7.0,8.0,4.0,0.0,,experienced2,,,
2025-10-19 00:12:32.241Z,GAME_ACTION,down,7.0,9.0,4.0,0.0,,experienced2,,,
2025-10-19 00:12:32.600Z,GAME_ACTION,down,7.0,10.0,4.0,0.0,,experienced2,,,
2025-10-19 00:12:32.600Z,INTERACTION,,7.0,10.0,4.0,0.0,,experienced2,,wizard_interaction,
2025-10-19 00:12:34.320Z,GAME_ACTION,left,7.0,10.0,4.0,0.0,,experienced2,,,
2025-10-19 00:12:34.896Z,GAME_ACTION,right,7.0,10.0,4.0,0.0,,experienced2,,,
2025-10-19 00:12:35.800Z,GAME_ACTION,up,7.0,10.0,4.0,0.0,,experienced2,,,
2025-10-19 00:12:36.024Z,GAME_ACTION,up,7.0,9.0,4.0,0.0,,experienced2,,,
2025-10-19 00:12:36.304Z,GAME_ACTION,up,7.0,8.0,4.0,0.0,,experienced2,,,
2025-10-19 00:12:37.728Z,GAME_ACTION,left,7.0,8.0,4.0,0.0,,experienced2,,,
2025-10-19 00:12:38.312Z,GAME_ACTION,left,6.0,8.0,4.0,0.0,,experienced2,,,
2025-10-19 00:12:38.656Z,GAME_ACTION,left,5.0,8.0,4.0,0.0,,experienced2,,,
2025-10-19 00:12:39.024Z,GAME_ACTION,left,4.0,8.0,4.0,0.0,,experienced2,,,
2025-10-19 00:12:39.456Z,GAME_ACTION,left,3.0,8.0,4.0,0.0,,experienced2,,,
2025-10-19 00:12:39.857Z,GAME_ACTION,left,2.0,8.0,4.0,0.0,,experienced2,,,
2025-10-19 00:12:41.192Z,GAME_ACTION,down,1.0,8.0,4.0,0.0,,experienced2,,,
2025-10-19 00:12:41.528Z,GAME_ACTION,down,1.0,9.0,4.0,0.0,,experienced2,,,
2025-10-19 00:12:42.072Z,GAME_ACTION,down,1.0,10.0,4.0,0.0,,experienced2,,,
2025-10-19 00:12:42.072Z,INTERACTION,,1.0,10.0,4.0,0.0,,experienced2,,wizard_interaction,blueAmulet
2025-10-19 00:12:44.040Z,GAME_ACTION,up,1.0,10.0,4.0,0.0,,experienced2,,,
2025-10-19 00:12:44.384Z,GAME_ACTION,up,1.0,9.0,4.0,0.0,,experienced2,,,
2025-10-19 00:12:45.440Z,GAME_ACTION,right,1.0,8.0,4.0,0.0,,experienced2,,,
2025-10-19 00:12:45.784Z,GAME_ACTION,right,2.0,8.0,4.0,0.0,,experienced2,,,
2025-10-19 00:12:46.168Z,GAME_ACTION,right,3.0,8.0,4.0,0.0,,experienced2,,,
2025-10-19 00:12:46.568Z,GAME_ACTION,right,4.0,8.0,4.0,0.0,,experienced2,,,
2025-10-19 00:12:46.808Z,GAME_ACTION,right,5.0,8.0,4.0,0.0,,experienced2,,,
2025-10-19 00:12:47.224Z,GAME_ACTION,right,6.0,8.0,4.0,0.0,,experienced2,,,
2025-10-19 00:12:47.648Z,GAME_ACTION,right,7.0,8.0,4.0,0.0,,experienced2,,,
2025-10-19 00:12:48.128Z,GAME_ACTION,right,8.0,8.0,4.0,0.0,,experienced2,,,
2025-10-19 00:12:49.424Z,GAME_ACTION,down,9.0,8.0,4.0,0.0,,experienced2,,,
2025-10-19 00:12:49.760Z,GAME_ACTION,down,9.0,9.0,4.0,0.0,,experienced2,,,
2025-10-19 00:12:50.120Z,GAME_ACTION,down,9.0,10.0,4.0,0.0,,experienced2,,,
2025-10-19 00:12:50.120Z,INTERACTION,,9.0,10.0,4.0,0.0,,experienced2,,treasure_interaction,C
2025-10-19 00:12:50.120Z,LEVEL_COMPLETE,,9.0,10.0,4.0,0.0,,experienced2,,,
2025-10-19 00:12:53.121Z,LEVEL_COMPLETE,,9.0,10.0,4.0,0.0,-118.0,experienced2,,,

Level: s511_2
Timestamp,Type,Player Action,Player X,Player Y,NPC X,NPC Y,Steps Remaining,NPC Path Type,NPC Current Path Index,Interaction Type,Interaction Details
2025-10-19 00:10:15.227Z,LEVEL_START,,,,,,,,,,
2025-10-19 00:10:15.240Z,LEVEL_START,,,,,,,,,,
2025-10-19 00:10:28.568Z,AGENT_OBSERVE,,2.0,7.0,1.0,5.0,,experienced2,,,
2025-10-19 00:10:29.000Z,AGENT_OBSERVE,,2.0,7.0,1.0,5.0,,experienced2,,,
2025-10-19 00:10:29.864Z,AGENT_OBSERVE,,2.0,7.0,2.0,5.0,,experienced2,,,
2025-10-19 00:10:30.856Z,AGENT_OBSERVE,,2.0,7.0,2.0,6.0,,experienced2,,,
2025-10-19 00:10:31.664Z,AGENT_OBSERVE,,2.0,7.0,2.0,7.0,,experienced2,,,
2025-10-19 00:10:32.304Z,AGENT_OBSERVE,,2.0,7.0,2.0,8.0,,experienced2,,,
2025-10-19 00:10:32.760Z,AGENT_OBSERVE,,2.0,7.0,2.0,9.0,,experienced2,,,
2025-10-19 00:10:33.224Z,AGENT_OBSERVE,,2.0,7.0,3.0,9.0,,experienced2,,,
2025-10-19 00:10:33.952Z,AGENT_OBSERVE,,2.0,7.0,4.0,9.0,,experienced2,,,
2025-10-19 00:10:35.064Z,AGENT_OBSERVE,,2.0,7.0,5.0,9.0,,experienced2,,,
2025-10-19 00:10:36.072Z,AGENT_OBSERVE,,2.0,7.0,6.0,9.0,,experienced2,,,
2025-10-19 00:10:38.424Z,GAME_ACTION,up,2.0,7.0,6.0,9.0,,experienced2,,,
2025-10-19 00:10:39.008Z,GAME_ACTION,up,2.0,6.0,6.0,9.0,,experienced2,,,
2025-10-19 00:10:40.440Z,GAME_ACTION,left,2.0,5.0,6.0,9.0,,experienced2,,,
2025-10-19 00:10:40.800Z,GAME_ACTION,left,1.0,5.0,6.0,9.0,,experienced2,,,
2025-10-19 00:10:40.800Z,INTERACTION,,1.0,5.0,6.0,9.0,,experienced2,,wizard_interaction,redAmulet
2025-10-19 00:10:46.400Z,GAME_ACTION,right,1.0,5.0,6.0,9.0,,experienced2,,,
2025-10-19 00:10:47.347Z,GAME_ACTION,down,2.0,5.0,6.0,9.0,,experienced2,,,
2025-10-19 00:10:47.672Z,GAME_ACTION,down,2.0,6.0,6.0,9.0,,experienced2,,,
2025-10-19 00:10:48.024Z,GAME_ACTION,down,2.0,7.0,6.0,9.0,,experienced2,,,
2025-10-19 00:10:48.312Z,GAME_ACTION,down,2.0,8.0,6.0,9.0,,experienced2,,,
2025-10-19 00:10:50.208Z,GAME_ACTION,right,2.0,9.0,6.0,9.0,,experienced2,,,
2025-10-19 00:10:50.944Z,GAME_ACTION,right,3.0,9.0,6.0,9.0,,experienced2,,,
2025-10-19 00:10:51.360Z,GAME_ACTION,right,4.0,9.0,6.0,9.0,,experienced2,,,
2025-10-19 00:10:51.760Z,GAME_ACTION,right,5.0,9.0,6.0,9.0,,experienced2,,,
2025-10-19 00:10:52.488Z,GAME_ACTION,right,6.0,9.0,6.0,9.0,,experienced2,,,
2025-10-19 00:10:52.848Z,GAME_ACTION,right,7.0,9.0,6.0,9.0,,experienced2,,,
2025-10-19 00:10:53.288Z,GAME_ACTION,right,8.0,9.0,6.0,9.0,,experienced2,,,
2025-10-19 00:10:53.440Z,GAME_ACTION,right,9.0,9.0,6.0,9.0,,experienced2,,,
2025-10-19 00:10:53.440Z,INTERACTION,,9.0,9.0,6.0,9.0,,experienced2,,treasure_interaction,A
2025-10-19 00:10:53.776Z,GAME_ACTION,right,10.0,9.0,6.0,9.0,,experienced2,,,
2025-10-19 00:10:55.304Z,GAME_ACTION,left,10.0,9.0,6.0,9.0,,experienced2,,,
2025-10-19 00:10:56.224Z,GAME_ACTION,right,9.0,9.0,6.0,9.0,,experienced2,,,
2025-10-19 00:10:56.224Z,INTERACTION,,9.0,9.0,6.0,9.0,,experienced2,,treasure_interaction,A
2025-10-19 00:10:56.680Z,GAME_ACTION,left,10.0,9.0,6.0,9.0,,experienced2,,,
2025-10-19 00:10:57.344Z,GAME_ACTION,right,9.0,9.0,6.0,9.0,,experienced2,,,
2025-10-19 00:10:57.344Z,INTERACTION,,9.0,9.0,6.0,9.0,,experienced2,,treasure_interaction,A
2025-10-19 00:10:57.736Z,GAME_ACTION,left,10.0,9.0,6.0,9.0,,experienced2,,,
2025-10-19 00:10:58.600Z,GAME_ACTION,right,9.0,9.0,6.0,9.0,,experienced2,,,
2025-10-19 00:10:58.600Z,INTERACTION,,9.0,9.0,6.0,9.0,,experienced2,,treasure_interaction,A
2025-10-19 00:10:59.072Z,GAME_ACTION,left,10.0,9.0,6.0,9.0,,experienced2,,,
2025-10-19 00:11:00.688Z,GAME_ACTION,left,9.0,9.0,6.0,9.0,,experienced2,,,
2025-10-19 00:11:01.224Z,GAME_ACTION,left,8.0,9.0,6.0,9.0,,experienced2,,,
2025-10-19 00:11:04.216Z,GAME_ACTION,left,7.0,9.0,6.0,9.0,,experienced2,,,
2025-10-19 00:11:04.825Z,GAME_ACTION,left,6.0,9.0,6.0,9.0,,experienced2,,,
2025-10-19 00:11:05.208Z,GAME_ACTION,left,5.0,9.0,6.0,9.0,,experienced2,,,
2025-10-19 00:11:05.720Z,GAME_ACTION,left,4.0,9.0,6.0,9.0,,experienced2,,,
2025-10-19 00:11:06.136Z,GAME_ACTION,left,3.0,9.0,6.0,9.0,,experienced2,,,
2025-10-19 00:11:07.472Z,GAME_ACTION,up,2.0,9.0,6.0,9.0,,experienced2,,,
2025-10-19 00:11:07.872Z,GAME_ACTION,up,2.0,8.0,6.0,9.0,,experienced2,,,
2025-10-19 00:11:08.264Z,GAME_ACTION,up,2.0,7.0,6.0,9.0,,experienced2,,,
2025-10-19 00:11:08.464Z,GAME_ACTION,up,2.0,6.0,6.0,9.0,,experienced2,,,
2025-10-19 00:11:08.840Z,GAME_ACTION,up,2.0,5.0,6.0,9.0,,experienced2,,,
2025-10-19 00:11:09.152Z,GAME_ACTION,up,2.0,4.0,6.0,9.0,,experienced2,,,
2025-10-19 00:11:10.256Z,GAME_ACTION,right,2.0,3.0,6.0,9.0,,experienced2,,,
2025-10-19 00:11:10.632Z,GAME_ACTION,right,3.0,3.0,6.0,9.0,,experienced2,,,
2025-10-19 00:11:11.025Z,GAME_ACTION,right,4.0,3.0,6.0,9.0,,experienced2,,,
2025-10-19 00:11:11.392Z,GAME_ACTION,right,5.0,3.0,6.0,9.0,,experienced2,,,
2025-10-19 00:11:11.720Z,GAME_ACTION,right,6.0,3.0,6.0,9.0,,experienced2,,,
2025-10-19 00:11:12.448Z,GAME_ACTION,right,7.0,3.0,6.0,9.0,,experienced2,,,
2025-10-19 00:11:12.816Z,GAME_ACTION,right,8.0,3.0,6.0,9.0,,experienced2,,,
2025-10-19 00:11:13.224Z,GAME_ACTION,right,9.0,3.0,6.0,9.0,,experienced2,,,
2025-10-19 00:11:14.088Z,GAME_ACTION,down,10.0,3.0,6.0,9.0,,experienced2,,,
2025-10-19 00:11:14.344Z,GAME_ACTION,down,10.0,4.0,6.0,9.0,,experienced2,,,
2025-10-19 00:11:14.488Z,GAME_ACTION,down,10.0,5.0,6.0,9.0,,experienced2,,,
2025-10-19 00:11:14.488Z,INTERACTION,,10.0,5.0,6.0,9.0,,experienced2,,wizard_interaction,
2025-10-19 00:11:14.936Z,GAME_ACTION,down,10.0,5.0,6.0,9.0,,experienced2,,,
2025-10-19 00:11:16.936Z,GAME_ACTION,down,10.0,5.0,6.0,9.0,,experienced2,,,
2025-10-19 00:11:18.672Z,GAME_ACTION,up,10.0,5.0,6.0,9.0,,experienced2,,,
2025-10-19 00:11:19.040Z,GAME_ACTION,up,10.0,4.0,6.0,9.0,,experienced2,,,
2025-10-19 00:11:19.424Z,GAME_ACTION,up,10.0,3.0,6.0,9.0,,experienced2,,,
2025-10-19 00:11:19.848Z,GAME_ACTION,up,10.0,2.0,6.0,9.0,,experienced2,,,
2025-10-19 00:11:19.960Z,INTERACTION,,10.0,2.0,6.0,9.0,,experienced2,,wizard_interaction,blueAmulet
2025-10-19 00:11:19.960Z,GAME_ACTION,up,10.0,1.0,6.0,9.0,,experienced2,,,
2025-10-19 00:11:22.016Z,GAME_ACTION,down,10.0,1.0,6.0,9.0,,experienced2,,,
2025-10-19 00:11:22.592Z,GAME_ACTION,down,10.0,2.0,6.0,9.0,,experienced2,,,
2025-10-19 00:11:23.888Z,GAME_ACTION,left,10.0,3.0,6.0,9.0,,experienced2,,,
2025-10-19 00:11:24.568Z,GAME_ACTION,left,9.0,3.0,6.0,9.0,,experienced2,,,
2025-10-19 00:11:24.944Z,GAME_ACTION,left,8.0,3.0,6.0,9.0,,experienced2,,,
2025-10-19 00:11:25.312Z,GAME_ACTION,left,7.0,3.0,6.0,9.0,,experienced2,,,
2025-10-19 00:11:25.705Z,GAME_ACTION,left,6.0,3.0,6.0,9.0,,experienced2,,,
2025-10-19 00:11:26.209Z,GAME_ACTION,left,5.0,3.0,6.0,9.0,,experienced2,,,
2025-10-19 00:11:26.608Z,GAME_ACTION,left,4.0,3.0,6.0,9.0,,experienced2,,,
2025-10-19 00:11:28.088Z,GAME_ACTION,left,3.0,3.0,6.0,9.0,,experienced2,,,
2025-10-19 00:11:29.472Z,GAME_ACTION,down,2.0,3.0,6.0,9.0,,experienced2,,,
2025-10-19 00:11:29.809Z,GAME_ACTION,down,2.0,4.0,6.0,9.0,,experienced2,,,
2025-10-19 00:11:30.128Z,GAME_ACTION,down,2.0,5.0,6.0,9.0,,experienced2,,,
2025-10-19 00:11:30.456Z,GAME_ACTION,down,2.0,6.0,6.0,9.0,,experienced2,,,
2025-10-19 00:11:30.856Z,GAME_ACTION,down,2.0,7.0,6.0,9.0,,experienced2,,,
2025-10-19 00:11:31.256Z,GAME_ACTION,down,2.0,8.0,6.0,9.0,,experienced2,,,
2025-10-19 00:11:32.960Z,GAME_ACTION,left,2.0,9.0,6.0,9.0,,experienced2,,,
2025-10-19 00:11:33.280Z,GAME_ACTION,left,1.0,9.0,6.0,9.0,,experienced2,,,
2025-10-19 00:11:34.336Z,GAME_ACTION,down,0.0,9.0,6.0,9.0,,experienced2,,,
2025-10-19 00:11:34.640Z,GAME_ACTION,down,0.0,10.0,6.0,9.0,,experienced2,,,
2025-10-19 00:11:34.640Z,INTERACTION,,0.0,10.0,6.0,9.0,,experienced2,,treasure_interaction,B
2025-10-19 00:11:34.640Z,LEVEL_COMPLETE,,0.0,10.0,6.0,9.0,,experienced2,,,
2025-10-19 00:11:37.640Z,LEVEL_COMPLETE,,0.0,10.0,6.0,9.0,-85.0,experienced2,,,

Level: s531_1
Timestamp,Type,Player Action,Player X,Player Y,NPC X,NPC Y,Steps Remaining,NPC Path Type,NPC Current Path Index,Interaction Type,Interaction Details
2025-10-19 00:12:53.400Z,LEVEL_START,,,,,,,,,,
2025-10-19 00:12:53.405Z,LEVEL_START,,,,,,,,,,
2025-10-19 00:13:08.792Z,AGENT_OBSERVE,,5.0,8.0,4.0,4.0,,experienced1,,,
2025-10-19 00:13:08.913Z,AGENT_OBSERVE,,5.0,8.0,4.0,3.0,,experienced1,,,
2025-10-19 00:13:09.096Z,AGENT_OBSERVE,,5.0,8.0,5.0,3.0,,experienced1,,,
2025-10-19 00:13:09.648Z,AGENT_OBSERVE,,5.0,8.0,6.0,3.0,,experienced1,,,
2025-10-19 00:13:10.696Z,AGENT_OBSERVE,,5.0,8.0,6.0,2.0,,experienced1,,,
2025-10-19 00:13:11.592Z,AGENT_OBSERVE,,5.0,8.0,6.0,1.0,,experienced1,,,
2025-10-19 00:13:14.848Z,GAME_ACTION,left,5.0,8.0,6.0,1.0,,experienced1,,,
2025-10-19 00:13:18.288Z,GAME_ACTION,up,4.0,8.0,6.0,1.0,,experienced1,,,
2025-10-19 00:13:18.840Z,GAME_ACTION,up,4.0,7.0,6.0,1.0,,experienced1,,,
2025-10-19 00:13:19.248Z,GAME_ACTION,up,4.0,6.0,6.0,1.0,,experienced1,,,
2025-10-19 00:13:19.696Z,GAME_ACTION,up,4.0,5.0,6.0,1.0,,experienced1,,,
2025-10-19 00:13:20.096Z,GAME_ACTION,up,4.0,4.0,6.0,1.0,,experienced1,,,
2025-10-19 00:13:20.872Z,GAME_ACTION,right,4.0,3.0,6.0,1.0,,experienced1,,,
2025-10-19 00:13:21.497Z,GAME_ACTION,right,5.0,3.0,6.0,1.0,,experienced1,,,
2025-10-19 00:13:21.864Z,GAME_ACTION,right,6.0,3.0,6.0,1.0,,experienced1,,,
2025-10-19 00:13:22.320Z,GAME_ACTION,right,7.0,3.0,6.0,1.0,,experienced1,,,
2025-10-19 00:13:22.768Z,GAME_ACTION,right,8.0,3.0,6.0,1.0,,experienced1,,,
2025-10-19 00:13:23.208Z,GAME_ACTION,right,9.0,3.0,6.0,1.0,,experienced1,,,
2025-10-19 00:13:23.208Z,INTERACTION,,9.0,3.0,6.0,1.0,,experienced1,,wizard_interaction,
2025-10-19 00:13:25.544Z,GAME_ACTION,left,9.0,3.0,6.0,1.0,,experienced1,,,
2025-10-19 00:13:25.896Z,GAME_ACTION,left,8.0,3.0,6.0,1.0,,experienced1,,,
2025-10-19 00:13:26.273Z,GAME_ACTION,left,7.0,3.0,6.0,1.0,,experienced1,,,
2025-10-19 00:13:26.577Z,GAME_ACTION,left,6.0,3.0,6.0,1.0,,experienced1,,,
2025-10-19 00:13:27.648Z,GAME_ACTION,right,5.0,3.0,6.0,1.0,,experienced1,,,
2025-10-19 00:13:28.536Z,GAME_ACTION,up,6.0,3.0,6.0,1.0,,experienced1,,,
2025-10-19 00:13:28.920Z,GAME_ACTION,up,6.0,2.0,6.0,1.0,,experienced1,,,
2025-10-19 00:13:29.392Z,GAME_ACTION,up,6.0,1.0,6.0,1.0,,experienced1,,,
2025-10-19 00:13:29.392Z,INTERACTION,,6.0,1.0,6.0,1.0,,experienced1,,wizard_interaction,blueAmulet
2025-10-19 00:13:31.568Z,GAME_ACTION,down,6.0,1.0,6.0,1.0,,experienced1,,,
2025-10-19 00:13:31.872Z,GAME_ACTION,down,6.0,2.0,6.0,1.0,,experienced1,,,
2025-10-19 00:13:33.064Z,GAME_ACTION,left,6.0,3.0,6.0,1.0,,experienced1,,,
2025-10-19 00:13:33.432Z,GAME_ACTION,left,5.0,3.0,6.0,1.0,,experienced1,,,
2025-10-19 00:13:33.784Z,GAME_ACTION,left,4.0,3.0,6.0,1.0,,experienced1,,,
2025-10-19 00:13:34.752Z,GAME_ACTION,right,3.0,3.0,6.0,1.0,,experienced1,,,
2025-10-19 00:13:35.688Z,GAME_ACTION,down,4.0,3.0,6.0,1.0,,experienced1,,,
2025-10-19 00:13:35.936Z,GAME_ACTION,down,4.0,4.0,6.0,1.0,,experienced1,,,
2025-10-19 00:13:36.312Z,GAME_ACTION,down,4.0,5.0,6.0,1.0,,experienced1,,,
2025-10-19 00:13:36.713Z,GAME_ACTION,down,4.0,6.0,6.0,1.0,,experienced1,,,
2025-10-19 00:13:37.257Z,GAME_ACTION,down,4.0,7.0,6.0,1.0,,experienced1,,,
2025-10-19 00:13:38.376Z,GAME_ACTION,right,4.0,8.0,6.0,1.0,,experienced1,,,
2025-10-19 00:13:38.816Z,GAME_ACTION,right,5.0,8.0,6.0,1.0,,experienced1,,,
2025-10-19 00:13:39.240Z,GAME_ACTION,right,6.0,8.0,6.0,1.0,,experienced1,,,
2025-10-19 00:13:39.688Z,GAME_ACTION,right,7.0,8.0,6.0,1.0,,experienced1,,,
2025-10-19 00:13:40.272Z,GAME_ACTION,right,8.0,8.0,6.0,1.0,,experienced1,,,
2025-10-19 00:13:40.272Z,INTERACTION,,8.0,8.0,6.0,1.0,,experienced1,,treasure_interaction,B
2025-10-19 00:13:40.272Z,LEVEL_COMPLETE,,8.0,8.0,6.0,1.0,,experienced1,,,
2025-10-19 00:13:43.273Z,LEVEL_COMPLETE,,8.0,8.0,6.0,1.0,-14.0,experienced1,,,

Level: s544_2
Timestamp,Type,Player Action,Player X,Player Y,NPC X,NPC Y,Steps Remaining,NPC Path Type,NPC Current Path Index,Interaction Type,Interaction Details
2025-10-19 00:16:03.618Z,LEVEL_START,,,,,,,,,,
2025-10-19 00:16:03.624Z,LEVEL_START,,,,,,,,,,
2025-10-19 00:16:18.048Z,AGENT_OBSERVE,,5.0,1.0,1.0,9.0,,experienced2,,,
2025-10-19 00:16:18.856Z,AGENT_OBSERVE,,5.0,1.0,2.0,9.0,,experienced2,,,
2025-10-19 00:16:19.320Z,AGENT_OBSERVE,,5.0,1.0,3.0,9.0,,experienced2,,,
2025-10-19 00:16:19.784Z,AGENT_OBSERVE,,5.0,1.0,4.0,9.0,,experienced2,,,
2025-10-19 00:16:20.344Z,AGENT_OBSERVE,,5.0,1.0,5.0,9.0,,experienced2,,,
2025-10-19 00:16:20.784Z,AGENT_OBSERVE,,5.0,1.0,5.0,8.0,,experienced2,,,
2025-10-19 00:16:21.552Z,AGENT_OBSERVE,,5.0,1.0,5.0,7.0,,experienced2,,,
2025-10-19 00:16:21.984Z,AGENT_OBSERVE,,5.0,1.0,5.0,6.0,,experienced2,,,
2025-10-19 00:16:22.464Z,AGENT_OBSERVE,,5.0,1.0,5.0,5.0,,experienced2,,,
2025-10-19 00:16:22.928Z,AGENT_OBSERVE,,5.0,1.0,6.0,5.0,,experienced2,,,
2025-10-19 00:16:23.392Z,AGENT_OBSERVE,,5.0,1.0,7.0,5.0,,experienced2,,,
2025-10-19 00:16:23.800Z,AGENT_OBSERVE,,5.0,1.0,8.0,5.0,,experienced2,,,
2025-10-19 00:16:28.089Z,GAME_ACTION,left,5.0,1.0,8.0,5.0,,experienced2,,,
2025-10-19 00:16:29.288Z,INTERACTION,,5.0,1.0,8.0,5.0,,experienced2,,wizard_interaction,blueAmulet
2025-10-19 00:16:29.288Z,GAME_ACTION,up,4.0,1.0,8.0,5.0,,experienced2,,,
2025-10-19 00:16:32.708Z,GAME_ACTION,down,4.0,1.0,8.0,5.0,,experienced2,,,
2025-10-19 00:16:33.984Z,GAME_ACTION,right,4.0,2.0,8.0,5.0,,experienced2,,,
2025-10-19 00:16:34.296Z,GAME_ACTION,right,5.0,2.0,8.0,5.0,,experienced2,,,
2025-10-19 00:16:35.192Z,GAME_ACTION,left,6.0,2.0,8.0,5.0,,experienced2,,,
2025-10-19 00:16:36.568Z,GAME_ACTION,down,5.0,2.0,8.0,5.0,,experienced2,,,
2025-10-19 00:16:36.896Z,GAME_ACTION,down,5.0,3.0,8.0,5.0,,experienced2,,,
2025-10-19 00:16:37.200Z,GAME_ACTION,down,5.0,4.0,8.0,5.0,,experienced2,,,
2025-10-19 00:16:38.272Z,GAME_ACTION,left,5.0,5.0,8.0,5.0,,experienced2,,,
2025-10-19 00:16:38.624Z,GAME_ACTION,left,4.0,5.0,8.0,5.0,,experienced2,,,
2025-10-19 00:16:39.016Z,GAME_ACTION,left,3.0,5.0,8.0,5.0,,experienced2,,,
2025-10-19 00:16:39.184Z,GAME_ACTION,left,2.0,5.0,8.0,5.0,,experienced2,,,
2025-10-19 00:16:39.568Z,GAME_ACTION,left,1.0,5.0,8.0,5.0,,experienced2,,,
2025-10-19 00:16:39.568Z,INTERACTION,,1.0,5.0,8.0,5.0,,experienced2,,treasure_interaction,A
2025-10-19 00:16:39.568Z,LEVEL_COMPLETE,,1.0,5.0,8.0,5.0,,experienced2,,,
2025-10-19 00:16:42.568Z,LEVEL_COMPLETE,,1.0,5.0,8.0,5.0,13.0,experienced2,,,

