Session ID,u1760998284527
Completed At,2025-10-20 22:27:27.275Z
Created At,2025-10-20 22:11:24.527Z

User Data
prolificId,5f974c72a0ed8c0f9ce724ea
age,34
gender,male
timestamp,1760999246984

Comprehension Check
Passed,TRUE

Level: comprehension_check
Timestamp,Type,Player Action,Player X,Player Y,NPC X,NPC Y,Steps Remaining,NPC Path Type,NPC Current Path Index,Interaction Type,Interaction Details
2025-10-20 22:15:07.093Z,INTERACTION,,,,,,,,,comprehension_check,failed
2025-10-20 22:15:11.721Z,INTERACTION,,,,,,,,,comprehension_check,passed

Level: experiment
Timestamp,Type,Player Action,Player X,Player Y,NPC X,NPC Y,Steps Remaining,NPC Path Type,NPC Current Path Index,Interaction Type,Interaction Details
2025-10-20 22:27:10.342Z,EXPERIMENT_COMPLETE,,,,,,,,,,

Level: s111_1
Timestamp,Type,Player Action,Player X,Player Y,NPC X,NPC Y,Steps Remaining,NPC Path Type,NPC Current Path Index,Interaction Type,Interaction Details
2025-10-20 22:11:24.675Z,LEVEL_START,,,,,,,,,,

Level: s111_2
Timestamp,Type,Player Action,Player X,Player Y,NPC X,NPC Y,Steps Remaining,NPC Path Type,NPC Current Path Index,Interaction Type,Interaction Details
2025-10-20 22:18:07.010Z,LEVEL_START,,,,,,,,,,
2025-10-20 22:18:07.014Z,LEVEL_START,,,,,,,,,,
2025-10-20 22:18:28.533Z,AGENT_OBSERVE,,5.0,7.0,5.0,5.0,,experienced2,,,
2025-10-20 22:18:29.122Z,AGENT_OBSERVE,,5.0,7.0,5.0,6.0,,experienced2,,,
2025-10-20 22:18:29.798Z,AGENT_OBSERVE,,5.0,7.0,5.0,7.0,,experienced2,,,
2025-10-20 22:18:31.583Z,AGENT_OBSERVE,,5.0,7.0,5.0,8.0,,experienced2,,,
2025-10-20 22:18:32.197Z,AGENT_OBSERVE,,5.0,7.0,5.0,9.0,,experienced2,,,
2025-10-20 22:18:35.041Z,AGENT_OBSERVE,,5.0,7.0,5.0,11.0,,experienced2,,,
2025-10-20 22:18:39.659Z,GAME_ACTION,up,5.0,7.0,5.0,11.0,,experienced2,,,
2025-10-20 22:18:40.148Z,GAME_ACTION,up,5.0,6.0,5.0,11.0,,experienced2,,,
2025-10-20 22:18:41.206Z,GAME_ACTION,right,5.0,5.0,5.0,11.0,,experienced2,,,
2025-10-20 22:18:41.660Z,GAME_ACTION,right,6.0,5.0,5.0,11.0,,experienced2,,,
2025-10-20 22:18:42.335Z,GAME_ACTION,right,7.0,5.0,5.0,11.0,,experienced2,,,
2025-10-20 22:18:43.003Z,GAME_ACTION,right,8.0,5.0,5.0,11.0,,experienced2,,,
2025-10-20 22:18:43.004Z,INTERACTION,,8.0,5.0,5.0,11.0,,experienced2,,wizard_interaction,blueAmulet
2025-10-20 22:18:45.031Z,GAME_ACTION,left,8.0,5.0,5.0,11.0,,experienced2,,,
2025-10-20 22:18:45.493Z,GAME_ACTION,left,7.0,5.0,5.0,11.0,,experienced2,,,
2025-10-20 22:18:45.896Z,GAME_ACTION,left,6.0,5.0,5.0,11.0,,experienced2,,,
2025-10-20 22:18:47.094Z,GAME_ACTION,down,5.0,5.0,5.0,11.0,,experienced2,,,
2025-10-20 22:18:47.543Z,GAME_ACTION,down,5.0,6.0,5.0,11.0,,experienced2,,,
2025-10-20 22:18:48.111Z,GAME_ACTION,down,5.0,7.0,5.0,11.0,,experienced2,,,
2025-10-20 22:18:48.468Z,GAME_ACTION,down,5.0,8.0,5.0,11.0,,experienced2,,,
2025-10-20 22:18:50.056Z,GAME_ACTION,right,5.0,9.0,5.0,11.0,,experienced2,,,
2025-10-20 22:18:50.441Z,GAME_ACTION,right,6.0,9.0,5.0,11.0,,experienced2,,,
2025-10-20 22:18:50.797Z,GAME_ACTION,right,7.0,9.0,5.0,11.0,,experienced2,,,
2025-10-20 22:18:51.243Z,GAME_ACTION,right,8.0,9.0,5.0,11.0,,experienced2,,,
2025-10-20 22:18:51.243Z,INTERACTION,,8.0,9.0,5.0,11.0,,experienced2,,treasure_interaction,B
2025-10-20 22:18:51.243Z,LEVEL_COMPLETE,,8.0,9.0,5.0,11.0,,experienced2,,,
2025-10-20 22:18:54.298Z,LEVEL_COMPLETE,,8.0,9.0,5.0,11.0,39.0,experienced2,,,

Level: s112_1
Timestamp,Type,Player Action,Player X,Player Y,NPC X,NPC Y,Steps Remaining,NPC Path Type,NPC Current Path Index,Interaction Type,Interaction Details
2025-10-20 22:18:54.446Z,LEVEL_START,,,,,,,,,,
2025-10-20 22:18:54.446Z,LEVEL_START,,,,,,,,,,
2025-10-20 22:19:12.785Z,AGENT_OBSERVE,,5.0,7.0,5.0,5.0,,experienced1,,,
2025-10-20 22:19:13.593Z,AGENT_OBSERVE,,5.0,7.0,5.0,6.0,,experienced1,,,
2025-10-20 22:19:14.348Z,AGENT_OBSERVE,,5.0,7.0,5.0,7.0,,experienced1,,,
2025-10-20 22:19:14.818Z,AGENT_OBSERVE,,5.0,7.0,5.0,8.0,,experienced1,,,
2025-10-20 22:19:15.322Z,AGENT_OBSERVE,,5.0,7.0,5.0,9.0,,experienced1,,,
2025-10-20 22:19:15.843Z,AGENT_OBSERVE,,5.0,7.0,5.0,10.0,,experienced1,,,
2025-10-20 22:19:16.209Z,AGENT_OBSERVE,,5.0,7.0,5.0,10.0,,experienced1,,,
2025-10-20 22:19:17.384Z,GAME_ACTION,down,5.0,7.0,5.0,10.0,,experienced1,,,
2025-10-20 22:19:18.057Z,GAME_ACTION,down,5.0,8.0,5.0,10.0,,experienced1,,,
2025-10-20 22:19:19.580Z,GAME_ACTION,left,5.0,9.0,5.0,10.0,,experienced1,,,
2025-10-20 22:19:19.952Z,GAME_ACTION,left,4.0,9.0,5.0,10.0,,experienced1,,,
2025-10-20 22:19:20.418Z,GAME_ACTION,left,3.0,9.0,5.0,10.0,,experienced1,,,
2025-10-20 22:19:20.970Z,GAME_ACTION,left,2.0,9.0,5.0,10.0,,experienced1,,,
2025-10-20 22:19:21.949Z,GAME_ACTION,down,1.0,9.0,5.0,10.0,,experienced1,,,
2025-10-20 22:19:22.376Z,INTERACTION,,1.0,9.0,5.0,10.0,,experienced1,,wizard_interaction,redAmulet
2025-10-20 22:19:22.376Z,GAME_ACTION,down,1.0,10.0,5.0,10.0,,experienced1,,,
2025-10-20 22:19:23.964Z,GAME_ACTION,up,1.0,10.0,5.0,10.0,,experienced1,,,
2025-10-20 22:19:24.750Z,GAME_ACTION,right,1.0,9.0,5.0,10.0,,experienced1,,,
2025-10-20 22:19:25.051Z,GAME_ACTION,right,2.0,9.0,5.0,10.0,,experienced1,,,
2025-10-20 22:19:25.443Z,GAME_ACTION,right,3.0,9.0,5.0,10.0,,experienced1,,,
2025-10-20 22:19:25.901Z,GAME_ACTION,right,4.0,9.0,5.0,10.0,,experienced1,,,
2025-10-20 22:19:26.569Z,GAME_ACTION,down,5.0,9.0,5.0,10.0,,experienced1,,,
2025-10-20 22:19:26.943Z,GAME_ACTION,down,5.0,10.0,5.0,10.0,,experienced1,,,
2025-10-20 22:19:26.943Z,INTERACTION,,5.0,10.0,5.0,10.0,,experienced1,,wizard_interaction,blueAmulet
2025-10-20 22:19:28.448Z,GAME_ACTION,up,5.0,10.0,5.0,10.0,,experienced1,,,
2025-10-20 22:19:28.901Z,GAME_ACTION,up,5.0,9.0,5.0,10.0,,experienced1,,,
2025-10-20 22:19:29.317Z,GAME_ACTION,up,5.0,8.0,5.0,10.0,,experienced1,,,
2025-10-20 22:19:30.544Z,GAME_ACTION,left,5.0,7.0,5.0,10.0,,experienced1,,,
2025-10-20 22:19:31.097Z,GAME_ACTION,left,4.0,7.0,5.0,10.0,,experienced1,,,
2025-10-20 22:19:31.659Z,GAME_ACTION,left,3.0,7.0,5.0,10.0,,experienced1,,,
2025-10-20 22:19:32.021Z,INTERACTION,,3.0,7.0,5.0,10.0,,experienced1,,treasure_interaction,B
2025-10-20 22:19:32.021Z,LEVEL_COMPLETE,,3.0,7.0,5.0,10.0,,experienced1,,,
2025-10-20 22:19:32.021Z,GAME_ACTION,left,2.0,7.0,5.0,10.0,,experienced1,,,
2025-10-20 22:19:35.172Z,LEVEL_COMPLETE,,2.0,7.0,5.0,10.0,3.0,experienced1,,,

Level: s321_1
Timestamp,Type,Player Action,Player X,Player Y,NPC X,NPC Y,Steps Remaining,NPC Path Type,NPC Current Path Index,Interaction Type,Interaction Details
2025-10-20 22:24:35.330Z,LEVEL_START,,,,,,,,,,
2025-10-20 22:24:35.331Z,LEVEL_START,,,,,,,,,,
2025-10-20 22:24:50.391Z,AGENT_OBSERVE,,0.0,9.0,4.0,8.0,,experienced1,,,
2025-10-20 22:24:50.963Z,AGENT_OBSERVE,,0.0,9.0,4.0,7.0,,experienced1,,,
2025-10-20 22:24:51.336Z,AGENT_OBSERVE,,0.0,9.0,4.0,6.0,,experienced1,,,
2025-10-20 22:24:51.903Z,AGENT_OBSERVE,,0.0,9.0,4.0,5.0,,experienced1,,,
2025-10-20 22:24:52.123Z,AGENT_OBSERVE,,0.0,9.0,4.0,4.0,,experienced1,,,
2025-10-20 22:24:52.321Z,AGENT_OBSERVE,,0.0,9.0,4.0,3.0,,experienced1,,,
2025-10-20 22:24:52.831Z,AGENT_OBSERVE,,0.0,9.0,3.0,3.0,,experienced1,,,
2025-10-20 22:24:53.293Z,AGENT_OBSERVE,,0.0,9.0,2.0,3.0,,experienced1,,,
2025-10-20 22:24:53.586Z,AGENT_OBSERVE,,0.0,9.0,1.0,3.0,,experienced1,,,
2025-10-20 22:24:54.102Z,AGENT_OBSERVE,,0.0,9.0,0.0,3.0,,experienced1,,,
2025-10-20 22:24:54.464Z,AGENT_OBSERVE,,0.0,9.0,0.0,2.0,,experienced1,,,
2025-10-20 22:24:54.857Z,AGENT_OBSERVE,,0.0,9.0,0.0,1.0,,experienced1,,,
2025-10-20 22:24:55.174Z,AGENT_OBSERVE,,0.0,9.0,0.0,1.0,,experienced1,,,
2025-10-20 22:24:57.225Z,GAME_ACTION,right,0.0,9.0,0.0,1.0,,experienced1,,,
2025-10-20 22:24:58.874Z,GAME_ACTION,right,1.0,9.0,0.0,1.0,,experienced1,,,
2025-10-20 22:24:59.354Z,GAME_ACTION,right,2.0,9.0,0.0,1.0,,experienced1,,,
2025-10-20 22:24:59.556Z,GAME_ACTION,right,3.0,9.0,0.0,1.0,,experienced1,,,
2025-10-20 22:25:00.590Z,GAME_ACTION,up,4.0,9.0,0.0,1.0,,experienced1,,,
2025-10-20 22:25:00.827Z,GAME_ACTION,up,4.0,8.0,0.0,1.0,,experienced1,,,
2025-10-20 22:25:01.006Z,GAME_ACTION,up,4.0,7.0,0.0,1.0,,experienced1,,,
2025-10-20 22:25:01.168Z,GAME_ACTION,up,4.0,6.0,0.0,1.0,,experienced1,,,
2025-10-20 22:25:01.314Z,GAME_ACTION,up,4.0,5.0,0.0,1.0,,experienced1,,,
2025-10-20 22:25:01.488Z,GAME_ACTION,up,4.0,4.0,0.0,1.0,,experienced1,,,
2025-10-20 22:25:02.240Z,GAME_ACTION,left,4.0,3.0,0.0,1.0,,experienced1,,,
2025-10-20 22:25:02.403Z,GAME_ACTION,left,3.0,3.0,0.0,1.0,,experienced1,,,
2025-10-20 22:25:02.551Z,GAME_ACTION,left,2.0,3.0,0.0,1.0,,experienced1,,,
2025-10-20 22:25:02.721Z,GAME_ACTION,left,1.0,3.0,0.0,1.0,,experienced1,,,
2025-10-20 22:25:03.511Z,GAME_ACTION,up,0.0,3.0,0.0,1.0,,experienced1,,,
2025-10-20 22:25:03.786Z,GAME_ACTION,up,0.0,2.0,0.0,1.0,,experienced1,,,
2025-10-20 22:25:04.118Z,GAME_ACTION,up,0.0,1.0,0.0,1.0,,experienced1,,,
2025-10-20 22:25:04.119Z,INTERACTION,,0.0,1.0,0.0,1.0,,experienced1,,wizard_interaction,blueAmulet
2025-10-20 22:25:05.392Z,GAME_ACTION,down,0.0,1.0,0.0,1.0,,experienced1,,,
2025-10-20 22:25:05.583Z,GAME_ACTION,down,0.0,2.0,0.0,1.0,,experienced1,,,
2025-10-20 22:25:06.722Z,GAME_ACTION,right,0.0,3.0,0.0,1.0,,experienced1,,,
2025-10-20 22:25:06.894Z,GAME_ACTION,right,1.0,3.0,0.0,1.0,,experienced1,,,
2025-10-20 22:25:07.082Z,GAME_ACTION,right,2.0,3.0,0.0,1.0,,experienced1,,,
2025-10-20 22:25:07.506Z,GAME_ACTION,right,3.0,3.0,0.0,1.0,,experienced1,,,
2025-10-20 22:25:08.217Z,GAME_ACTION,down,4.0,3.0,0.0,1.0,,experienced1,,,
2025-10-20 22:25:08.392Z,GAME_ACTION,down,4.0,4.0,0.0,1.0,,experienced1,,,
2025-10-20 22:25:08.549Z,GAME_ACTION,down,4.0,5.0,0.0,1.0,,experienced1,,,
2025-10-20 22:25:08.703Z,GAME_ACTION,down,4.0,6.0,0.0,1.0,,experienced1,,,
2025-10-20 22:25:08.857Z,GAME_ACTION,down,4.0,7.0,0.0,1.0,,experienced1,,,
2025-10-20 22:25:09.380Z,GAME_ACTION,down,4.0,8.0,0.0,1.0,,experienced1,,,
2025-10-20 22:25:11.137Z,GAME_ACTION,left,4.0,9.0,0.0,1.0,,experienced1,,,
2025-10-20 22:25:11.326Z,GAME_ACTION,left,3.0,9.0,0.0,1.0,,experienced1,,,
2025-10-20 22:25:11.474Z,GAME_ACTION,left,2.0,9.0,0.0,1.0,,experienced1,,,
2025-10-20 22:25:11.632Z,GAME_ACTION,left,1.0,9.0,0.0,1.0,,experienced1,,,
2025-10-20 22:25:12.532Z,GAME_ACTION,down,0.0,9.0,0.0,1.0,,experienced1,,,
2025-10-20 22:25:12.835Z,GAME_ACTION,down,0.0,10.0,0.0,1.0,,experienced1,,,
2025-10-20 22:25:12.836Z,INTERACTION,,0.0,10.0,0.0,1.0,,experienced1,,treasure_interaction,B
2025-10-20 22:25:12.836Z,LEVEL_COMPLETE,,0.0,10.0,0.0,1.0,,experienced1,,,
2025-10-20 22:25:15.841Z,LEVEL_COMPLETE,,0.0,10.0,0.0,1.0,14.0,experienced1,,,

Level: s342_1
Timestamp,Type,Player Action,Player X,Player Y,NPC X,NPC Y,Steps Remaining,NPC Path Type,NPC Current Path Index,Interaction Type,Interaction Details
2025-10-20 22:20:33.558Z,LEVEL_START,,,,,,,,,,
2025-10-20 22:20:33.565Z,LEVEL_START,,,,,,,,,,
2025-10-20 22:20:53.088Z,AGENT_OBSERVE,,10.0,8.0,1.0,3.0,,experienced1,,,
2025-10-20 22:20:53.661Z,AGENT_OBSERVE,,10.0,8.0,0.0,3.0,,experienced1,,,
2025-10-20 22:20:54.051Z,AGENT_OBSERVE,,10.0,8.0,0.0,4.0,,experienced1,,,
2025-10-20 22:20:54.672Z,AGENT_OBSERVE,,10.0,8.0,0.0,4.0,,experienced1,,,
2025-10-20 22:20:56.599Z,GAME_ACTION,left,10.0,8.0,0.0,4.0,,experienced1,,,
2025-10-20 22:20:57.242Z,GAME_ACTION,left,9.0,8.0,0.0,4.0,,experienced1,,,
2025-10-20 22:20:58.030Z,GAME_ACTION,left,8.0,8.0,0.0,4.0,,experienced1,,,
2025-10-20 22:20:58.765Z,GAME_ACTION,up,7.0,8.0,0.0,4.0,,experienced1,,,
2025-10-20 22:20:59.217Z,GAME_ACTION,up,7.0,7.0,0.0,4.0,,experienced1,,,
2025-10-20 22:20:59.770Z,GAME_ACTION,up,7.0,6.0,0.0,4.0,,experienced1,,,
2025-10-20 22:21:00.366Z,GAME_ACTION,up,7.0,5.0,0.0,4.0,,experienced1,,,
2025-10-20 22:21:00.756Z,GAME_ACTION,up,7.0,4.0,0.0,4.0,,experienced1,,,
2025-10-20 22:21:01.450Z,GAME_ACTION,left,7.0,3.0,0.0,4.0,,experienced1,,,
2025-10-20 22:21:01.846Z,GAME_ACTION,left,6.0,3.0,0.0,4.0,,experienced1,,,
2025-10-20 22:21:02.292Z,GAME_ACTION,left,5.0,3.0,0.0,4.0,,experienced1,,,
2025-10-20 22:21:02.756Z,GAME_ACTION,left,4.0,3.0,0.0,4.0,,experienced1,,,
2025-10-20 22:21:03.205Z,GAME_ACTION,left,3.0,3.0,0.0,4.0,,experienced1,,,
2025-10-20 22:21:03.628Z,GAME_ACTION,left,2.0,3.0,0.0,4.0,,experienced1,,,
2025-10-20 22:21:04.017Z,GAME_ACTION,left,1.0,3.0,0.0,4.0,,experienced1,,,
2025-10-20 22:21:05.127Z,GAME_ACTION,down,0.0,3.0,0.0,4.0,,experienced1,,,
2025-10-20 22:21:05.556Z,INTERACTION,,0.0,3.0,0.0,4.0,,experienced1,,wizard_interaction,blueAmulet
2025-10-20 22:21:05.556Z,GAME_ACTION,down,0.0,4.0,0.0,4.0,,experienced1,,,
2025-10-20 22:21:07.159Z,GAME_ACTION,up,0.0,4.0,0.0,4.0,,experienced1,,,
2025-10-20 22:21:08.290Z,GAME_ACTION,right,0.0,3.0,0.0,4.0,,experienced1,,,
2025-10-20 22:21:08.689Z,GAME_ACTION,right,1.0,3.0,0.0,4.0,,experienced1,,,
2025-10-20 22:21:08.954Z,GAME_ACTION,right,2.0,3.0,0.0,4.0,,experienced1,,,
2025-10-20 22:21:09.162Z,GAME_ACTION,right,3.0,3.0,0.0,4.0,,experienced1,,,
2025-10-20 22:21:09.321Z,GAME_ACTION,right,4.0,3.0,0.0,4.0,,experienced1,,,
2025-10-20 22:21:09.468Z,GAME_ACTION,right,5.0,3.0,0.0,4.0,,experienced1,,,
2025-10-20 22:21:10.022Z,GAME_ACTION,right,6.0,3.0,0.0,4.0,,experienced1,,,
2025-10-20 22:21:11.064Z,GAME_ACTION,down,7.0,3.0,0.0,4.0,,experienced1,,,
2025-10-20 22:21:11.281Z,GAME_ACTION,down,7.0,4.0,0.0,4.0,,experienced1,,,
2025-10-20 22:21:11.460Z,GAME_ACTION,down,7.0,5.0,0.0,4.0,,experienced1,,,
2025-10-20 22:21:11.628Z,GAME_ACTION,down,7.0,6.0,0.0,4.0,,experienced1,,,
2025-10-20 22:21:11.776Z,GAME_ACTION,down,7.0,7.0,0.0,4.0,,experienced1,,,
2025-10-20 22:21:12.835Z,GAME_ACTION,left,7.0,8.0,0.0,4.0,,experienced1,,,
2025-10-20 22:21:13.088Z,GAME_ACTION,left,6.0,8.0,0.0,4.0,,experienced1,,,
2025-10-20 22:21:13.959Z,GAME_ACTION,down,5.0,8.0,0.0,4.0,,experienced1,,,
2025-10-20 22:21:14.413Z,GAME_ACTION,down,5.0,9.0,0.0,4.0,,experienced1,,,
2025-10-20 22:21:15.309Z,GAME_ACTION,down,5.0,10.0,0.0,4.0,,experienced1,,,
2025-10-20 22:21:15.309Z,INTERACTION,,5.0,10.0,0.0,4.0,,experienced1,,treasure_interaction,B
2025-10-20 22:21:15.309Z,LEVEL_COMPLETE,,5.0,10.0,0.0,4.0,,experienced1,,,
2025-10-20 22:21:18.315Z,LEVEL_COMPLETE,,5.0,10.0,0.0,4.0,23.0,experienced1,,,

Level: s351_1
Timestamp,Type,Player Action,Player X,Player Y,NPC X,NPC Y,Steps Remaining,NPC Path Type,NPC Current Path Index,Interaction Type,Interaction Details
2025-10-20 22:23:55.069Z,LEVEL_START,,,,,,,,,,
2025-10-20 22:23:55.070Z,LEVEL_START,,,,,,,,,,
2025-10-20 22:24:11.062Z,AGENT_OBSERVE,,5.0,9.0,5.0,3.0,,experienced1,,,
2025-10-20 22:24:11.940Z,AGENT_OBSERVE,,5.0,9.0,6.0,3.0,,experienced1,,,
2025-10-20 22:24:12.650Z,AGENT_OBSERVE,,5.0,9.0,7.0,3.0,,experienced1,,,
2025-10-20 22:24:13.419Z,AGENT_OBSERVE,,5.0,9.0,8.0,3.0,,experienced1,,,
2025-10-20 22:24:14.026Z,AGENT_OBSERVE,,5.0,9.0,9.0,3.0,,experienced1,,,
2025-10-20 22:24:14.658Z,AGENT_OBSERVE,,5.0,9.0,10.0,3.0,,experienced1,,,
2025-10-20 22:24:15.108Z,AGENT_OBSERVE,,5.0,9.0,10.0,2.0,,experienced1,,,
2025-10-20 22:24:15.625Z,AGENT_OBSERVE,,5.0,9.0,10.0,2.0,,experienced1,,,
2025-10-20 22:24:18.848Z,GAME_ACTION,up,5.0,9.0,10.0,2.0,,experienced1,,,
2025-10-20 22:24:19.361Z,GAME_ACTION,up,5.0,8.0,10.0,2.0,,experienced1,,,
2025-10-20 22:24:19.677Z,GAME_ACTION,up,5.0,7.0,10.0,2.0,,experienced1,,,
2025-10-20 22:24:19.918Z,GAME_ACTION,up,5.0,6.0,10.0,2.0,,experienced1,,,
2025-10-20 22:24:20.090Z,GAME_ACTION,up,5.0,5.0,10.0,2.0,,experienced1,,,
2025-10-20 22:24:20.742Z,GAME_ACTION,up,5.0,4.0,10.0,2.0,,experienced1,,,
2025-10-20 22:24:21.655Z,GAME_ACTION,right,5.0,3.0,10.0,2.0,,experienced1,,,
2025-10-20 22:24:21.907Z,GAME_ACTION,right,6.0,3.0,10.0,2.0,,experienced1,,,
2025-10-20 22:24:22.132Z,GAME_ACTION,right,7.0,3.0,10.0,2.0,,experienced1,,,
2025-10-20 22:24:22.325Z,GAME_ACTION,right,8.0,3.0,10.0,2.0,,experienced1,,,
2025-10-20 22:24:22.523Z,GAME_ACTION,right,9.0,3.0,10.0,2.0,,experienced1,,,
2025-10-20 22:24:23.437Z,GAME_ACTION,up,10.0,3.0,10.0,2.0,,experienced1,,,
2025-10-20 22:24:23.798Z,INTERACTION,,10.0,3.0,10.0,2.0,,experienced1,,wizard_interaction,blueAmulet
2025-10-20 22:24:23.798Z,GAME_ACTION,up,10.0,2.0,10.0,2.0,,experienced1,,,
2025-10-20 22:24:25.045Z,GAME_ACTION,down,10.0,2.0,10.0,2.0,,experienced1,,,
2025-10-20 22:24:25.265Z,GAME_ACTION,down,10.0,3.0,10.0,2.0,,experienced1,,,
2025-10-20 22:24:26.020Z,GAME_ACTION,left,10.0,3.0,10.0,2.0,,experienced1,,,
2025-10-20 22:24:26.282Z,GAME_ACTION,left,9.0,3.0,10.0,2.0,,experienced1,,,
2025-10-20 22:24:26.745Z,GAME_ACTION,left,8.0,3.0,10.0,2.0,,experienced1,,,
2025-10-20 22:24:27.127Z,GAME_ACTION,left,7.0,3.0,10.0,2.0,,experienced1,,,
2025-10-20 22:24:27.479Z,GAME_ACTION,left,6.0,3.0,10.0,2.0,,experienced1,,,
2025-10-20 22:24:28.569Z,GAME_ACTION,down,5.0,3.0,10.0,2.0,,experienced1,,,
2025-10-20 22:24:28.778Z,GAME_ACTION,down,5.0,4.0,10.0,2.0,,experienced1,,,
2025-10-20 22:24:28.934Z,GAME_ACTION,down,5.0,5.0,10.0,2.0,,experienced1,,,
2025-10-20 22:24:29.087Z,GAME_ACTION,down,5.0,6.0,10.0,2.0,,experienced1,,,
2025-10-20 22:24:29.299Z,GAME_ACTION,down,5.0,7.0,10.0,2.0,,experienced1,,,
2025-10-20 22:24:29.691Z,GAME_ACTION,down,5.0,8.0,10.0,2.0,,experienced1,,,
2025-10-20 22:24:30.578Z,GAME_ACTION,right,5.0,9.0,10.0,2.0,,experienced1,,,
2025-10-20 22:24:30.779Z,GAME_ACTION,right,6.0,9.0,10.0,2.0,,experienced1,,,
2025-10-20 22:24:30.955Z,GAME_ACTION,right,7.0,9.0,10.0,2.0,,experienced1,,,
2025-10-20 22:24:31.611Z,GAME_ACTION,right,8.0,9.0,10.0,2.0,,experienced1,,,
2025-10-20 22:24:32.178Z,GAME_ACTION,right,9.0,9.0,10.0,2.0,,experienced1,,,
2025-10-20 22:24:32.178Z,INTERACTION,,9.0,9.0,10.0,2.0,,experienced1,,treasure_interaction,C
2025-10-20 22:24:32.178Z,LEVEL_COMPLETE,,9.0,9.0,10.0,2.0,,experienced1,,,
2025-10-20 22:24:35.181Z,LEVEL_COMPLETE,,9.0,9.0,10.0,2.0,19.0,experienced1,,,

Level: s361_1
Timestamp,Type,Player Action,Player X,Player Y,NPC X,NPC Y,Steps Remaining,NPC Path Type,NPC Current Path Index,Interaction Type,Interaction Details
2025-10-20 22:21:18.471Z,LEVEL_START,,,,,,,,,,
2025-10-20 22:21:18.482Z,LEVEL_START,,,,,,,,,,
2025-10-20 22:21:34.822Z,AGENT_OBSERVE,,4.0,7.0,4.0,4.0,,experienced1,,,
2025-10-20 22:21:35.414Z,AGENT_OBSERVE,,4.0,7.0,4.0,3.0,,experienced1,,,
2025-10-20 22:21:35.813Z,AGENT_OBSERVE,,4.0,7.0,5.0,3.0,,experienced1,,,
2025-10-20 22:21:36.343Z,AGENT_OBSERVE,,4.0,7.0,6.0,3.0,,experienced1,,,
2025-10-20 22:21:36.945Z,AGENT_OBSERVE,,4.0,7.0,7.0,3.0,,experienced1,,,
2025-10-20 22:21:37.464Z,AGENT_OBSERVE,,4.0,7.0,8.0,3.0,,experienced1,,,
2025-10-20 22:21:38.018Z,AGENT_OBSERVE,,4.0,7.0,9.0,3.0,,experienced1,,,
2025-10-20 22:21:38.597Z,AGENT_OBSERVE,,4.0,7.0,10.0,3.0,,experienced1,,,
2025-10-20 22:21:39.197Z,AGENT_OBSERVE,,4.0,7.0,10.0,2.0,,experienced1,,,
2025-10-20 22:21:39.743Z,AGENT_OBSERVE,,4.0,7.0,10.0,1.0,,experienced1,,,
2025-10-20 22:21:40.230Z,AGENT_OBSERVE,,4.0,7.0,10.0,1.0,,experienced1,,,
2025-10-20 22:21:42.426Z,GAME_ACTION,up,4.0,7.0,10.0,1.0,,experienced1,,,
2025-10-20 22:21:42.868Z,GAME_ACTION,up,4.0,6.0,10.0,1.0,,experienced1,,,
2025-10-20 22:21:43.255Z,GAME_ACTION,up,4.0,5.0,10.0,1.0,,experienced1,,,
2025-10-20 22:21:43.622Z,GAME_ACTION,up,4.0,4.0,10.0,1.0,,experienced1,,,
2025-10-20 22:21:44.306Z,GAME_ACTION,right,4.0,3.0,10.0,1.0,,experienced1,,,
2025-10-20 22:21:44.768Z,GAME_ACTION,right,5.0,3.0,10.0,1.0,,experienced1,,,
2025-10-20 22:21:45.284Z,GAME_ACTION,right,6.0,3.0,10.0,1.0,,experienced1,,,
2025-10-20 22:21:45.775Z,GAME_ACTION,right,7.0,3.0,10.0,1.0,,experienced1,,,
2025-10-20 22:21:46.251Z,GAME_ACTION,right,8.0,3.0,10.0,1.0,,experienced1,,,
2025-10-20 22:21:46.575Z,GAME_ACTION,right,9.0,3.0,10.0,1.0,,experienced1,,,
2025-10-20 22:21:47.219Z,GAME_ACTION,up,10.0,3.0,10.0,1.0,,experienced1,,,
2025-10-20 22:21:47.592Z,GAME_ACTION,up,10.0,2.0,10.0,1.0,,experienced1,,,
2025-10-20 22:21:48.122Z,INTERACTION,,10.0,2.0,10.0,1.0,,experienced1,,wizard_interaction,blueAmulet
2025-10-20 22:21:48.122Z,GAME_ACTION,up,10.0,1.0,10.0,1.0,,experienced1,,,
2025-10-20 22:21:49.418Z,GAME_ACTION,down,10.0,1.0,10.0,1.0,,experienced1,,,
2025-10-20 22:21:49.814Z,GAME_ACTION,down,10.0,2.0,10.0,1.0,,experienced1,,,
2025-10-20 22:21:50.676Z,GAME_ACTION,left,10.0,3.0,10.0,1.0,,experienced1,,,
2025-10-20 22:21:51.092Z,GAME_ACTION,left,9.0,3.0,10.0,1.0,,experienced1,,,
2025-10-20 22:21:51.513Z,GAME_ACTION,left,8.0,3.0,10.0,1.0,,experienced1,,,
2025-10-20 22:21:51.974Z,GAME_ACTION,left,7.0,3.0,10.0,1.0,,experienced1,,,
2025-10-20 22:21:52.392Z,GAME_ACTION,left,6.0,3.0,10.0,1.0,,experienced1,,,
2025-10-20 22:21:52.750Z,GAME_ACTION,left,5.0,3.0,10.0,1.0,,experienced1,,,
2025-10-20 22:21:53.860Z,GAME_ACTION,down,4.0,3.0,10.0,1.0,,experienced1,,,
2025-10-20 22:21:54.271Z,GAME_ACTION,down,4.0,4.0,10.0,1.0,,experienced1,,,
2025-10-20 22:21:54.688Z,GAME_ACTION,down,4.0,5.0,10.0,1.0,,experienced1,,,
2025-10-20 22:21:55.151Z,GAME_ACTION,down,4.0,6.0,10.0,1.0,,experienced1,,,
2025-10-20 22:21:55.650Z,GAME_ACTION,down,4.0,7.0,10.0,1.0,,experienced1,,,
2025-10-20 22:21:55.996Z,GAME_ACTION,down,4.0,8.0,10.0,1.0,,experienced1,,,
2025-10-20 22:21:56.930Z,GAME_ACTION,right,4.0,9.0,10.0,1.0,,experienced1,,,
2025-10-20 22:21:57.322Z,GAME_ACTION,right,5.0,9.0,10.0,1.0,,experienced1,,,
2025-10-20 22:21:57.682Z,GAME_ACTION,right,6.0,9.0,10.0,1.0,,experienced1,,,
2025-10-20 22:21:58.447Z,GAME_ACTION,down,7.0,9.0,10.0,1.0,,experienced1,,,
2025-10-20 22:21:59.749Z,GAME_ACTION,down,7.0,10.0,10.0,1.0,,experienced1,,,
2025-10-20 22:22:00.842Z,GAME_ACTION,right,7.0,11.0,10.0,1.0,,experienced1,,,
2025-10-20 22:22:01.393Z,GAME_ACTION,right,8.0,11.0,10.0,1.0,,experienced1,,,
2025-10-20 22:22:01.659Z,GAME_ACTION,right,9.0,11.0,10.0,1.0,,experienced1,,,
2025-10-20 22:22:01.659Z,INTERACTION,,9.0,11.0,10.0,1.0,,experienced1,,treasure_interaction,C
2025-10-20 22:22:01.659Z,LEVEL_COMPLETE,,9.0,11.0,10.0,1.0,,experienced1,,,
2025-10-20 22:22:04.664Z,LEVEL_COMPLETE,,9.0,11.0,10.0,1.0,16.0,experienced1,,,

Level: s371_1
Timestamp,Type,Player Action,Player X,Player Y,NPC X,NPC Y,Steps Remaining,NPC Path Type,NPC Current Path Index,Interaction Type,Interaction Details
2025-10-20 22:25:56.918Z,LEVEL_START,,,,,,,,,,
2025-10-20 22:25:56.929Z,LEVEL_START,,,,,,,,,,
2025-10-20 22:26:12.878Z,GAME_ACTION,down,0.0,3.0,,,,,,,
2025-10-20 22:26:13.768Z,GAME_ACTION,down,0.0,4.0,,,,,,,
2025-10-20 22:26:13.769Z,INTERACTION,,0.0,4.0,,,,,,wizard_interaction,blueAmulet
2025-10-20 22:26:15.523Z,GAME_ACTION,up,0.0,4.0,,,,,,,
2025-10-20 22:26:16.468Z,GAME_ACTION,right,0.0,3.0,,,,,,,
2025-10-20 22:26:16.640Z,GAME_ACTION,right,1.0,3.0,,,,,,,
2025-10-20 22:26:16.802Z,GAME_ACTION,right,2.0,3.0,,,,,,,
2025-10-20 22:26:16.948Z,GAME_ACTION,right,3.0,3.0,,,,,,,
2025-10-20 22:26:17.109Z,GAME_ACTION,right,4.0,3.0,,,,,,,
2025-10-20 22:26:17.255Z,GAME_ACTION,right,5.0,3.0,,,,,,,
2025-10-20 22:26:17.396Z,GAME_ACTION,right,6.0,3.0,,,,,,,
2025-10-20 22:26:17.561Z,GAME_ACTION,right,7.0,3.0,,,,,,,
2025-10-20 22:26:17.681Z,GAME_ACTION,right,8.0,3.0,,,,,,,
2025-10-20 22:26:18.479Z,GAME_ACTION,up,9.0,3.0,,,,,,,
2025-10-20 22:26:18.648Z,GAME_ACTION,up,9.0,2.0,,,,,,,
2025-10-20 22:26:18.784Z,GAME_ACTION,up,9.0,1.0,,,,,,,
2025-10-20 22:26:18.785Z,INTERACTION,,9.0,1.0,,,,,,treasure_interaction,A
2025-10-20 22:26:18.785Z,LEVEL_COMPLETE,,9.0,1.0,,,,,,,
2025-10-20 22:26:21.791Z,LEVEL_COMPLETE,,9.0,1.0,,,27.0,experienced1,,,

Level: s411_2
Timestamp,Type,Player Action,Player X,Player Y,NPC X,NPC Y,Steps Remaining,NPC Path Type,NPC Current Path Index,Interaction Type,Interaction Details
2025-10-20 22:19:35.317Z,LEVEL_START,,,,,,,,,,
2025-10-20 22:19:35.318Z,LEVEL_START,,,,,,,,,,
2025-10-20 22:19:53.152Z,AGENT_OBSERVE,,2.0,7.0,1.0,5.0,,experienced2,,,
2025-10-20 22:20:04.046Z,GAME_ACTION,up,2.0,7.0,1.0,5.0,,experienced2,,,
2025-10-20 22:20:05.018Z,GAME_ACTION,up,2.0,6.0,1.0,5.0,,experienced2,,,
2025-10-20 22:20:05.827Z,GAME_ACTION,up,2.0,5.0,1.0,5.0,,experienced2,,,
2025-10-20 22:20:06.420Z,GAME_ACTION,up,2.0,4.0,1.0,5.0,,experienced2,,,
2025-10-20 22:20:10.338Z,GAME_ACTION,right,2.0,3.0,1.0,5.0,,experienced2,,,
2025-10-20 22:20:10.853Z,GAME_ACTION,right,3.0,3.0,1.0,5.0,,experienced2,,,
2025-10-20 22:20:11.651Z,GAME_ACTION,right,4.0,3.0,1.0,5.0,,experienced2,,,
2025-10-20 22:20:12.295Z,GAME_ACTION,right,5.0,3.0,1.0,5.0,,experienced2,,,
2025-10-20 22:20:12.977Z,GAME_ACTION,right,6.0,3.0,1.0,5.0,,experienced2,,,
2025-10-20 22:20:13.405Z,GAME_ACTION,right,7.0,3.0,1.0,5.0,,experienced2,,,
2025-10-20 22:20:13.934Z,GAME_ACTION,right,8.0,3.0,1.0,5.0,,experienced2,,,
2025-10-20 22:20:14.376Z,GAME_ACTION,right,9.0,3.0,1.0,5.0,,experienced2,,,
2025-10-20 22:20:15.304Z,GAME_ACTION,up,10.0,3.0,1.0,5.0,,experienced2,,,
2025-10-20 22:20:15.751Z,GAME_ACTION,up,10.0,2.0,1.0,5.0,,experienced2,,,
2025-10-20 22:20:16.109Z,GAME_ACTION,up,10.0,1.0,1.0,5.0,,experienced2,,,
2025-10-20 22:20:16.109Z,INTERACTION,,10.0,1.0,1.0,5.0,,experienced2,,wizard_interaction,blueAmulet
2025-10-20 22:20:17.856Z,GAME_ACTION,down,10.0,1.0,1.0,5.0,,experienced2,,,
2025-10-20 22:20:18.313Z,GAME_ACTION,down,10.0,2.0,1.0,5.0,,experienced2,,,
2025-10-20 22:20:19.230Z,GAME_ACTION,left,10.0,3.0,1.0,5.0,,experienced2,,,
2025-10-20 22:20:19.714Z,GAME_ACTION,left,9.0,3.0,1.0,5.0,,experienced2,,,
2025-10-20 22:20:20.235Z,GAME_ACTION,left,8.0,3.0,1.0,5.0,,experienced2,,,
2025-10-20 22:20:20.663Z,GAME_ACTION,left,7.0,3.0,1.0,5.0,,experienced2,,,
2025-10-20 22:20:21.173Z,GAME_ACTION,left,6.0,3.0,1.0,5.0,,experienced2,,,
2025-10-20 22:20:21.578Z,GAME_ACTION,left,5.0,3.0,1.0,5.0,,experienced2,,,
2025-10-20 22:20:21.988Z,GAME_ACTION,left,4.0,3.0,1.0,5.0,,experienced2,,,
2025-10-20 22:20:22.404Z,GAME_ACTION,left,3.0,3.0,1.0,5.0,,experienced2,,,
2025-10-20 22:20:23.691Z,GAME_ACTION,down,2.0,3.0,1.0,5.0,,experienced2,,,
2025-10-20 22:20:24.149Z,GAME_ACTION,down,2.0,4.0,1.0,5.0,,experienced2,,,
2025-10-20 22:20:24.651Z,GAME_ACTION,down,2.0,5.0,1.0,5.0,,experienced2,,,
2025-10-20 22:20:25.063Z,GAME_ACTION,down,2.0,6.0,1.0,5.0,,experienced2,,,
2025-10-20 22:20:25.455Z,GAME_ACTION,down,2.0,7.0,1.0,5.0,,experienced2,,,
2025-10-20 22:20:25.984Z,GAME_ACTION,down,2.0,8.0,1.0,5.0,,experienced2,,,
2025-10-20 22:20:26.838Z,GAME_ACTION,left,2.0,9.0,1.0,5.0,,experienced2,,,
2025-10-20 22:20:27.377Z,GAME_ACTION,left,1.0,9.0,1.0,5.0,,experienced2,,,
2025-10-20 22:20:28.435Z,GAME_ACTION,down,0.0,9.0,1.0,5.0,,experienced2,,,
2025-10-20 22:20:30.400Z,GAME_ACTION,down,0.0,10.0,1.0,5.0,,experienced2,,,
2025-10-20 22:20:30.400Z,INTERACTION,,0.0,10.0,1.0,5.0,,experienced2,,treasure_interaction,B
2025-10-20 22:20:30.400Z,LEVEL_COMPLETE,,0.0,10.0,1.0,5.0,,experienced2,,,
2025-10-20 22:20:33.406Z,LEVEL_COMPLETE,,0.0,10.0,1.0,5.0,26.0,experienced2,,,

Level: s431_2
Timestamp,Type,Player Action,Player X,Player Y,NPC X,NPC Y,Steps Remaining,NPC Path Type,NPC Current Path Index,Interaction Type,Interaction Details
2025-10-20 22:22:04.821Z,LEVEL_START,,,,,,,,,,
2025-10-20 22:22:04.822Z,LEVEL_START,,,,,,,,,,
2025-10-20 22:22:20.179Z,AGENT_OBSERVE,,5.0,9.0,3.0,5.0,,experienced2,,,
2025-10-20 22:22:22.138Z,AGENT_OBSERVE,,5.0,9.0,3.0,6.0,,experienced2,,,
2025-10-20 22:22:40.536Z,GAME_ACTION,left,5.0,9.0,3.0,6.0,,experienced2,,,
2025-10-20 22:22:41.023Z,GAME_ACTION,left,4.0,9.0,3.0,6.0,,experienced2,,,
2025-10-20 22:22:41.962Z,GAME_ACTION,up,3.0,9.0,3.0,6.0,,experienced2,,,
2025-10-20 22:22:42.358Z,GAME_ACTION,up,3.0,8.0,3.0,6.0,,experienced2,,,
2025-10-20 22:22:42.788Z,GAME_ACTION,up,3.0,7.0,3.0,6.0,,experienced2,,,
2025-10-20 22:22:43.122Z,GAME_ACTION,up,3.0,6.0,3.0,6.0,,experienced2,,,
2025-10-20 22:22:43.985Z,GAME_ACTION,left,3.0,5.0,3.0,6.0,,experienced2,,,
2025-10-20 22:22:44.216Z,GAME_ACTION,left,2.0,5.0,3.0,6.0,,experienced2,,,
2025-10-20 22:22:44.711Z,GAME_ACTION,left,1.0,5.0,3.0,6.0,,experienced2,,,
2025-10-20 22:22:45.255Z,GAME_ACTION,up,0.0,5.0,3.0,6.0,,experienced2,,,
2025-10-20 22:22:45.609Z,GAME_ACTION,up,0.0,4.0,3.0,6.0,,experienced2,,,
2025-10-20 22:22:46.563Z,GAME_ACTION,right,0.0,3.0,3.0,6.0,,experienced2,,,
2025-10-20 22:22:46.955Z,GAME_ACTION,right,1.0,3.0,3.0,6.0,,experienced2,,,
2025-10-20 22:22:47.392Z,GAME_ACTION,right,2.0,3.0,3.0,6.0,,experienced2,,,
2025-10-20 22:22:47.733Z,GAME_ACTION,right,3.0,3.0,3.0,6.0,,experienced2,,,
2025-10-20 22:22:48.672Z,GAME_ACTION,up,4.0,3.0,3.0,6.0,,experienced2,,,
2025-10-20 22:22:49.034Z,GAME_ACTION,up,4.0,2.0,3.0,6.0,,experienced2,,,
2025-10-20 22:22:49.346Z,GAME_ACTION,up,4.0,1.0,3.0,6.0,,experienced2,,,
2025-10-20 22:22:49.347Z,INTERACTION,,4.0,1.0,3.0,6.0,,experienced2,,wizard_interaction,blueAmulet
2025-10-20 22:22:51.134Z,GAME_ACTION,down,4.0,1.0,3.0,6.0,,experienced2,,,
2025-10-20 22:22:51.665Z,GAME_ACTION,down,4.0,2.0,3.0,6.0,,experienced2,,,
2025-10-20 22:22:52.681Z,GAME_ACTION,left,4.0,3.0,3.0,6.0,,experienced2,,,
2025-10-20 22:22:52.885Z,GAME_ACTION,left,3.0,3.0,3.0,6.0,,experienced2,,,
2025-10-20 22:22:53.105Z,GAME_ACTION,left,2.0,3.0,3.0,6.0,,experienced2,,,
2025-10-20 22:22:53.293Z,GAME_ACTION,left,1.0,3.0,3.0,6.0,,experienced2,,,
2025-10-20 22:22:54.337Z,GAME_ACTION,down,0.0,3.0,3.0,6.0,,experienced2,,,
2025-10-20 22:22:54.535Z,GAME_ACTION,down,0.0,4.0,3.0,6.0,,experienced2,,,
2025-10-20 22:22:55.269Z,GAME_ACTION,right,0.0,5.0,3.0,6.0,,experienced2,,,
2025-10-20 22:22:55.463Z,GAME_ACTION,right,1.0,5.0,3.0,6.0,,experienced2,,,
2025-10-20 22:22:55.737Z,GAME_ACTION,right,2.0,5.0,3.0,6.0,,experienced2,,,
2025-10-20 22:22:56.558Z,GAME_ACTION,down,3.0,5.0,3.0,6.0,,experienced2,,,
2025-10-20 22:22:56.783Z,GAME_ACTION,down,3.0,6.0,3.0,6.0,,experienced2,,,
2025-10-20 22:22:56.968Z,GAME_ACTION,down,3.0,7.0,3.0,6.0,,experienced2,,,
2025-10-20 22:22:57.128Z,GAME_ACTION,down,3.0,8.0,3.0,6.0,,experienced2,,,
2025-10-20 22:22:58.325Z,GAME_ACTION,left,3.0,9.0,3.0,6.0,,experienced2,,,
2025-10-20 22:22:58.536Z,GAME_ACTION,left,2.0,9.0,3.0,6.0,,experienced2,,,
2025-10-20 22:22:58.937Z,GAME_ACTION,left,1.0,9.0,3.0,6.0,,experienced2,,,
2025-10-20 22:23:00.392Z,GAME_ACTION,down,0.0,9.0,3.0,6.0,,experienced2,,,
2025-10-20 22:23:00.749Z,GAME_ACTION,down,0.0,10.0,3.0,6.0,,experienced2,,,
2025-10-20 22:23:00.749Z,INTERACTION,,0.0,10.0,3.0,6.0,,experienced2,,treasure_interaction,B
2025-10-20 22:23:00.749Z,LEVEL_COMPLETE,,0.0,10.0,3.0,6.0,,experienced2,,,
2025-10-20 22:23:03.754Z,LEVEL_COMPLETE,,0.0,10.0,3.0,6.0,26.0,experienced2,,,

Level: s441_1
Timestamp,Type,Player Action,Player X,Player Y,NPC X,NPC Y,Steps Remaining,NPC Path Type,NPC Current Path Index,Interaction Type,Interaction Details
2025-10-20 22:26:21.945Z,LEVEL_START,,,,,,,,,,
2025-10-20 22:26:21.953Z,LEVEL_START,,,,,,,,,,
2025-10-20 22:26:46.435Z,GAME_ACTION,down,4.0,3.0,,,,,,,
2025-10-20 22:26:46.656Z,GAME_ACTION,down,4.0,4.0,,,,,,,
2025-10-20 22:26:47.127Z,GAME_ACTION,down,4.0,5.0,,,,,,,
2025-10-20 22:26:48.707Z,GAME_ACTION,left,4.0,6.0,,,,,,,
2025-10-20 22:26:48.898Z,GAME_ACTION,left,3.0,6.0,,,,,,,
2025-10-20 22:26:49.047Z,GAME_ACTION,left,2.0,6.0,,,,,,,
2025-10-20 22:26:49.371Z,INTERACTION,,2.0,6.0,,,,,,wizard_interaction,
2025-10-20 22:26:49.371Z,GAME_ACTION,left,1.0,6.0,,,,,,,
2025-10-20 22:26:50.574Z,GAME_ACTION,right,1.0,6.0,,,,,,,
2025-10-20 22:26:50.776Z,GAME_ACTION,right,2.0,6.0,,,,,,,
2025-10-20 22:26:51.239Z,GAME_ACTION,right,3.0,6.0,,,,,,,
2025-10-20 22:26:52.014Z,GAME_ACTION,down,4.0,6.0,,,,,,,
2025-10-20 22:26:52.231Z,GAME_ACTION,down,4.0,7.0,,,,,,,
2025-10-20 22:26:52.769Z,GAME_ACTION,down,4.0,8.0,,,,,,,
2025-10-20 22:26:54.135Z,GAME_ACTION,down,4.0,9.0,,,,,,,
2025-10-20 22:26:54.414Z,GAME_ACTION,down,4.0,10.0,,,,,,,
2025-10-20 22:26:54.415Z,INTERACTION,,4.0,10.0,,,,,,wizard_interaction,
2025-10-20 22:26:56.093Z,GAME_ACTION,up,4.0,10.0,,,,,,,
2025-10-20 22:26:58.111Z,GAME_ACTION,left,4.0,9.0,,,,,,,
2025-10-20 22:26:58.301Z,GAME_ACTION,left,3.0,9.0,,,,,,,
2025-10-20 22:26:58.451Z,GAME_ACTION,left,2.0,9.0,,,,,,,
2025-10-20 22:26:59.472Z,GAME_ACTION,down,1.0,9.0,,,,,,,
2025-10-20 22:26:59.668Z,GAME_ACTION,down,1.0,10.0,,,,,,,
2025-10-20 22:26:59.668Z,INTERACTION,,1.0,10.0,,,,,,wizard_interaction,blueAmulet
2025-10-20 22:26:59.856Z,GAME_ACTION,down,1.0,10.0,,,,,,,
2025-10-20 22:27:02.209Z,GAME_ACTION,up,1.0,10.0,,,,,,,
2025-10-20 22:27:03.307Z,GAME_ACTION,right,1.0,9.0,,,,,,,
2025-10-20 22:27:03.701Z,GAME_ACTION,right,2.0,9.0,,,,,,,
2025-10-20 22:27:04.085Z,GAME_ACTION,right,3.0,9.0,,,,,,,
2025-10-20 22:27:04.451Z,GAME_ACTION,right,4.0,9.0,,,,,,,
2025-10-20 22:27:04.851Z,GAME_ACTION,right,5.0,9.0,,,,,,,
2025-10-20 22:27:05.313Z,GAME_ACTION,right,6.0,9.0,,,,,,,
2025-10-20 22:27:05.776Z,GAME_ACTION,right,7.0,9.0,,,,,,,
2025-10-20 22:27:06.228Z,GAME_ACTION,right,8.0,9.0,,,,,,,
2025-10-20 22:27:07.106Z,GAME_ACTION,down,9.0,9.0,,,,,,,
2025-10-20 22:27:07.315Z,GAME_ACTION,down,9.0,10.0,,,,,,,
2025-10-20 22:27:07.315Z,INTERACTION,,9.0,10.0,,,,,,treasure_interaction,C
2025-10-20 22:27:07.315Z,LEVEL_COMPLETE,,9.0,10.0,,,,,,,
2025-10-20 22:27:10.320Z,LEVEL_COMPLETE,,9.0,10.0,,,-3.0,experienced1,,,

Level: s531_2
Timestamp,Type,Player Action,Player X,Player Y,NPC X,NPC Y,Steps Remaining,NPC Path Type,NPC Current Path Index,Interaction Type,Interaction Details
2025-10-20 22:23:03.911Z,LEVEL_START,,,,,,,,,,
2025-10-20 22:23:03.912Z,LEVEL_START,,,,,,,,,,
2025-10-20 22:23:19.918Z,AGENT_OBSERVE,,5.0,8.0,4.0,6.0,,experienced2,,,
2025-10-20 22:23:28.920Z,AGENT_OBSERVE,,5.0,8.0,4.0,7.0,,experienced2,,,
2025-10-20 22:23:29.327Z,AGENT_OBSERVE,,5.0,8.0,4.0,8.0,,experienced2,,,
2025-10-20 22:23:29.643Z,AGENT_OBSERVE,,5.0,8.0,3.0,8.0,,experienced2,,,
2025-10-20 22:23:31.286Z,GAME_ACTION,left,5.0,8.0,3.0,8.0,,experienced2,,,
2025-10-20 22:23:32.362Z,GAME_ACTION,up,4.0,8.0,3.0,8.0,,experienced2,,,
2025-10-20 22:23:32.752Z,GAME_ACTION,up,4.0,7.0,3.0,8.0,,experienced2,,,
2025-10-20 22:23:33.166Z,GAME_ACTION,up,4.0,6.0,3.0,8.0,,experienced2,,,
2025-10-20 22:23:34.427Z,GAME_ACTION,up,4.0,4.0,3.0,8.0,,experienced2,,,
2025-10-20 22:23:35.549Z,GAME_ACTION,right,4.0,3.0,3.0,8.0,,experienced2,,,
2025-10-20 22:23:35.966Z,GAME_ACTION,right,5.0,3.0,3.0,8.0,,experienced2,,,
2025-10-20 22:23:36.377Z,GAME_ACTION,right,6.0,3.0,3.0,8.0,,experienced2,,,
2025-10-20 22:23:36.604Z,GAME_ACTION,right,7.0,3.0,3.0,8.0,,experienced2,,,
2025-10-20 22:23:37.071Z,GAME_ACTION,right,8.0,3.0,3.0,8.0,,experienced2,,,
2025-10-20 22:23:37.535Z,GAME_ACTION,right,9.0,3.0,3.0,8.0,,experienced2,,,
2025-10-20 22:23:37.535Z,INTERACTION,,9.0,3.0,3.0,8.0,,experienced2,,wizard_interaction,
2025-10-20 22:23:39.878Z,GAME_ACTION,left,9.0,3.0,3.0,8.0,,experienced2,,,
2025-10-20 22:23:40.316Z,GAME_ACTION,left,8.0,3.0,3.0,8.0,,experienced2,,,
2025-10-20 22:23:40.664Z,GAME_ACTION,left,7.0,3.0,3.0,8.0,,experienced2,,,
2025-10-20 22:23:41.572Z,GAME_ACTION,up,6.0,3.0,3.0,8.0,,experienced2,,,
2025-10-20 22:23:41.969Z,GAME_ACTION,up,6.0,2.0,3.0,8.0,,experienced2,,,
2025-10-20 22:23:42.311Z,GAME_ACTION,up,6.0,1.0,3.0,8.0,,experienced2,,,
2025-10-20 22:23:42.311Z,INTERACTION,,6.0,1.0,3.0,8.0,,experienced2,,wizard_interaction,blueAmulet
2025-10-20 22:23:43.997Z,GAME_ACTION,down,6.0,1.0,3.0,8.0,,experienced2,,,
2025-10-20 22:23:44.221Z,GAME_ACTION,down,6.0,2.0,3.0,8.0,,experienced2,,,
2025-10-20 22:23:45.082Z,GAME_ACTION,left,6.0,3.0,3.0,8.0,,experienced2,,,
2025-10-20 22:23:45.328Z,GAME_ACTION,left,5.0,3.0,3.0,8.0,,experienced2,,,
2025-10-20 22:23:46.446Z,GAME_ACTION,down,4.0,3.0,3.0,8.0,,experienced2,,,
2025-10-20 22:23:46.817Z,GAME_ACTION,down,4.0,4.0,3.0,8.0,,experienced2,,,
2025-10-20 22:23:47.256Z,GAME_ACTION,down,4.0,5.0,3.0,8.0,,experienced2,,,
2025-10-20 22:23:47.687Z,GAME_ACTION,down,4.0,6.0,3.0,8.0,,experienced2,,,
2025-10-20 22:23:47.998Z,GAME_ACTION,down,4.0,7.0,3.0,8.0,,experienced2,,,
2025-10-20 22:23:49.819Z,GAME_ACTION,right,4.0,8.0,3.0,8.0,,experienced2,,,
2025-10-20 22:23:50.228Z,GAME_ACTION,right,5.0,8.0,3.0,8.0,,experienced2,,,
2025-10-20 22:23:50.752Z,GAME_ACTION,right,6.0,8.0,3.0,8.0,,experienced2,,,
2025-10-20 22:23:51.277Z,GAME_ACTION,right,7.0,8.0,3.0,8.0,,experienced2,,,
2025-10-20 22:23:51.907Z,GAME_ACTION,right,8.0,8.0,3.0,8.0,,experienced2,,,
2025-10-20 22:23:51.907Z,INTERACTION,,8.0,8.0,3.0,8.0,,experienced2,,treasure_interaction,B
2025-10-20 22:23:51.907Z,LEVEL_COMPLETE,,8.0,8.0,3.0,8.0,,experienced2,,,
2025-10-20 22:23:54.913Z,LEVEL_COMPLETE,,8.0,8.0,3.0,8.0,0.0,experienced2,,,

Level: s544_1
Timestamp,Type,Player Action,Player X,Player Y,NPC X,NPC Y,Steps Remaining,NPC Path Type,NPC Current Path Index,Interaction Type,Interaction Details
2025-10-20 22:25:15.996Z,LEVEL_START,,,,,,,,,,
2025-10-20 22:25:16.001Z,LEVEL_START,,,,,,,,,,
2025-10-20 22:25:33.040Z,AGENT_OBSERVE,,5.0,1.0,1.0,9.0,,experienced1,,,
2025-10-20 22:25:36.267Z,AGENT_OBSERVE,,5.0,1.0,2.0,9.0,,experienced1,,,
2025-10-20 22:25:36.710Z,AGENT_OBSERVE,,5.0,1.0,3.0,9.0,,experienced1,,,
2025-10-20 22:25:37.018Z,AGENT_OBSERVE,,5.0,1.0,4.0,9.0,,experienced1,,,
2025-10-20 22:25:37.277Z,AGENT_OBSERVE,,5.0,1.0,5.0,9.0,,experienced1,,,
2025-10-20 22:25:37.799Z,AGENT_OBSERVE,,5.0,1.0,5.0,8.0,,experienced1,,,
2025-10-20 22:25:38.522Z,AGENT_OBSERVE,,5.0,1.0,5.0,7.0,,experienced1,,,
2025-10-20 22:25:38.742Z,AGENT_OBSERVE,,5.0,1.0,5.0,6.0,,experienced1,,,
2025-10-20 22:25:38.945Z,AGENT_OBSERVE,,5.0,1.0,5.0,5.0,,experienced1,,,
2025-10-20 22:25:39.385Z,AGENT_OBSERVE,,5.0,1.0,5.0,4.0,,experienced1,,,
2025-10-20 22:25:40.410Z,AGENT_OBSERVE,,5.0,1.0,5.0,3.0,,experienced1,,,
2025-10-20 22:25:40.630Z,AGENT_OBSERVE,,5.0,1.0,5.0,2.0,,experienced1,,,
2025-10-20 22:25:41.153Z,AGENT_OBSERVE,,5.0,1.0,5.0,1.0,,experienced1,,,
2025-10-20 22:25:45.564Z,GAME_ACTION,left,5.0,1.0,5.0,1.0,,experienced1,,,
2025-10-20 22:25:46.343Z,GAME_ACTION,up,4.0,1.0,5.0,1.0,,experienced1,,,
2025-10-20 22:25:46.343Z,INTERACTION,,4.0,1.0,5.0,1.0,,experienced1,,wizard_interaction,blueAmulet
2025-10-20 22:25:49.195Z,GAME_ACTION,down,4.0,1.0,5.0,1.0,,experienced1,,,
2025-10-20 22:25:50.031Z,GAME_ACTION,right,4.0,2.0,5.0,1.0,,experienced1,,,
2025-10-20 22:25:50.790Z,GAME_ACTION,down,5.0,2.0,5.0,1.0,,experienced1,,,
2025-10-20 22:25:51.002Z,GAME_ACTION,down,5.0,3.0,5.0,1.0,,experienced1,,,
2025-10-20 22:25:51.447Z,GAME_ACTION,down,5.0,4.0,5.0,1.0,,experienced1,,,
2025-10-20 22:25:52.354Z,GAME_ACTION,left,5.0,5.0,5.0,1.0,,experienced1,,,
2025-10-20 22:25:52.587Z,GAME_ACTION,left,4.0,5.0,5.0,1.0,,experienced1,,,
2025-10-20 22:25:52.960Z,GAME_ACTION,left,3.0,5.0,5.0,1.0,,experienced1,,,
2025-10-20 22:25:53.556Z,GAME_ACTION,left,2.0,5.0,5.0,1.0,,experienced1,,,
2025-10-20 22:25:53.758Z,GAME_ACTION,left,1.0,5.0,5.0,1.0,,experienced1,,,
2025-10-20 22:25:53.758Z,INTERACTION,,1.0,5.0,5.0,1.0,,experienced1,,treasure_interaction,A
2025-10-20 22:25:53.758Z,LEVEL_COMPLETE,,1.0,5.0,5.0,1.0,,experienced1,,,
2025-10-20 22:25:56.763Z,LEVEL_COMPLETE,,1.0,5.0,5.0,1.0,18.0,experienced1,,,

