Session ID,u1770057483603
Completed At,2026-02-02 18:59:40.390Z
Created At,2026-02-02 18:38:03.603Z

User Data
prolificId,5c416ce07f81e900012b552c
age,41
gender,male
timestamp,1770058779983

Comprehension Check
Passed,TRUE

Level: comprehension_check
Timestamp,Type,Player Action,Player X,Player Y,Observed Agent ID,NPC 1 X,NPC 1 Y,NPC 2 X,NPC 2 Y,Steps Remaining,NPC 1 Path Type,NPC 1 Path Index,NPC 2 Path Type,NPC 2 Path Index,Interaction Type,Interaction Details
2026-02-02 18:45:09.556Z,INTERACTION,,,,,,,,,,,,,,comprehension_check,passed

Level: experiment
Timestamp,Type,Player Action,Player X,Player Y,Observed Agent ID,NPC 1 X,NPC 1 Y,NPC 2 X,NPC 2 Y,Steps Remaining,NPC 1 Path Type,NPC 1 Path Index,NPC 2 Path Type,NPC 2 Path Index,Interaction Type,Interaction Details
2026-02-02 18:59:23.582Z,EXPERIMENT_COMPLETE,,,,,,,,,,,,,,,

Level: s111_1
Timestamp,Type,Player Action,Player X,Player Y,Observed Agent ID,NPC 1 X,NPC 1 Y,NPC 2 X,NPC 2 Y,Steps Remaining,NPC 1 Path Type,NPC 1 Path Index,NPC 2 Path Type,NPC 2 Path Index,Interaction Type,Interaction Details
2026-02-02 18:38:03.791Z,LEVEL_START,,,,,,,,,,,,,,,

Level: sm111_1
Timestamp,Type,Player Action,Player X,Player Y,Observed Agent ID,NPC 1 X,NPC 1 Y,NPC 2 X,NPC 2 Y,Steps Remaining,NPC 1 Path Type,NPC 1 Path Index,NPC 2 Path Type,NPC 2 Path Index,Interaction Type,Interaction Details
2026-02-02 18:38:03.891Z,LEVEL_START,,,,,,,,,,,,,,,
2026-02-02 18:45:49.042Z,AGENT_OBSERVE,,5.0,6.0,3.0,1.0,2.0,,,,experienced1,,,,,
2026-02-02 18:45:51.776Z,AGENT_OBSERVE,,5.0,6.0,3.0,1.0,2.0,,,,experienced1,,,,,
2026-02-02 18:45:54.111Z,AGENT_OBSERVE,,5.0,6.0,3.0,2.0,2.0,,,,experienced1,,,,,
2026-02-02 18:45:55.095Z,AGENT_OBSERVE,,5.0,6.0,3.0,3.0,2.0,,,,experienced1,,,,,
2026-02-02 18:45:55.993Z,AGENT_OBSERVE,,5.0,6.0,3.0,4.0,2.0,,,,experienced1,,,,,
2026-02-02 18:45:56.939Z,AGENT_OBSERVE,,5.0,6.0,3.0,5.0,2.0,,,,experienced1,,,,,
2026-02-02 18:45:58.119Z,AGENT_OBSERVE,,5.0,6.0,3.0,5.0,2.0,,,,experienced1,,,,,
2026-02-02 18:46:00.275Z,AGENT_OBSERVE,,5.0,6.0,3.0,6.0,2.0,,,,experienced1,,,,,
2026-02-02 18:46:05.665Z,GAME_ACTION,up,5.0,6.0,,6.0,2.0,,,,experienced1,,,,,
2026-02-02 18:46:06.735Z,GAME_ACTION,up,5.0,5.0,,6.0,2.0,,,,experienced1,,,,,
2026-02-02 18:46:07.665Z,GAME_ACTION,up,5.0,4.0,,6.0,2.0,,,,experienced1,,,,,
2026-02-02 18:46:08.845Z,GAME_ACTION,up,5.0,3.0,,6.0,2.0,,,,experienced1,,,,,
2026-02-02 18:46:10.111Z,GAME_ACTION,right,5.0,2.0,,6.0,2.0,,,,experienced1,,,,,
2026-02-02 18:46:11.111Z,GAME_ACTION,right,6.0,2.0,,6.0,2.0,,,,experienced1,,,,,
2026-02-02 18:46:12.087Z,GAME_ACTION,right,7.0,2.0,,6.0,2.0,,,,experienced1,,,,,
2026-02-02 18:46:13.141Z,GAME_ACTION,right,8.0,2.0,,6.0,2.0,,,,experienced1,,,,,
2026-02-02 18:46:14.103Z,INTERACTION,,8.0,2.0,,6.0,2.0,,,,experienced1,,,,wizard_interaction,blueAmulet
2026-02-02 18:46:14.103Z,GAME_ACTION,up,9.0,2.0,,6.0,2.0,,,,experienced1,,,,,
2026-02-02 18:46:17.087Z,GAME_ACTION,left,9.0,2.0,,6.0,2.0,,,,experienced1,,,,,
2026-02-02 18:46:19.617Z,GAME_ACTION,left,8.0,2.0,,6.0,2.0,,,,experienced1,,,,,
2026-02-02 18:46:20.719Z,GAME_ACTION,left,7.0,2.0,,6.0,2.0,,,,experienced1,,,,,
2026-02-02 18:46:21.695Z,GAME_ACTION,left,6.0,2.0,,6.0,2.0,,,,experienced1,,,,,
2026-02-02 18:46:23.525Z,GAME_ACTION,down,5.0,2.0,,6.0,2.0,,,,experienced1,,,,,
2026-02-02 18:46:24.361Z,GAME_ACTION,down,5.0,3.0,,6.0,2.0,,,,experienced1,,,,,
2026-02-02 18:46:26.875Z,GAME_ACTION,down,5.0,4.0,,6.0,2.0,,,,experienced1,,,,,
2026-02-02 18:46:27.837Z,GAME_ACTION,down,5.0,5.0,,6.0,2.0,,,,experienced1,,,,,
2026-02-02 18:46:28.689Z,GAME_ACTION,down,5.0,6.0,,6.0,2.0,,,,experienced1,,,,,
2026-02-02 18:46:29.603Z,GAME_ACTION,down,5.0,7.0,,6.0,2.0,,,,experienced1,,,,,
2026-02-02 18:46:30.899Z,GAME_ACTION,right,5.0,8.0,,6.0,2.0,,,,experienced1,,,,,
2026-02-02 18:46:31.853Z,GAME_ACTION,right,6.0,8.0,,6.0,2.0,,,,experienced1,,,,,
2026-02-02 18:46:33.039Z,GAME_ACTION,right,7.0,8.0,,6.0,2.0,,,,experienced1,,,,,
2026-02-02 18:46:34.173Z,GAME_ACTION,right,8.0,8.0,,6.0,2.0,,,,experienced1,,,,,
2026-02-02 18:46:34.174Z,INTERACTION,,8.0,8.0,,6.0,2.0,,,,experienced1,,,,treasure_interaction,B
2026-02-02 18:46:34.174Z,LEVEL_COMPLETE,,8.0,8.0,,6.0,2.0,,,,experienced1,,,,,
2026-02-02 18:46:37.175Z,LEVEL_COMPLETE,,8.0,8.0,,6.0,2.0,,,15.0,experienced1,,,,,

Level: sm112_1
Timestamp,Type,Player Action,Player X,Player Y,Observed Agent ID,NPC 1 X,NPC 1 Y,NPC 2 X,NPC 2 Y,Steps Remaining,NPC 1 Path Type,NPC 1 Path Index,NPC 2 Path Type,NPC 2 Path Index,Interaction Type,Interaction Details
2026-02-02 18:46:37.358Z,LEVEL_START,,,,,,,,,,,,,,,
2026-02-02 18:46:37.363Z,LEVEL_START,,,,,,,,,,,,,,,
2026-02-02 18:47:02.937Z,AGENT_OBSERVE,,5.0,6.0,2.0,,,5.0,5.0,,,,experienced1,,,
2026-02-02 18:47:57.192Z,AGENT_OBSERVE,,5.0,6.0,3.0,4.0,2.0,5.0,5.0,,experienced1,,experienced1,,,
2026-02-02 18:48:01.262Z,AGENT_OBSERVE,,5.0,6.0,3.0,3.0,2.0,5.0,5.0,,experienced1,,experienced1,,,
2026-02-02 18:48:02.278Z,AGENT_OBSERVE,,5.0,6.0,3.0,3.0,2.0,5.0,5.0,,experienced1,,experienced1,,,
2026-02-02 18:48:03.724Z,AGENT_OBSERVE,,5.0,6.0,3.0,2.0,2.0,5.0,5.0,,experienced1,,experienced1,,,
2026-02-02 18:48:12.770Z,AGENT_OBSERVE,,5.0,6.0,3.0,1.0,2.0,5.0,5.0,,experienced1,,experienced1,,,
2026-02-02 18:48:13.324Z,AGENT_OBSERVE,,5.0,6.0,3.0,1.0,2.0,5.0,5.0,,experienced1,,experienced1,,,
2026-02-02 18:48:13.965Z,AGENT_OBSERVE,,5.0,6.0,3.0,2.0,2.0,5.0,5.0,,experienced1,,experienced1,,,
2026-02-02 18:48:14.574Z,AGENT_OBSERVE,,5.0,6.0,3.0,3.0,2.0,5.0,5.0,,experienced1,,experienced1,,,
2026-02-02 18:48:15.159Z,AGENT_OBSERVE,,5.0,6.0,3.0,4.0,2.0,5.0,5.0,,experienced1,,experienced1,,,
2026-02-02 18:48:15.785Z,AGENT_OBSERVE,,5.0,6.0,3.0,5.0,2.0,5.0,5.0,,experienced1,,experienced1,,,
2026-02-02 18:48:16.418Z,AGENT_OBSERVE,,5.0,6.0,3.0,5.0,3.0,5.0,5.0,,experienced1,,experienced1,,,
2026-02-02 18:48:17.059Z,AGENT_OBSERVE,,5.0,6.0,3.0,5.0,4.0,5.0,5.0,,experienced1,,experienced1,,,
2026-02-02 18:48:17.684Z,AGENT_OBSERVE,,5.0,6.0,3.0,6.0,4.0,5.0,5.0,,experienced1,,experienced1,,,
2026-02-02 18:48:28.972Z,GAME_ACTION,up,5.0,6.0,,6.0,4.0,5.0,5.0,,experienced1,,experienced1,,,
2026-02-02 18:48:29.528Z,GAME_ACTION,up,5.0,5.0,,6.0,4.0,5.0,5.0,,experienced1,,experienced1,,,
2026-02-02 18:48:30.277Z,GAME_ACTION,right,5.0,4.0,,6.0,4.0,5.0,5.0,,experienced1,,experienced1,,,
2026-02-02 18:48:30.848Z,GAME_ACTION,right,6.0,4.0,,6.0,4.0,5.0,5.0,,experienced1,,experienced1,,,
2026-02-02 18:48:31.426Z,GAME_ACTION,right,7.0,4.0,,6.0,4.0,5.0,5.0,,experienced1,,experienced1,,,
2026-02-02 18:48:31.918Z,GAME_ACTION,right,8.0,4.0,,6.0,4.0,5.0,5.0,,experienced1,,experienced1,,,
2026-02-02 18:48:31.918Z,INTERACTION,,8.0,4.0,,6.0,4.0,5.0,5.0,,experienced1,,experienced1,,wizard_interaction,blueAmulet
2026-02-02 18:48:33.886Z,GAME_ACTION,left,8.0,4.0,,6.0,4.0,5.0,5.0,,experienced1,,experienced1,,,
2026-02-02 18:48:34.472Z,GAME_ACTION,left,7.0,4.0,,6.0,4.0,5.0,5.0,,experienced1,,experienced1,,,
2026-02-02 18:48:35.042Z,GAME_ACTION,left,6.0,4.0,,6.0,4.0,5.0,5.0,,experienced1,,experienced1,,,
2026-02-02 18:48:35.652Z,GAME_ACTION,down,5.0,4.0,,6.0,4.0,5.0,5.0,,experienced1,,experienced1,,,
2026-02-02 18:48:36.192Z,GAME_ACTION,down,5.0,5.0,,6.0,4.0,5.0,5.0,,experienced1,,experienced1,,,
2026-02-02 18:48:36.730Z,GAME_ACTION,down,5.0,6.0,,6.0,4.0,5.0,5.0,,experienced1,,experienced1,,,
2026-02-02 18:48:37.270Z,GAME_ACTION,down,5.0,7.0,,6.0,4.0,5.0,5.0,,experienced1,,experienced1,,,
2026-02-02 18:48:38.808Z,GAME_ACTION,left,5.0,8.0,,6.0,4.0,5.0,5.0,,experienced1,,experienced1,,,
2026-02-02 18:48:39.364Z,GAME_ACTION,left,4.0,8.0,,6.0,4.0,5.0,5.0,,experienced1,,experienced1,,,
2026-02-02 18:48:39.934Z,GAME_ACTION,left,3.0,8.0,,6.0,4.0,5.0,5.0,,experienced1,,experienced1,,,
2026-02-02 18:48:40.479Z,GAME_ACTION,left,2.0,8.0,,6.0,4.0,5.0,5.0,,experienced1,,experienced1,,,
2026-02-02 18:48:41.316Z,GAME_ACTION,down,1.0,8.0,,6.0,4.0,5.0,5.0,,experienced1,,experienced1,,,
2026-02-02 18:48:41.824Z,GAME_ACTION,down,1.0,9.0,,6.0,4.0,5.0,5.0,,experienced1,,experienced1,,,
2026-02-02 18:48:41.824Z,INTERACTION,,1.0,9.0,,6.0,4.0,5.0,5.0,,experienced1,,experienced1,,wizard_interaction,redAmulet
2026-02-02 18:48:43.128Z,GAME_ACTION,up,1.0,9.0,,6.0,4.0,5.0,5.0,,experienced1,,experienced1,,,
2026-02-02 18:48:44.574Z,GAME_ACTION,right,1.0,8.0,,6.0,4.0,5.0,5.0,,experienced1,,experienced1,,,
2026-02-02 18:48:45.136Z,GAME_ACTION,right,2.0,8.0,,6.0,4.0,5.0,5.0,,experienced1,,experienced1,,,
2026-02-02 18:48:45.660Z,GAME_ACTION,right,3.0,8.0,,6.0,4.0,5.0,5.0,,experienced1,,experienced1,,,
2026-02-02 18:48:46.222Z,GAME_ACTION,right,4.0,8.0,,6.0,4.0,5.0,5.0,,experienced1,,experienced1,,,
2026-02-02 18:48:46.950Z,GAME_ACTION,up,5.0,8.0,,6.0,4.0,5.0,5.0,,experienced1,,experienced1,,,
2026-02-02 18:48:47.512Z,GAME_ACTION,up,5.0,7.0,,6.0,4.0,5.0,5.0,,experienced1,,experienced1,,,
2026-02-02 18:48:49.074Z,GAME_ACTION,left,5.0,6.0,,6.0,4.0,5.0,5.0,,experienced1,,experienced1,,,
2026-02-02 18:48:49.620Z,GAME_ACTION,left,4.0,6.0,,6.0,4.0,5.0,5.0,,experienced1,,experienced1,,,
2026-02-02 18:48:50.214Z,GAME_ACTION,left,3.0,6.0,,6.0,4.0,5.0,5.0,,experienced1,,experienced1,,,
2026-02-02 18:48:50.714Z,GAME_ACTION,left,2.0,6.0,,6.0,4.0,5.0,5.0,,experienced1,,experienced1,,,
2026-02-02 18:48:50.714Z,INTERACTION,,2.0,6.0,,6.0,4.0,5.0,5.0,,experienced1,,experienced1,,treasure_interaction,A
2026-02-02 18:48:50.714Z,LEVEL_COMPLETE,,2.0,6.0,,6.0,4.0,5.0,5.0,,experienced1,,experienced1,,,
2026-02-02 18:48:53.723Z,LEVEL_COMPLETE,,2.0,6.0,,6.0,4.0,5.0,5.0,12.0,experienced1,,experienced1,,,

Level: sm211_2
Timestamp,Type,Player Action,Player X,Player Y,Observed Agent ID,NPC 1 X,NPC 1 Y,NPC 2 X,NPC 2 Y,Steps Remaining,NPC 1 Path Type,NPC 1 Path Index,NPC 2 Path Type,NPC 2 Path Index,Interaction Type,Interaction Details
2026-02-02 18:53:49.233Z,LEVEL_START,,,,,,,,,,,,,,,
2026-02-02 18:53:49.242Z,LEVEL_START,,,,,,,,,,,,,,,
2026-02-02 18:54:11.626Z,AGENT_OBSERVE,,8.0,9.0,3.0,0.0,2.0,,,,experienced2,,,,,
2026-02-02 18:54:12.469Z,AGENT_OBSERVE,,8.0,9.0,3.0,0.0,3.0,,,,experienced2,,,,,
2026-02-02 18:54:12.913Z,AGENT_OBSERVE,,8.0,9.0,3.0,1.0,3.0,,,,experienced2,,,,,
2026-02-02 18:54:13.397Z,AGENT_OBSERVE,,8.0,9.0,3.0,2.0,3.0,,,,experienced2,,,,,
2026-02-02 18:54:13.843Z,AGENT_OBSERVE,,8.0,9.0,3.0,3.0,3.0,,,,experienced2,,,,,
2026-02-02 18:54:15.882Z,GAME_ACTION,left,8.0,9.0,,3.0,3.0,,,,experienced2,,,,,
2026-02-02 18:54:16.265Z,GAME_ACTION,left,7.0,9.0,,3.0,3.0,,,,experienced2,,,,,
2026-02-02 18:54:16.664Z,GAME_ACTION,left,6.0,9.0,,3.0,3.0,,,,experienced2,,,,,
2026-02-02 18:54:17.039Z,GAME_ACTION,left,5.0,9.0,,3.0,3.0,,,,experienced2,,,,,
2026-02-02 18:54:17.446Z,GAME_ACTION,left,4.0,9.0,,3.0,3.0,,,,experienced2,,,,,
2026-02-02 18:54:17.914Z,GAME_ACTION,left,3.0,9.0,,3.0,3.0,,,,experienced2,,,,,
2026-02-02 18:54:18.546Z,GAME_ACTION,up,2.0,9.0,,3.0,3.0,,,,experienced2,,,,,
2026-02-02 18:54:18.930Z,GAME_ACTION,up,2.0,8.0,,3.0,3.0,,,,experienced2,,,,,
2026-02-02 18:54:19.303Z,GAME_ACTION,up,2.0,7.0,,3.0,3.0,,,,experienced2,,,,,
2026-02-02 18:54:19.688Z,GAME_ACTION,up,2.0,6.0,,3.0,3.0,,,,experienced2,,,,,
2026-02-02 18:54:20.061Z,GAME_ACTION,up,2.0,5.0,,3.0,3.0,,,,experienced2,,,,,
2026-02-02 18:54:20.454Z,GAME_ACTION,up,2.0,4.0,,3.0,3.0,,,,experienced2,,,,,
2026-02-02 18:54:21.054Z,GAME_ACTION,right,2.0,3.0,,3.0,3.0,,,,experienced2,,,,,
2026-02-02 18:54:21.414Z,GAME_ACTION,right,3.0,3.0,,3.0,3.0,,,,experienced2,,,,,
2026-02-02 18:54:21.787Z,GAME_ACTION,right,4.0,3.0,,3.0,3.0,,,,experienced2,,,,,
2026-02-02 18:54:22.164Z,GAME_ACTION,right,5.0,3.0,,3.0,3.0,,,,experienced2,,,,,
2026-02-02 18:54:22.548Z,GAME_ACTION,right,6.0,3.0,,3.0,3.0,,,,experienced2,,,,,
2026-02-02 18:54:22.962Z,GAME_ACTION,right,7.0,3.0,,3.0,3.0,,,,experienced2,,,,,
2026-02-02 18:54:23.359Z,GAME_ACTION,right,8.0,3.0,,3.0,3.0,,,,experienced2,,,,,
2026-02-02 18:54:23.734Z,GAME_ACTION,right,9.0,3.0,,3.0,3.0,,,,experienced2,,,,,
2026-02-02 18:54:24.476Z,GAME_ACTION,up,10.0,3.0,,3.0,3.0,,,,experienced2,,,,,
2026-02-02 18:54:27.468Z,GAME_ACTION,up,10.0,2.0,,3.0,3.0,,,,experienced2,,,,,
2026-02-02 18:54:27.468Z,INTERACTION,,10.0,2.0,,3.0,3.0,,,,experienced2,,,,wizard_interaction,blueAmulet
2026-02-02 18:54:29.038Z,GAME_ACTION,down,10.0,2.0,,3.0,3.0,,,,experienced2,,,,,
2026-02-02 18:54:29.758Z,GAME_ACTION,left,10.0,3.0,,3.0,3.0,,,,experienced2,,,,,
2026-02-02 18:54:30.209Z,GAME_ACTION,left,9.0,3.0,,3.0,3.0,,,,experienced2,,,,,
2026-02-02 18:54:30.553Z,GAME_ACTION,left,8.0,3.0,,3.0,3.0,,,,experienced2,,,,,
2026-02-02 18:54:30.867Z,GAME_ACTION,left,7.0,3.0,,3.0,3.0,,,,experienced2,,,,,
2026-02-02 18:54:31.225Z,GAME_ACTION,left,6.0,3.0,,3.0,3.0,,,,experienced2,,,,,
2026-02-02 18:54:31.593Z,GAME_ACTION,left,5.0,3.0,,3.0,3.0,,,,experienced2,,,,,
2026-02-02 18:54:31.937Z,GAME_ACTION,left,4.0,3.0,,3.0,3.0,,,,experienced2,,,,,
2026-02-02 18:54:32.304Z,GAME_ACTION,left,3.0,3.0,,3.0,3.0,,,,experienced2,,,,,
2026-02-02 18:54:33.632Z,GAME_ACTION,down,2.0,3.0,,3.0,3.0,,,,experienced2,,,,,
2026-02-02 18:54:34.000Z,GAME_ACTION,down,2.0,4.0,,3.0,3.0,,,,experienced2,,,,,
2026-02-02 18:54:34.860Z,GAME_ACTION,down,2.0,5.0,,3.0,3.0,,,,experienced2,,,,,
2026-02-02 18:54:35.352Z,GAME_ACTION,down,2.0,6.0,,3.0,3.0,,,,experienced2,,,,,
2026-02-02 18:54:35.812Z,GAME_ACTION,down,2.0,7.0,,3.0,3.0,,,,experienced2,,,,,
2026-02-02 18:54:36.500Z,GAME_ACTION,down,2.0,8.0,,3.0,3.0,,,,experienced2,,,,,
2026-02-02 18:54:37.382Z,GAME_ACTION,left,2.0,9.0,,3.0,3.0,,,,experienced2,,,,,
2026-02-02 18:54:37.890Z,GAME_ACTION,left,1.0,9.0,,3.0,3.0,,,,experienced2,,,,,
2026-02-02 18:54:40.250Z,GAME_ACTION,down,0.0,9.0,,3.0,3.0,,,,experienced2,,,,,
2026-02-02 18:54:41.508Z,GAME_ACTION,down,0.0,10.0,,3.0,3.0,,,,experienced2,,,,,
2026-02-02 18:54:41.509Z,INTERACTION,,0.0,10.0,,3.0,3.0,,,,experienced2,,,,treasure_interaction,B
2026-02-02 18:54:41.509Z,LEVEL_COMPLETE,,0.0,10.0,,3.0,3.0,,,,experienced2,,,,,
2026-02-02 18:54:44.516Z,LEVEL_COMPLETE,,0.0,10.0,,3.0,3.0,,,19.0,experienced2,,,,,

Level: sm311_1
Timestamp,Type,Player Action,Player X,Player Y,Observed Agent ID,NPC 1 X,NPC 1 Y,NPC 2 X,NPC 2 Y,Steps Remaining,NPC 1 Path Type,NPC 1 Path Index,NPC 2 Path Type,NPC 2 Path Index,Interaction Type,Interaction Details
2026-02-02 18:48:53.910Z,LEVEL_START,,,,,,,,,,,,,,,
2026-02-02 18:48:53.918Z,LEVEL_START,,,,,,,,,,,,,,,
2026-02-02 18:49:23.910Z,AGENT_OBSERVE,,7.0,9.0,2.0,,,2.0,6.0,,,,experienced1,,,
2026-02-02 18:49:29.432Z,AGENT_OBSERVE,,7.0,9.0,3.0,0.0,2.0,2.0,6.0,,experienced1,,experienced1,,,
2026-02-02 18:49:32.066Z,AGENT_OBSERVE,,7.0,9.0,3.0,0.0,3.0,2.0,6.0,,experienced1,,experienced1,,,
2026-02-02 18:49:33.042Z,AGENT_OBSERVE,,7.0,9.0,3.0,1.0,3.0,2.0,6.0,,experienced1,,experienced1,,,
2026-02-02 18:49:33.746Z,AGENT_OBSERVE,,7.0,9.0,3.0,2.0,3.0,2.0,6.0,,experienced1,,experienced1,,,
2026-02-02 18:49:34.908Z,AGENT_OBSERVE,,7.0,9.0,3.0,2.0,2.0,2.0,6.0,,experienced1,,experienced1,,,
2026-02-02 18:49:36.793Z,AGENT_OBSERVE,,7.0,9.0,3.0,2.0,2.0,2.0,6.0,,experienced1,,experienced1,,,
2026-02-02 18:49:37.566Z,AGENT_OBSERVE,,7.0,9.0,3.0,2.0,3.0,2.0,6.0,,experienced1,,experienced1,,,
2026-02-02 18:49:38.238Z,AGENT_OBSERVE,,7.0,9.0,3.0,3.0,3.0,2.0,6.0,,experienced1,,experienced1,,,
2026-02-02 18:49:42.752Z,GAME_ACTION,left,7.0,9.0,,3.0,3.0,2.0,6.0,,experienced1,,experienced1,,,
2026-02-02 18:49:43.292Z,GAME_ACTION,left,6.0,9.0,,3.0,3.0,2.0,6.0,,experienced1,,experienced1,,,
2026-02-02 18:49:43.986Z,GAME_ACTION,left,5.0,9.0,,3.0,3.0,2.0,6.0,,experienced1,,experienced1,,,
2026-02-02 18:49:44.510Z,GAME_ACTION,left,4.0,9.0,,3.0,3.0,2.0,6.0,,experienced1,,experienced1,,,
2026-02-02 18:49:45.034Z,GAME_ACTION,left,3.0,9.0,,3.0,3.0,2.0,6.0,,experienced1,,experienced1,,,
2026-02-02 18:49:45.886Z,GAME_ACTION,up,2.0,9.0,,3.0,3.0,2.0,6.0,,experienced1,,experienced1,,,
2026-02-02 18:49:46.440Z,GAME_ACTION,up,2.0,8.0,,3.0,3.0,2.0,6.0,,experienced1,,experienced1,,,
2026-02-02 18:49:46.956Z,GAME_ACTION,up,2.0,7.0,,3.0,3.0,2.0,6.0,,experienced1,,experienced1,,,
2026-02-02 18:49:47.502Z,GAME_ACTION,up,2.0,6.0,,3.0,3.0,2.0,6.0,,experienced1,,experienced1,,,
2026-02-02 18:49:48.018Z,GAME_ACTION,up,2.0,5.0,,3.0,3.0,2.0,6.0,,experienced1,,experienced1,,,
2026-02-02 18:49:48.542Z,GAME_ACTION,up,2.0,4.0,,3.0,3.0,2.0,6.0,,experienced1,,experienced1,,,
2026-02-02 18:49:49.792Z,GAME_ACTION,right,2.0,3.0,,3.0,3.0,2.0,6.0,,experienced1,,experienced1,,,
2026-02-02 18:49:50.230Z,GAME_ACTION,right,3.0,3.0,,3.0,3.0,2.0,6.0,,experienced1,,experienced1,,,
2026-02-02 18:49:50.722Z,GAME_ACTION,right,4.0,3.0,,3.0,3.0,2.0,6.0,,experienced1,,experienced1,,,
2026-02-02 18:49:51.198Z,GAME_ACTION,right,5.0,3.0,,3.0,3.0,2.0,6.0,,experienced1,,experienced1,,,
2026-02-02 18:49:51.736Z,GAME_ACTION,right,6.0,3.0,,3.0,3.0,2.0,6.0,,experienced1,,experienced1,,,
2026-02-02 18:49:52.214Z,GAME_ACTION,right,7.0,3.0,,3.0,3.0,2.0,6.0,,experienced1,,experienced1,,,
2026-02-02 18:49:52.752Z,GAME_ACTION,right,8.0,3.0,,3.0,3.0,2.0,6.0,,experienced1,,experienced1,,,
2026-02-02 18:49:53.236Z,GAME_ACTION,right,9.0,3.0,,3.0,3.0,2.0,6.0,,experienced1,,experienced1,,,
2026-02-02 18:49:54.494Z,GAME_ACTION,up,10.0,2.0,,3.0,3.0,2.0,6.0,,experienced1,,experienced1,,,
2026-02-02 18:49:54.494Z,INTERACTION,,10.0,2.0,,3.0,3.0,2.0,6.0,,experienced1,,experienced1,,wizard_interaction,blueAmulet
2026-02-02 18:49:55.636Z,GAME_ACTION,down,10.0,2.0,,3.0,3.0,2.0,6.0,,experienced1,,experienced1,,,
2026-02-02 18:49:56.564Z,GAME_ACTION,left,10.0,3.0,,3.0,3.0,2.0,6.0,,experienced1,,experienced1,,,
2026-02-02 18:49:57.026Z,GAME_ACTION,left,9.0,3.0,,3.0,3.0,2.0,6.0,,experienced1,,experienced1,,,
2026-02-02 18:49:57.486Z,GAME_ACTION,left,8.0,3.0,,3.0,3.0,2.0,6.0,,experienced1,,experienced1,,,
2026-02-02 18:49:58.050Z,GAME_ACTION,left,7.0,3.0,,3.0,3.0,2.0,6.0,,experienced1,,experienced1,,,
2026-02-02 18:49:58.588Z,GAME_ACTION,left,6.0,3.0,,3.0,3.0,2.0,6.0,,experienced1,,experienced1,,,
2026-02-02 18:49:59.026Z,GAME_ACTION,left,5.0,3.0,,3.0,3.0,2.0,6.0,,experienced1,,experienced1,,,
2026-02-02 18:49:59.559Z,GAME_ACTION,left,4.0,3.0,,3.0,3.0,2.0,6.0,,experienced1,,experienced1,,,
2026-02-02 18:50:00.174Z,GAME_ACTION,left,3.0,3.0,,3.0,3.0,2.0,6.0,,experienced1,,experienced1,,,
2026-02-02 18:50:01.846Z,GAME_ACTION,down,2.0,3.0,,3.0,3.0,2.0,6.0,,experienced1,,experienced1,,,
2026-02-02 18:50:02.338Z,GAME_ACTION,down,2.0,4.0,,3.0,3.0,2.0,6.0,,experienced1,,experienced1,,,
2026-02-02 18:50:02.830Z,GAME_ACTION,down,2.0,5.0,,3.0,3.0,2.0,6.0,,experienced1,,experienced1,,,
2026-02-02 18:50:03.448Z,GAME_ACTION,down,2.0,6.0,,3.0,3.0,2.0,6.0,,experienced1,,experienced1,,,
2026-02-02 18:50:03.924Z,GAME_ACTION,down,2.0,7.0,,3.0,3.0,2.0,6.0,,experienced1,,experienced1,,,
2026-02-02 18:50:04.409Z,GAME_ACTION,down,2.0,8.0,,3.0,3.0,2.0,6.0,,experienced1,,experienced1,,,
2026-02-02 18:50:05.572Z,GAME_ACTION,left,2.0,9.0,,3.0,3.0,2.0,6.0,,experienced1,,experienced1,,,
2026-02-02 18:50:06.104Z,GAME_ACTION,left,1.0,9.0,,3.0,3.0,2.0,6.0,,experienced1,,experienced1,,,
2026-02-02 18:50:07.354Z,GAME_ACTION,down,0.0,9.0,,3.0,3.0,2.0,6.0,,experienced1,,experienced1,,,
2026-02-02 18:50:07.830Z,GAME_ACTION,down,0.0,10.0,,3.0,3.0,2.0,6.0,,experienced1,,experienced1,,,
2026-02-02 18:50:07.830Z,INTERACTION,,0.0,10.0,,3.0,3.0,2.0,6.0,,experienced1,,experienced1,,treasure_interaction,B
2026-02-02 18:50:07.830Z,LEVEL_COMPLETE,,0.0,10.0,,3.0,3.0,2.0,6.0,,experienced1,,experienced1,,,
2026-02-02 18:50:10.842Z,LEVEL_COMPLETE,,0.0,10.0,,3.0,3.0,2.0,6.0,13.0,experienced1,,experienced1,,,

Level: sm321_2
Timestamp,Type,Player Action,Player X,Player Y,Observed Agent ID,NPC 1 X,NPC 1 Y,NPC 2 X,NPC 2 Y,Steps Remaining,NPC 1 Path Type,NPC 1 Path Index,NPC 2 Path Type,NPC 2 Path Index,Interaction Type,Interaction Details
2026-02-02 18:55:41.480Z,LEVEL_START,,,,,,,,,,,,,,,
2026-02-02 18:55:41.480Z,LEVEL_START,,,,,,,,,,,,,,,
2026-02-02 18:55:55.514Z,AGENT_OBSERVE,,3.0,9.0,3.0,9.0,9.0,,,,experienced2,,,,,
2026-02-02 18:55:56.154Z,AGENT_OBSERVE,,3.0,9.0,3.0,9.0,9.0,,,,experienced2,,,,,
2026-02-02 18:55:58.296Z,AGENT_OBSERVE,,3.0,9.0,3.0,8.0,9.0,,,,experienced2,,,,,
2026-02-02 18:55:58.780Z,AGENT_OBSERVE,,3.0,9.0,3.0,8.0,8.0,,,,experienced2,,,,,
2026-02-02 18:56:02.538Z,AGENT_OBSERVE,,3.0,9.0,3.0,8.0,7.0,,,,experienced2,,,,,
2026-02-02 18:56:03.240Z,AGENT_OBSERVE,,3.0,9.0,3.0,9.0,7.0,,,,experienced2,,,,,
2026-02-02 18:56:04.616Z,AGENT_OBSERVE,,3.0,9.0,3.0,9.0,7.0,,,,experienced2,,,,,
2026-02-02 18:56:05.460Z,AGENT_OBSERVE,,3.0,9.0,3.0,8.0,7.0,,,,experienced2,,,,,
2026-02-02 18:56:05.974Z,AGENT_OBSERVE,,3.0,9.0,3.0,8.0,6.0,,,,experienced2,,,,,
2026-02-02 18:56:07.506Z,GAME_ACTION,right,3.0,9.0,,8.0,6.0,,,,experienced2,,,,,
2026-02-02 18:56:07.818Z,GAME_ACTION,right,4.0,9.0,,8.0,6.0,,,,experienced2,,,,,
2026-02-02 18:56:08.224Z,GAME_ACTION,right,5.0,9.0,,8.0,6.0,,,,experienced2,,,,,
2026-02-02 18:56:08.952Z,GAME_ACTION,right,6.0,9.0,,8.0,6.0,,,,experienced2,,,,,
2026-02-02 18:56:09.350Z,GAME_ACTION,right,7.0,9.0,,8.0,6.0,,,,experienced2,,,,,
2026-02-02 18:56:10.366Z,GAME_ACTION,up,8.0,9.0,,8.0,6.0,,,,experienced2,,,,,
2026-02-02 18:56:10.772Z,GAME_ACTION,up,8.0,8.0,,8.0,6.0,,,,experienced2,,,,,
2026-02-02 18:56:11.092Z,GAME_ACTION,up,8.0,7.0,,8.0,6.0,,,,experienced2,,,,,
2026-02-02 18:56:11.452Z,GAME_ACTION,up,8.0,6.0,,8.0,6.0,,,,experienced2,,,,,
2026-02-02 18:56:11.810Z,GAME_ACTION,up,8.0,5.0,,8.0,6.0,,,,experienced2,,,,,
2026-02-02 18:56:12.224Z,GAME_ACTION,up,8.0,4.0,,8.0,6.0,,,,experienced2,,,,,
2026-02-02 18:56:13.710Z,GAME_ACTION,left,8.0,3.0,,8.0,6.0,,,,experienced2,,,,,
2026-02-02 18:56:13.990Z,GAME_ACTION,left,7.0,3.0,,8.0,6.0,,,,experienced2,,,,,
2026-02-02 18:56:14.310Z,GAME_ACTION,left,6.0,3.0,,8.0,6.0,,,,experienced2,,,,,
2026-02-02 18:56:14.662Z,GAME_ACTION,left,5.0,3.0,,8.0,6.0,,,,experienced2,,,,,
2026-02-02 18:56:15.084Z,GAME_ACTION,left,4.0,3.0,,8.0,6.0,,,,experienced2,,,,,
2026-02-02 18:56:15.482Z,GAME_ACTION,left,3.0,3.0,,8.0,6.0,,,,experienced2,,,,,
2026-02-02 18:56:16.538Z,GAME_ACTION,up,2.0,3.0,,8.0,6.0,,,,experienced2,,,,,
2026-02-02 18:56:16.858Z,GAME_ACTION,up,2.0,2.0,,8.0,6.0,,,,experienced2,,,,,
2026-02-02 18:56:17.506Z,GAME_ACTION,up,2.0,1.0,,8.0,6.0,,,,experienced2,,,,,
2026-02-02 18:56:17.507Z,INTERACTION,,2.0,1.0,,8.0,6.0,,,,experienced2,,,,wizard_interaction,blueAmulet
2026-02-02 18:56:19.256Z,GAME_ACTION,down,2.0,1.0,,8.0,6.0,,,,experienced2,,,,,
2026-02-02 18:56:19.772Z,GAME_ACTION,down,2.0,2.0,,8.0,6.0,,,,experienced2,,,,,
2026-02-02 18:56:21.022Z,GAME_ACTION,right,2.0,3.0,,8.0,6.0,,,,experienced2,,,,,
2026-02-02 18:56:21.374Z,GAME_ACTION,right,3.0,3.0,,8.0,6.0,,,,experienced2,,,,,
2026-02-02 18:56:21.708Z,GAME_ACTION,right,4.0,3.0,,8.0,6.0,,,,experienced2,,,,,
2026-02-02 18:56:22.108Z,GAME_ACTION,right,5.0,3.0,,8.0,6.0,,,,experienced2,,,,,
2026-02-02 18:56:22.506Z,GAME_ACTION,right,6.0,3.0,,8.0,6.0,,,,experienced2,,,,,
2026-02-02 18:56:22.975Z,GAME_ACTION,right,7.0,3.0,,8.0,6.0,,,,experienced2,,,,,
2026-02-02 18:56:23.560Z,GAME_ACTION,down,8.0,3.0,,8.0,6.0,,,,experienced2,,,,,
2026-02-02 18:56:23.912Z,GAME_ACTION,down,8.0,4.0,,8.0,6.0,,,,experienced2,,,,,
2026-02-02 18:56:24.288Z,GAME_ACTION,down,8.0,5.0,,8.0,6.0,,,,experienced2,,,,,
2026-02-02 18:56:24.630Z,GAME_ACTION,down,8.0,6.0,,8.0,6.0,,,,experienced2,,,,,
2026-02-02 18:56:25.044Z,GAME_ACTION,down,8.0,7.0,,8.0,6.0,,,,experienced2,,,,,
2026-02-02 18:56:25.584Z,GAME_ACTION,down,8.0,8.0,,8.0,6.0,,,,experienced2,,,,,
2026-02-02 18:56:26.568Z,GAME_ACTION,left,8.0,9.0,,8.0,6.0,,,,experienced2,,,,,
2026-02-02 18:56:27.022Z,GAME_ACTION,left,7.0,9.0,,8.0,6.0,,,,experienced2,,,,,
2026-02-02 18:56:27.388Z,GAME_ACTION,left,6.0,9.0,,8.0,6.0,,,,experienced2,,,,,
2026-02-02 18:56:27.780Z,GAME_ACTION,left,5.0,9.0,,8.0,6.0,,,,experienced2,,,,,
2026-02-02 18:56:28.202Z,GAME_ACTION,left,4.0,9.0,,8.0,6.0,,,,experienced2,,,,,
2026-02-02 18:56:28.654Z,GAME_ACTION,left,3.0,9.0,,8.0,6.0,,,,experienced2,,,,,
2026-02-02 18:56:29.162Z,GAME_ACTION,left,2.0,9.0,,8.0,6.0,,,,experienced2,,,,,
2026-02-02 18:56:29.630Z,GAME_ACTION,left,1.0,9.0,,8.0,6.0,,,,experienced2,,,,,
2026-02-02 18:56:30.888Z,GAME_ACTION,down,0.0,9.0,,8.0,6.0,,,,experienced2,,,,,
2026-02-02 18:56:31.474Z,GAME_ACTION,down,0.0,10.0,,8.0,6.0,,,,experienced2,,,,,
2026-02-02 18:56:31.474Z,INTERACTION,,0.0,10.0,,8.0,6.0,,,,experienced2,,,,treasure_interaction,B
2026-02-02 18:56:31.474Z,LEVEL_COMPLETE,,0.0,10.0,,8.0,6.0,,,,experienced2,,,,,
2026-02-02 18:56:34.490Z,LEVEL_COMPLETE,,0.0,10.0,,8.0,6.0,,,16.0,experienced2,,,,,

Level: sm351_1
Timestamp,Type,Player Action,Player X,Player Y,Observed Agent ID,NPC 1 X,NPC 1 Y,NPC 2 X,NPC 2 Y,Steps Remaining,NPC 1 Path Type,NPC 1 Path Index,NPC 2 Path Type,NPC 2 Path Index,Interaction Type,Interaction Details
2026-02-02 18:57:32.915Z,LEVEL_START,,,,,,,,,,,,,,,
2026-02-02 18:57:32.918Z,LEVEL_START,,,,,,,,,,,,,,,
2026-02-02 18:58:16.051Z,AGENT_OBSERVE,,10.0,11.0,3.0,5.0,2.0,,,,experienced1,,,,,
2026-02-02 18:58:16.559Z,AGENT_OBSERVE,,10.0,11.0,3.0,5.0,2.0,,,,experienced1,,,,,
2026-02-02 18:58:17.349Z,AGENT_OBSERVE,,10.0,11.0,3.0,5.0,3.0,,,,experienced1,,,,,
2026-02-02 18:58:17.871Z,AGENT_OBSERVE,,10.0,11.0,3.0,6.0,3.0,,,,experienced1,,,,,
2026-02-02 18:58:18.481Z,AGENT_OBSERVE,,10.0,11.0,3.0,7.0,3.0,,,,experienced1,,,,,
2026-02-02 18:58:18.951Z,AGENT_OBSERVE,,10.0,11.0,3.0,7.0,2.0,,,,experienced1,,,,,
2026-02-02 18:58:19.473Z,AGENT_OBSERVE,,10.0,11.0,3.0,7.0,2.0,,,,experienced1,,,,,
2026-02-02 18:58:20.325Z,AGENT_OBSERVE,,10.0,11.0,3.0,7.0,3.0,,,,experienced1,,,,,
2026-02-02 18:58:21.027Z,AGENT_OBSERVE,,10.0,11.0,3.0,8.0,3.0,,,,experienced1,,,,,
2026-02-02 18:58:23.629Z,GAME_ACTION,left,10.0,11.0,,8.0,3.0,,,,experienced1,,,,,
2026-02-02 18:58:23.943Z,GAME_ACTION,left,9.0,11.0,,8.0,3.0,,,,experienced1,,,,,
2026-02-02 18:58:24.317Z,GAME_ACTION,left,8.0,11.0,,8.0,3.0,,,,experienced1,,,,,
2026-02-02 18:58:24.707Z,GAME_ACTION,left,7.0,11.0,,8.0,3.0,,,,experienced1,,,,,
2026-02-02 18:58:25.199Z,GAME_ACTION,left,6.0,11.0,,8.0,3.0,,,,experienced1,,,,,
2026-02-02 18:58:25.965Z,GAME_ACTION,up,5.0,11.0,,8.0,3.0,,,,experienced1,,,,,
2026-02-02 18:58:26.395Z,GAME_ACTION,up,5.0,10.0,,8.0,3.0,,,,experienced1,,,,,
2026-02-02 18:58:26.771Z,GAME_ACTION,up,5.0,9.0,,8.0,3.0,,,,experienced1,,,,,
2026-02-02 18:58:27.121Z,GAME_ACTION,up,5.0,8.0,,8.0,3.0,,,,experienced1,,,,,
2026-02-02 18:58:27.497Z,GAME_ACTION,up,5.0,7.0,,8.0,3.0,,,,experienced1,,,,,
2026-02-02 18:58:27.879Z,GAME_ACTION,up,5.0,6.0,,8.0,3.0,,,,experienced1,,,,,
2026-02-02 18:58:28.411Z,GAME_ACTION,up,5.0,5.0,,8.0,3.0,,,,experienced1,,,,,
2026-02-02 18:58:28.817Z,GAME_ACTION,up,5.0,4.0,,8.0,3.0,,,,experienced1,,,,,
2026-02-02 18:58:29.715Z,GAME_ACTION,right,5.0,3.0,,8.0,3.0,,,,experienced1,,,,,
2026-02-02 18:58:30.129Z,GAME_ACTION,right,6.0,3.0,,8.0,3.0,,,,experienced1,,,,,
2026-02-02 18:58:30.543Z,GAME_ACTION,right,7.0,3.0,,8.0,3.0,,,,experienced1,,,,,
2026-02-02 18:58:30.973Z,GAME_ACTION,right,8.0,3.0,,8.0,3.0,,,,experienced1,,,,,
2026-02-02 18:58:31.354Z,GAME_ACTION,right,9.0,3.0,,8.0,3.0,,,,experienced1,,,,,
2026-02-02 18:58:32.277Z,GAME_ACTION,up,10.0,3.0,,8.0,3.0,,,,experienced1,,,,,
2026-02-02 18:58:32.715Z,GAME_ACTION,up,10.0,2.0,,8.0,3.0,,,,experienced1,,,,,
2026-02-02 18:58:32.715Z,INTERACTION,,10.0,2.0,,8.0,3.0,,,,experienced1,,,,wizard_interaction,blueAmulet
2026-02-02 18:58:33.849Z,GAME_ACTION,down,10.0,2.0,,8.0,3.0,,,,experienced1,,,,,
2026-02-02 18:58:35.935Z,GAME_ACTION,left,10.0,3.0,,8.0,3.0,,,,experienced1,,,,,
2026-02-02 18:58:36.239Z,GAME_ACTION,left,9.0,3.0,,8.0,3.0,,,,experienced1,,,,,
2026-02-02 18:58:36.621Z,GAME_ACTION,left,8.0,3.0,,8.0,3.0,,,,experienced1,,,,,
2026-02-02 18:58:37.019Z,GAME_ACTION,left,7.0,3.0,,8.0,3.0,,,,experienced1,,,,,
2026-02-02 18:58:37.435Z,GAME_ACTION,left,6.0,3.0,,8.0,3.0,,,,experienced1,,,,,
2026-02-02 18:58:38.113Z,GAME_ACTION,down,5.0,3.0,,8.0,3.0,,,,experienced1,,,,,
2026-02-02 18:58:38.481Z,GAME_ACTION,down,5.0,4.0,,8.0,3.0,,,,experienced1,,,,,
2026-02-02 18:58:38.801Z,GAME_ACTION,down,5.0,5.0,,8.0,3.0,,,,experienced1,,,,,
2026-02-02 18:58:39.193Z,GAME_ACTION,down,5.0,6.0,,8.0,3.0,,,,experienced1,,,,,
2026-02-02 18:58:39.551Z,GAME_ACTION,down,5.0,7.0,,8.0,3.0,,,,experienced1,,,,,
2026-02-02 18:58:40.051Z,GAME_ACTION,down,5.0,8.0,,8.0,3.0,,,,experienced1,,,,,
2026-02-02 18:58:40.629Z,GAME_ACTION,right,5.0,9.0,,8.0,3.0,,,,experienced1,,,,,
2026-02-02 18:58:40.965Z,GAME_ACTION,right,6.0,9.0,,8.0,3.0,,,,experienced1,,,,,
2026-02-02 18:58:41.325Z,GAME_ACTION,right,7.0,9.0,,8.0,3.0,,,,experienced1,,,,,
2026-02-02 18:58:41.715Z,GAME_ACTION,right,8.0,9.0,,8.0,3.0,,,,experienced1,,,,,
2026-02-02 18:58:42.113Z,GAME_ACTION,right,9.0,9.0,,8.0,3.0,,,,experienced1,,,,,
2026-02-02 18:58:42.113Z,INTERACTION,,9.0,9.0,,8.0,3.0,,,,experienced1,,,,treasure_interaction,C
2026-02-02 18:58:42.113Z,LEVEL_COMPLETE,,9.0,9.0,,8.0,3.0,,,,experienced1,,,,,
2026-02-02 18:58:45.120Z,LEVEL_COMPLETE,,9.0,9.0,,8.0,3.0,,,17.0,experienced1,,,,,

Level: sm361_2
Timestamp,Type,Player Action,Player X,Player Y,Observed Agent ID,NPC 1 X,NPC 1 Y,NPC 2 X,NPC 2 Y,Steps Remaining,NPC 1 Path Type,NPC 1 Path Index,NPC 2 Path Type,NPC 2 Path Index,Interaction Type,Interaction Details
2026-02-02 18:56:34.673Z,LEVEL_START,,,,,,,,,,,,,,,
2026-02-02 18:56:34.680Z,LEVEL_START,,,,,,,,,,,,,,,
2026-02-02 18:57:01.279Z,AGENT_OBSERVE,,8.0,9.0,3.0,7.0,1.0,,,,experienced2,,,,,
2026-02-02 18:57:01.810Z,AGENT_OBSERVE,,8.0,9.0,3.0,7.0,1.0,,,,experienced2,,,,,
2026-02-02 18:57:02.482Z,AGENT_OBSERVE,,8.0,9.0,3.0,7.0,2.0,,,,experienced2,,,,,
2026-02-02 18:57:02.975Z,AGENT_OBSERVE,,8.0,9.0,3.0,8.0,2.0,,,,experienced2,,,,,
2026-02-02 18:57:03.913Z,AGENT_OBSERVE,,8.0,9.0,3.0,9.0,2.0,,,,experienced2,,,,,
2026-02-02 18:57:04.692Z,AGENT_OBSERVE,,8.0,9.0,3.0,9.0,1.0,,,,experienced2,,,,,
2026-02-02 18:57:05.185Z,AGENT_OBSERVE,,8.0,9.0,3.0,9.0,1.0,,,,experienced2,,,,,
2026-02-02 18:57:05.810Z,AGENT_OBSERVE,,8.0,9.0,3.0,9.0,2.0,,,,experienced2,,,,,
2026-02-02 18:57:06.474Z,AGENT_OBSERVE,,8.0,9.0,3.0,8.0,2.0,,,,experienced2,,,,,
2026-02-02 18:57:07.779Z,AGENT_OBSERVE,,8.0,9.0,3.0,8.0,3.0,,,,experienced2,,,,,
2026-02-02 18:57:15.553Z,GAME_ACTION,up,8.0,9.0,,8.0,3.0,,,,experienced2,,,,,
2026-02-02 18:57:15.848Z,GAME_ACTION,up,8.0,8.0,,8.0,3.0,,,,experienced2,,,,,
2026-02-02 18:57:16.200Z,GAME_ACTION,up,8.0,7.0,,8.0,3.0,,,,experienced2,,,,,
2026-02-02 18:57:16.576Z,GAME_ACTION,up,8.0,6.0,,8.0,3.0,,,,experienced2,,,,,
2026-02-02 18:57:16.934Z,GAME_ACTION,up,8.0,5.0,,8.0,3.0,,,,experienced2,,,,,
2026-02-02 18:57:17.302Z,GAME_ACTION,up,8.0,4.0,,8.0,3.0,,,,experienced2,,,,,
2026-02-02 18:57:17.881Z,GAME_ACTION,up,8.0,3.0,,8.0,3.0,,,,experienced2,,,,,
2026-02-02 18:57:19.176Z,GAME_ACTION,right,8.0,2.0,,8.0,3.0,,,,experienced2,,,,,
2026-02-02 18:57:19.725Z,GAME_ACTION,up,9.0,2.0,,8.0,3.0,,,,experienced2,,,,,
2026-02-02 18:57:20.185Z,GAME_ACTION,up,9.0,1.0,,8.0,3.0,,,,experienced2,,,,,
2026-02-02 18:57:20.185Z,INTERACTION,,9.0,1.0,,8.0,3.0,,,,experienced2,,,,wizard_interaction,blueAmulet
2026-02-02 18:57:21.357Z,GAME_ACTION,down,9.0,1.0,,8.0,3.0,,,,experienced2,,,,,
2026-02-02 18:57:22.232Z,GAME_ACTION,left,9.0,2.0,,8.0,3.0,,,,experienced2,,,,,
2026-02-02 18:57:22.975Z,GAME_ACTION,down,8.0,2.0,,8.0,3.0,,,,experienced2,,,,,
2026-02-02 18:57:23.318Z,GAME_ACTION,down,8.0,3.0,,8.0,3.0,,,,experienced2,,,,,
2026-02-02 18:57:23.638Z,GAME_ACTION,down,8.0,4.0,,8.0,3.0,,,,experienced2,,,,,
2026-02-02 18:57:24.029Z,GAME_ACTION,down,8.0,5.0,,8.0,3.0,,,,experienced2,,,,,
2026-02-02 18:57:24.364Z,GAME_ACTION,down,8.0,6.0,,8.0,3.0,,,,experienced2,,,,,
2026-02-02 18:57:24.873Z,GAME_ACTION,down,8.0,7.0,,8.0,3.0,,,,experienced2,,,,,
2026-02-02 18:57:25.319Z,GAME_ACTION,down,8.0,8.0,,8.0,3.0,,,,experienced2,,,,,
2026-02-02 18:57:26.380Z,GAME_ACTION,left,8.0,9.0,,8.0,3.0,,,,experienced2,,,,,
2026-02-02 18:57:27.200Z,GAME_ACTION,down,7.0,9.0,,8.0,3.0,,,,experienced2,,,,,
2026-02-02 18:57:27.598Z,GAME_ACTION,down,7.0,10.0,,8.0,3.0,,,,experienced2,,,,,
2026-02-02 18:57:28.411Z,GAME_ACTION,right,7.0,11.0,,8.0,3.0,,,,experienced2,,,,,
2026-02-02 18:57:29.311Z,GAME_ACTION,right,8.0,11.0,,8.0,3.0,,,,experienced2,,,,,
2026-02-02 18:57:29.725Z,GAME_ACTION,right,9.0,11.0,,8.0,3.0,,,,experienced2,,,,,
2026-02-02 18:57:29.725Z,INTERACTION,,9.0,11.0,,8.0,3.0,,,,experienced2,,,,treasure_interaction,C
2026-02-02 18:57:29.725Z,LEVEL_COMPLETE,,9.0,11.0,,8.0,3.0,,,,experienced2,,,,,
2026-02-02 18:57:32.730Z,LEVEL_COMPLETE,,9.0,11.0,,8.0,3.0,,,12.0,experienced2,,,,,

Level: sm421_2
Timestamp,Type,Player Action,Player X,Player Y,Observed Agent ID,NPC 1 X,NPC 1 Y,NPC 2 X,NPC 2 Y,Steps Remaining,NPC 1 Path Type,NPC 1 Path Index,NPC 2 Path Type,NPC 2 Path Index,Interaction Type,Interaction Details
2026-02-02 18:51:19.389Z,LEVEL_START,,,,,,,,,,,,,,,
2026-02-02 18:51:19.396Z,LEVEL_START,,,,,,,,,,,,,,,
2026-02-02 18:51:47.399Z,AGENT_OBSERVE,,0.0,9.0,2.0,,,4.0,9.0,,,,experienced2,,,
2026-02-02 18:52:04.165Z,AGENT_OBSERVE,,0.0,9.0,3.0,9.0,9.0,4.0,9.0,,experienced2,,experienced2,,,
2026-02-02 18:52:04.751Z,AGENT_OBSERVE,,0.0,9.0,3.0,9.0,9.0,4.0,9.0,,experienced2,,experienced2,,,
2026-02-02 18:52:05.603Z,AGENT_OBSERVE,,0.0,9.0,3.0,8.0,9.0,4.0,9.0,,experienced2,,experienced2,,,
2026-02-02 18:52:06.189Z,AGENT_OBSERVE,,0.0,9.0,3.0,8.0,8.0,4.0,9.0,,experienced2,,experienced2,,,
2026-02-02 18:52:10.103Z,AGENT_OBSERVE,,0.0,9.0,3.0,8.0,7.0,4.0,9.0,,experienced2,,experienced2,,,
2026-02-02 18:52:10.657Z,AGENT_OBSERVE,,0.0,9.0,3.0,9.0,7.0,4.0,9.0,,experienced2,,experienced2,,,
2026-02-02 18:52:11.337Z,AGENT_OBSERVE,,0.0,9.0,3.0,9.0,7.0,4.0,9.0,,experienced2,,experienced2,,,
2026-02-02 18:52:11.939Z,AGENT_OBSERVE,,0.0,9.0,3.0,8.0,7.0,4.0,9.0,,experienced2,,experienced2,,,
2026-02-02 18:52:12.439Z,AGENT_OBSERVE,,0.0,9.0,3.0,8.0,6.0,4.0,9.0,,experienced2,,experienced2,,,
2026-02-02 18:52:13.547Z,AGENT_OBSERVE,,0.0,9.0,3.0,8.0,5.0,4.0,9.0,,experienced2,,experienced2,,,
2026-02-02 18:52:14.259Z,AGENT_OBSERVE,,0.0,9.0,3.0,9.0,5.0,4.0,9.0,,experienced2,,experienced2,,,
2026-02-02 18:52:14.751Z,AGENT_OBSERVE,,0.0,9.0,3.0,9.0,5.0,4.0,9.0,,experienced2,,experienced2,,,
2026-02-02 18:52:15.291Z,AGENT_OBSERVE,,0.0,9.0,3.0,8.0,5.0,4.0,9.0,,experienced2,,experienced2,,,
2026-02-02 18:52:15.767Z,AGENT_OBSERVE,,0.0,9.0,3.0,8.0,4.0,4.0,9.0,,experienced2,,experienced2,,,
2026-02-02 18:52:18.681Z,GAME_ACTION,right,0.0,9.0,,8.0,4.0,4.0,9.0,,experienced2,,experienced2,,,
2026-02-02 18:52:19.087Z,GAME_ACTION,right,1.0,9.0,,8.0,4.0,4.0,9.0,,experienced2,,experienced2,,,
2026-02-02 18:52:19.485Z,GAME_ACTION,right,2.0,9.0,,8.0,4.0,4.0,9.0,,experienced2,,experienced2,,,
2026-02-02 18:52:19.899Z,GAME_ACTION,right,3.0,9.0,,8.0,4.0,4.0,9.0,,experienced2,,experienced2,,,
2026-02-02 18:52:20.283Z,GAME_ACTION,right,4.0,9.0,,8.0,4.0,4.0,9.0,,experienced2,,experienced2,,,
2026-02-02 18:52:20.649Z,GAME_ACTION,right,5.0,9.0,,8.0,4.0,4.0,9.0,,experienced2,,experienced2,,,
2026-02-02 18:52:21.071Z,GAME_ACTION,right,6.0,9.0,,8.0,4.0,4.0,9.0,,experienced2,,experienced2,,,
2026-02-02 18:52:21.469Z,GAME_ACTION,right,7.0,9.0,,8.0,4.0,4.0,9.0,,experienced2,,experienced2,,,
2026-02-02 18:52:22.337Z,GAME_ACTION,up,8.0,9.0,,8.0,4.0,4.0,9.0,,experienced2,,experienced2,,,
2026-02-02 18:52:22.697Z,GAME_ACTION,up,8.0,8.0,,8.0,4.0,4.0,9.0,,experienced2,,experienced2,,,
2026-02-02 18:52:23.071Z,GAME_ACTION,up,8.0,7.0,,8.0,4.0,4.0,9.0,,experienced2,,experienced2,,,
2026-02-02 18:52:23.461Z,GAME_ACTION,up,8.0,6.0,,8.0,4.0,4.0,9.0,,experienced2,,experienced2,,,
2026-02-02 18:52:23.845Z,GAME_ACTION,up,8.0,5.0,,8.0,4.0,4.0,9.0,,experienced2,,experienced2,,,
2026-02-02 18:52:24.321Z,GAME_ACTION,up,8.0,4.0,,8.0,4.0,4.0,9.0,,experienced2,,experienced2,,,
2026-02-02 18:52:24.963Z,GAME_ACTION,left,8.0,3.0,,8.0,4.0,4.0,9.0,,experienced2,,experienced2,,,
2026-02-02 18:52:25.431Z,GAME_ACTION,left,7.0,3.0,,8.0,4.0,4.0,9.0,,experienced2,,experienced2,,,
2026-02-02 18:52:25.853Z,GAME_ACTION,left,6.0,3.0,,8.0,4.0,4.0,9.0,,experienced2,,experienced2,,,
2026-02-02 18:52:26.251Z,GAME_ACTION,left,5.0,3.0,,8.0,4.0,4.0,9.0,,experienced2,,experienced2,,,
2026-02-02 18:52:26.703Z,GAME_ACTION,left,4.0,3.0,,8.0,4.0,4.0,9.0,,experienced2,,experienced2,,,
2026-02-02 18:52:27.571Z,GAME_ACTION,left,3.0,3.0,,8.0,4.0,4.0,9.0,,experienced2,,experienced2,,,
2026-02-02 18:52:28.407Z,GAME_ACTION,up,2.0,3.0,,8.0,4.0,4.0,9.0,,experienced2,,experienced2,,,
2026-02-02 18:52:28.947Z,GAME_ACTION,up,2.0,2.0,,8.0,4.0,4.0,9.0,,experienced2,,experienced2,,,
2026-02-02 18:52:29.625Z,GAME_ACTION,up,2.0,1.0,,8.0,4.0,4.0,9.0,,experienced2,,experienced2,,,
2026-02-02 18:52:29.625Z,INTERACTION,,2.0,1.0,,8.0,4.0,4.0,9.0,,experienced2,,experienced2,,wizard_interaction,blueAmulet
2026-02-02 18:52:31.673Z,GAME_ACTION,down,2.0,1.0,,8.0,4.0,4.0,9.0,,experienced2,,experienced2,,,
2026-02-02 18:52:32.133Z,GAME_ACTION,down,2.0,2.0,,8.0,4.0,4.0,9.0,,experienced2,,experienced2,,,
2026-02-02 18:52:32.931Z,GAME_ACTION,right,2.0,3.0,,8.0,4.0,4.0,9.0,,experienced2,,experienced2,,,
2026-02-02 18:52:33.275Z,GAME_ACTION,right,3.0,3.0,,8.0,4.0,4.0,9.0,,experienced2,,experienced2,,,
2026-02-02 18:52:33.633Z,GAME_ACTION,right,4.0,3.0,,8.0,4.0,4.0,9.0,,experienced2,,experienced2,,,
2026-02-02 18:52:34.001Z,GAME_ACTION,right,5.0,3.0,,8.0,4.0,4.0,9.0,,experienced2,,experienced2,,,
2026-02-02 18:52:34.369Z,GAME_ACTION,right,6.0,3.0,,8.0,4.0,4.0,9.0,,experienced2,,experienced2,,,
2026-02-02 18:52:34.891Z,GAME_ACTION,right,7.0,3.0,,8.0,4.0,4.0,9.0,,experienced2,,experienced2,,,
2026-02-02 18:52:35.854Z,GAME_ACTION,down,8.0,3.0,,8.0,4.0,4.0,9.0,,experienced2,,experienced2,,,
2026-02-02 18:52:36.313Z,GAME_ACTION,down,8.0,4.0,,8.0,4.0,4.0,9.0,,experienced2,,experienced2,,,
2026-02-02 18:52:36.617Z,GAME_ACTION,down,8.0,5.0,,8.0,4.0,4.0,9.0,,experienced2,,experienced2,,,
2026-02-02 18:52:36.953Z,GAME_ACTION,down,8.0,6.0,,8.0,4.0,4.0,9.0,,experienced2,,experienced2,,,
2026-02-02 18:52:37.337Z,GAME_ACTION,down,8.0,7.0,,8.0,4.0,4.0,9.0,,experienced2,,experienced2,,,
2026-02-02 18:52:37.867Z,GAME_ACTION,down,8.0,8.0,,8.0,4.0,4.0,9.0,,experienced2,,experienced2,,,
2026-02-02 18:52:38.797Z,GAME_ACTION,left,8.0,9.0,,8.0,4.0,4.0,9.0,,experienced2,,experienced2,,,
2026-02-02 18:52:39.141Z,GAME_ACTION,left,7.0,9.0,,8.0,4.0,4.0,9.0,,experienced2,,experienced2,,,
2026-02-02 18:52:39.461Z,GAME_ACTION,left,6.0,9.0,,8.0,4.0,4.0,9.0,,experienced2,,experienced2,,,
2026-02-02 18:52:39.781Z,GAME_ACTION,left,5.0,9.0,,8.0,4.0,4.0,9.0,,experienced2,,experienced2,,,
2026-02-02 18:52:40.189Z,GAME_ACTION,left,4.0,9.0,,8.0,4.0,4.0,9.0,,experienced2,,experienced2,,,
2026-02-02 18:52:40.571Z,GAME_ACTION,left,3.0,9.0,,8.0,4.0,4.0,9.0,,experienced2,,experienced2,,,
2026-02-02 18:52:41.031Z,GAME_ACTION,left,2.0,9.0,,8.0,4.0,4.0,9.0,,experienced2,,experienced2,,,
2026-02-02 18:52:41.477Z,GAME_ACTION,left,1.0,9.0,,8.0,4.0,4.0,9.0,,experienced2,,experienced2,,,
2026-02-02 18:52:43.649Z,GAME_ACTION,down,0.0,9.0,,8.0,4.0,4.0,9.0,,experienced2,,experienced2,,,
2026-02-02 18:52:45.009Z,GAME_ACTION,down,0.0,10.0,,8.0,4.0,4.0,9.0,,experienced2,,experienced2,,,
2026-02-02 18:52:45.009Z,INTERACTION,,0.0,10.0,,8.0,4.0,4.0,9.0,,experienced2,,experienced2,,treasure_interaction,B
2026-02-02 18:52:45.009Z,LEVEL_COMPLETE,,0.0,10.0,,8.0,4.0,4.0,9.0,,experienced2,,experienced2,,,
2026-02-02 18:52:48.016Z,LEVEL_COMPLETE,,0.0,10.0,,8.0,4.0,4.0,9.0,11.0,experienced2,,experienced2,,,

Level: sm431_2
Timestamp,Type,Player Action,Player X,Player Y,Observed Agent ID,NPC 1 X,NPC 1 Y,NPC 2 X,NPC 2 Y,Steps Remaining,NPC 1 Path Type,NPC 1 Path Index,NPC 2 Path Type,NPC 2 Path Index,Interaction Type,Interaction Details
2026-02-02 18:54:44.700Z,LEVEL_START,,,,,,,,,,,,,,,
2026-02-02 18:54:44.708Z,LEVEL_START,,,,,,,,,,,,,,,
2026-02-02 18:55:05.390Z,AGENT_OBSERVE,,5.0,9.0,2.0,,,2.0,5.0,,,,experienced2,,,
2026-02-02 18:55:07.632Z,AGENT_OBSERVE,,5.0,9.0,3.0,0.0,2.0,2.0,5.0,,experienced2,,experienced2,,,
2026-02-02 18:55:08.788Z,AGENT_OBSERVE,,5.0,9.0,3.0,0.0,2.0,2.0,5.0,,experienced2,,experienced2,,,
2026-02-02 18:55:09.484Z,AGENT_OBSERVE,,5.0,9.0,3.0,0.0,3.0,2.0,5.0,,experienced2,,experienced2,,,
2026-02-02 18:55:09.959Z,AGENT_OBSERVE,,5.0,9.0,3.0,1.0,3.0,2.0,5.0,,experienced2,,experienced2,,,
2026-02-02 18:55:10.624Z,AGENT_OBSERVE,,5.0,9.0,3.0,2.0,3.0,2.0,5.0,,experienced2,,experienced2,,,
2026-02-02 18:55:11.078Z,AGENT_OBSERVE,,5.0,9.0,3.0,2.0,2.0,2.0,5.0,,experienced2,,experienced2,,,
2026-02-02 18:55:11.592Z,AGENT_OBSERVE,,5.0,9.0,3.0,2.0,2.0,2.0,5.0,,experienced2,,experienced2,,,
2026-02-02 18:55:12.164Z,AGENT_OBSERVE,,5.0,9.0,3.0,2.0,3.0,2.0,5.0,,experienced2,,experienced2,,,
2026-02-02 18:55:12.600Z,AGENT_OBSERVE,,5.0,9.0,3.0,3.0,3.0,2.0,5.0,,experienced2,,experienced2,,,
2026-02-02 18:55:16.586Z,GAME_ACTION,left,5.0,9.0,,3.0,3.0,2.0,5.0,,experienced2,,experienced2,,,
2026-02-02 18:55:17.038Z,GAME_ACTION,left,4.0,9.0,,3.0,3.0,2.0,5.0,,experienced2,,experienced2,,,
2026-02-02 18:55:17.562Z,GAME_ACTION,up,3.0,9.0,,3.0,3.0,2.0,5.0,,experienced2,,experienced2,,,
2026-02-02 18:55:18.000Z,GAME_ACTION,up,3.0,8.0,,3.0,3.0,2.0,5.0,,experienced2,,experienced2,,,
2026-02-02 18:55:18.444Z,GAME_ACTION,up,3.0,7.0,,3.0,3.0,2.0,5.0,,experienced2,,experienced2,,,
2026-02-02 18:55:19.084Z,GAME_ACTION,up,3.0,6.0,,3.0,3.0,2.0,5.0,,experienced2,,experienced2,,,
2026-02-02 18:55:19.576Z,GAME_ACTION,left,3.0,5.0,,3.0,3.0,2.0,5.0,,experienced2,,experienced2,,,
2026-02-02 18:55:20.014Z,GAME_ACTION,left,2.0,5.0,,3.0,3.0,2.0,5.0,,experienced2,,experienced2,,,
2026-02-02 18:55:20.500Z,GAME_ACTION,left,1.0,5.0,,3.0,3.0,2.0,5.0,,experienced2,,experienced2,,,
2026-02-02 18:55:21.108Z,GAME_ACTION,up,0.0,5.0,,3.0,3.0,2.0,5.0,,experienced2,,experienced2,,,
2026-02-02 18:55:21.570Z,GAME_ACTION,up,0.0,4.0,,3.0,3.0,2.0,5.0,,experienced2,,experienced2,,,
2026-02-02 18:55:22.342Z,GAME_ACTION,right,0.0,3.0,,3.0,3.0,2.0,5.0,,experienced2,,experienced2,,,
2026-02-02 18:55:22.780Z,GAME_ACTION,right,1.0,3.0,,3.0,3.0,2.0,5.0,,experienced2,,experienced2,,,
2026-02-02 18:55:23.178Z,GAME_ACTION,right,2.0,3.0,,3.0,3.0,2.0,5.0,,experienced2,,experienced2,,,
2026-02-02 18:55:23.584Z,GAME_ACTION,right,3.0,3.0,,3.0,3.0,2.0,5.0,,experienced2,,experienced2,,,
2026-02-02 18:55:24.250Z,GAME_ACTION,up,4.0,3.0,,3.0,3.0,2.0,5.0,,experienced2,,experienced2,,,
2026-02-02 18:55:24.670Z,GAME_ACTION,up,4.0,2.0,,3.0,3.0,2.0,5.0,,experienced2,,experienced2,,,
2026-02-02 18:55:24.670Z,INTERACTION,,4.0,2.0,,3.0,3.0,2.0,5.0,,experienced2,,experienced2,,wizard_interaction,blueAmulet
2026-02-02 18:55:26.312Z,GAME_ACTION,down,4.0,2.0,,3.0,3.0,2.0,5.0,,experienced2,,experienced2,,,
2026-02-02 18:55:27.349Z,GAME_ACTION,left,4.0,3.0,,3.0,3.0,2.0,5.0,,experienced2,,experienced2,,,
2026-02-02 18:55:27.748Z,GAME_ACTION,left,3.0,3.0,,3.0,3.0,2.0,5.0,,experienced2,,experienced2,,,
2026-02-02 18:55:28.162Z,GAME_ACTION,left,2.0,3.0,,3.0,3.0,2.0,5.0,,experienced2,,experienced2,,,
2026-02-02 18:55:28.530Z,GAME_ACTION,left,1.0,3.0,,3.0,3.0,2.0,5.0,,experienced2,,experienced2,,,
2026-02-02 18:55:29.648Z,GAME_ACTION,down,0.0,3.0,,3.0,3.0,2.0,5.0,,experienced2,,experienced2,,,
2026-02-02 18:55:30.226Z,GAME_ACTION,down,0.0,4.0,,3.0,3.0,2.0,5.0,,experienced2,,experienced2,,,
2026-02-02 18:55:30.828Z,GAME_ACTION,right,0.0,5.0,,3.0,3.0,2.0,5.0,,experienced2,,experienced2,,,
2026-02-02 18:55:31.288Z,GAME_ACTION,right,1.0,5.0,,3.0,3.0,2.0,5.0,,experienced2,,experienced2,,,
2026-02-02 18:55:31.662Z,GAME_ACTION,right,2.0,5.0,,3.0,3.0,2.0,5.0,,experienced2,,experienced2,,,
2026-02-02 18:55:32.359Z,GAME_ACTION,down,3.0,5.0,,3.0,3.0,2.0,5.0,,experienced2,,experienced2,,,
2026-02-02 18:55:32.732Z,GAME_ACTION,down,3.0,6.0,,3.0,3.0,2.0,5.0,,experienced2,,experienced2,,,
2026-02-02 18:55:33.186Z,GAME_ACTION,down,3.0,7.0,,3.0,3.0,2.0,5.0,,experienced2,,experienced2,,,
2026-02-02 18:55:33.820Z,GAME_ACTION,down,3.0,8.0,,3.0,3.0,2.0,5.0,,experienced2,,experienced2,,,
2026-02-02 18:55:34.812Z,GAME_ACTION,left,3.0,9.0,,3.0,3.0,2.0,5.0,,experienced2,,experienced2,,,
2026-02-02 18:55:35.506Z,GAME_ACTION,left,2.0,9.0,,3.0,3.0,2.0,5.0,,experienced2,,experienced2,,,
2026-02-02 18:55:36.296Z,GAME_ACTION,left,1.0,9.0,,3.0,3.0,2.0,5.0,,experienced2,,experienced2,,,
2026-02-02 18:55:37.226Z,GAME_ACTION,down,0.0,9.0,,3.0,3.0,2.0,5.0,,experienced2,,experienced2,,,
2026-02-02 18:55:38.280Z,GAME_ACTION,down,0.0,10.0,,3.0,3.0,2.0,5.0,,experienced2,,experienced2,,,
2026-02-02 18:55:38.280Z,INTERACTION,,0.0,10.0,,3.0,3.0,2.0,5.0,,experienced2,,experienced2,,treasure_interaction,B
2026-02-02 18:55:38.280Z,LEVEL_COMPLETE,,0.0,10.0,,3.0,3.0,2.0,5.0,,experienced2,,experienced2,,,
2026-02-02 18:55:41.293Z,LEVEL_COMPLETE,,0.0,10.0,,3.0,3.0,2.0,5.0,14.0,experienced2,,experienced2,,,

Level: sm531_1
Timestamp,Type,Player Action,Player X,Player Y,Observed Agent ID,NPC 1 X,NPC 1 Y,NPC 2 X,NPC 2 Y,Steps Remaining,NPC 1 Path Type,NPC 1 Path Index,NPC 2 Path Type,NPC 2 Path Index,Interaction Type,Interaction Details
2026-02-02 18:58:45.307Z,LEVEL_START,,,,,,,,,,,,,,,
2026-02-02 18:58:45.314Z,LEVEL_START,,,,,,,,,,,,,,,
2026-02-02 18:59:02.027Z,AGENT_OBSERVE,,0.0,11.0,3.0,0.0,1.0,,,,experienced1,,,,,
2026-02-02 18:59:02.497Z,AGENT_OBSERVE,,0.0,11.0,3.0,0.0,1.0,,,,experienced1,,,,,
2026-02-02 18:59:03.363Z,AGENT_OBSERVE,,0.0,11.0,3.0,0.0,2.0,,,,experienced1,,,,,
2026-02-02 18:59:03.801Z,AGENT_OBSERVE,,0.0,11.0,3.0,1.0,2.0,,,,experienced1,,,,,
2026-02-02 18:59:04.233Z,AGENT_OBSERVE,,0.0,11.0,3.0,2.0,2.0,,,,experienced1,,,,,
2026-02-02 18:59:04.637Z,AGENT_OBSERVE,,0.0,11.0,3.0,3.0,2.0,,,,experienced1,,,,,
2026-02-02 18:59:05.161Z,AGENT_OBSERVE,,0.0,11.0,3.0,4.0,2.0,,,,experienced1,,,,,
2026-02-02 18:59:06.011Z,AGENT_OBSERVE,,0.0,11.0,3.0,4.0,1.0,,,,experienced1,,,,,
2026-02-02 18:59:07.333Z,GAME_ACTION,up,0.0,11.0,,4.0,1.0,,,,experienced1,,,,,
2026-02-02 18:59:07.629Z,GAME_ACTION,up,0.0,10.0,,4.0,1.0,,,,experienced1,,,,,
2026-02-02 18:59:07.957Z,GAME_ACTION,up,0.0,9.0,,4.0,1.0,,,,experienced1,,,,,
2026-02-02 18:59:08.379Z,GAME_ACTION,up,0.0,8.0,,4.0,1.0,,,,experienced1,,,,,
2026-02-02 18:59:09.269Z,GAME_ACTION,right,0.0,7.0,,4.0,1.0,,,,experienced1,,,,,
2026-02-02 18:59:09.613Z,GAME_ACTION,right,1.0,7.0,,4.0,1.0,,,,experienced1,,,,,
2026-02-02 18:59:10.035Z,GAME_ACTION,right,2.0,7.0,,4.0,1.0,,,,experienced1,,,,,
2026-02-02 18:59:10.567Z,GAME_ACTION,right,3.0,7.0,,4.0,1.0,,,,experienced1,,,,,
2026-02-02 18:59:11.629Z,GAME_ACTION,up,4.0,7.0,,4.0,1.0,,,,experienced1,,,,,
2026-02-02 18:59:11.989Z,GAME_ACTION,up,4.0,6.0,,4.0,1.0,,,,experienced1,,,,,
2026-02-02 18:59:12.363Z,GAME_ACTION,up,4.0,5.0,,4.0,1.0,,,,experienced1,,,,,
2026-02-02 18:59:12.769Z,GAME_ACTION,up,4.0,4.0,,4.0,1.0,,,,experienced1,,,,,
2026-02-02 18:59:13.167Z,GAME_ACTION,up,4.0,3.0,,4.0,1.0,,,,experienced1,,,,,
2026-02-02 18:59:13.567Z,GAME_ACTION,up,4.0,2.0,,4.0,1.0,,,,experienced1,,,,,
2026-02-02 18:59:14.192Z,GAME_ACTION,up,4.0,1.0,,4.0,1.0,,,,experienced1,,,,,
2026-02-02 18:59:14.192Z,INTERACTION,,4.0,1.0,,4.0,1.0,,,,experienced1,,,,wizard_interaction,blueAmulet
2026-02-02 18:59:14.997Z,GAME_ACTION,down,4.0,1.0,,4.0,1.0,,,,experienced1,,,,,
2026-02-02 18:59:15.433Z,GAME_ACTION,down,4.0,2.0,,4.0,1.0,,,,experienced1,,,,,
2026-02-02 18:59:15.793Z,GAME_ACTION,down,4.0,3.0,,4.0,1.0,,,,experienced1,,,,,
2026-02-02 18:59:16.183Z,GAME_ACTION,down,4.0,4.0,,4.0,1.0,,,,experienced1,,,,,
2026-02-02 18:59:16.621Z,GAME_ACTION,down,4.0,5.0,,4.0,1.0,,,,experienced1,,,,,
2026-02-02 18:59:17.223Z,GAME_ACTION,down,4.0,6.0,,4.0,1.0,,,,experienced1,,,,,
2026-02-02 18:59:17.855Z,GAME_ACTION,right,4.0,7.0,,4.0,1.0,,,,experienced1,,,,,
2026-02-02 18:59:18.261Z,GAME_ACTION,right,5.0,7.0,,4.0,1.0,,,,experienced1,,,,,
2026-02-02 18:59:18.659Z,GAME_ACTION,right,6.0,7.0,,4.0,1.0,,,,experienced1,,,,,
2026-02-02 18:59:19.035Z,GAME_ACTION,right,7.0,7.0,,4.0,1.0,,,,experienced1,,,,,
2026-02-02 18:59:19.473Z,GAME_ACTION,right,8.0,7.0,,4.0,1.0,,,,experienced1,,,,,
2026-02-02 18:59:20.543Z,GAME_ACTION,right,9.0,7.0,,4.0,1.0,,,,experienced1,,,,,
2026-02-02 18:59:20.543Z,INTERACTION,,9.0,7.0,,4.0,1.0,,,,experienced1,,,,treasure_interaction,A
2026-02-02 18:59:20.543Z,LEVEL_COMPLETE,,9.0,7.0,,4.0,1.0,,,,experienced1,,,,,
2026-02-02 18:59:23.550Z,LEVEL_COMPLETE,,9.0,7.0,,4.0,1.0,,,18.0,experienced1,,,,,

Level: sm541_2
Timestamp,Type,Player Action,Player X,Player Y,Observed Agent ID,NPC 1 X,NPC 1 Y,NPC 2 X,NPC 2 Y,Steps Remaining,NPC 1 Path Type,NPC 1 Path Index,NPC 2 Path Type,NPC 2 Path Index,Interaction Type,Interaction Details
2026-02-02 18:52:48.201Z,LEVEL_START,,,,,,,,,,,,,,,
2026-02-02 18:52:48.208Z,LEVEL_START,,,,,,,,,,,,,,,
2026-02-02 18:53:08.555Z,AGENT_OBSERVE,,0.0,7.0,3.0,4.0,1.0,,,,experienced2,,,,,
2026-02-02 18:53:11.461Z,AGENT_OBSERVE,,0.0,7.0,3.0,4.0,1.0,,,,experienced2,,,,,
2026-02-02 18:53:12.679Z,AGENT_OBSERVE,,0.0,7.0,3.0,4.0,2.0,,,,experienced2,,,,,
2026-02-02 18:53:13.305Z,AGENT_OBSERVE,,0.0,7.0,3.0,3.0,2.0,,,,experienced2,,,,,
2026-02-02 18:53:14.727Z,AGENT_OBSERVE,,0.0,7.0,3.0,2.0,2.0,,,,experienced2,,,,,
2026-02-02 18:53:16.821Z,AGENT_OBSERVE,,0.0,7.0,3.0,2.0,1.0,,,,experienced2,,,,,
2026-02-02 18:53:20.595Z,AGENT_OBSERVE,,0.0,7.0,3.0,2.0,1.0,,,,experienced2,,,,,
2026-02-02 18:53:21.445Z,AGENT_OBSERVE,,0.0,7.0,3.0,2.0,2.0,,,,experienced2,,,,,
2026-02-02 18:53:21.993Z,AGENT_OBSERVE,,0.0,7.0,3.0,3.0,2.0,,,,experienced2,,,,,
2026-02-02 18:53:22.523Z,AGENT_OBSERVE,,0.0,7.0,3.0,4.0,2.0,,,,experienced2,,,,,
2026-02-02 18:53:23.015Z,AGENT_OBSERVE,,0.0,7.0,3.0,5.0,2.0,,,,experienced2,,,,,
2026-02-02 18:53:23.444Z,AGENT_OBSERVE,,0.0,7.0,3.0,5.0,3.0,,,,experienced2,,,,,
2026-02-02 18:53:27.289Z,GAME_ACTION,down,0.0,7.0,,5.0,3.0,,,,experienced2,,,,,
2026-02-02 18:53:28.343Z,GAME_ACTION,down,0.0,8.0,,5.0,3.0,,,,experienced2,,,,,
2026-02-02 18:53:28.977Z,GAME_ACTION,right,0.0,9.0,,5.0,3.0,,,,experienced2,,,,,
2026-02-02 18:53:29.399Z,GAME_ACTION,right,1.0,9.0,,5.0,3.0,,,,experienced2,,,,,
2026-02-02 18:53:29.805Z,GAME_ACTION,right,2.0,9.0,,5.0,3.0,,,,experienced2,,,,,
2026-02-02 18:53:30.265Z,GAME_ACTION,right,3.0,9.0,,5.0,3.0,,,,experienced2,,,,,
2026-02-02 18:53:30.781Z,GAME_ACTION,right,4.0,9.0,,5.0,3.0,,,,experienced2,,,,,
2026-02-02 18:53:31.413Z,GAME_ACTION,up,5.0,9.0,,5.0,3.0,,,,experienced2,,,,,
2026-02-02 18:53:31.773Z,GAME_ACTION,up,5.0,8.0,,5.0,3.0,,,,experienced2,,,,,
2026-02-02 18:53:32.196Z,GAME_ACTION,up,5.0,7.0,,5.0,3.0,,,,experienced2,,,,,
2026-02-02 18:53:32.593Z,GAME_ACTION,up,5.0,6.0,,5.0,3.0,,,,experienced2,,,,,
2026-02-02 18:53:33.016Z,GAME_ACTION,up,5.0,5.0,,5.0,3.0,,,,experienced2,,,,,
2026-02-02 18:53:33.438Z,GAME_ACTION,up,5.0,4.0,,5.0,3.0,,,,experienced2,,,,,
2026-02-02 18:53:33.852Z,GAME_ACTION,up,5.0,3.0,,5.0,3.0,,,,experienced2,,,,,
2026-02-02 18:53:34.868Z,GAME_ACTION,left,5.0,2.0,,5.0,3.0,,,,experienced2,,,,,
2026-02-02 18:53:35.313Z,GAME_ACTION,left,4.0,2.0,,5.0,3.0,,,,experienced2,,,,,
2026-02-02 18:53:35.774Z,GAME_ACTION,left,3.0,2.0,,5.0,3.0,,,,experienced2,,,,,
2026-02-02 18:53:36.462Z,GAME_ACTION,up,2.0,2.0,,5.0,3.0,,,,experienced2,,,,,
2026-02-02 18:53:37.039Z,GAME_ACTION,up,2.0,1.0,,5.0,3.0,,,,experienced2,,,,,
2026-02-02 18:53:37.040Z,INTERACTION,,2.0,1.0,,5.0,3.0,,,,experienced2,,,,wizard_interaction,blueAmulet
2026-02-02 18:53:39.040Z,GAME_ACTION,down,2.0,1.0,,5.0,3.0,,,,experienced2,,,,,
2026-02-02 18:53:40.586Z,GAME_ACTION,right,2.0,2.0,,5.0,3.0,,,,experienced2,,,,,
2026-02-02 18:53:41.069Z,GAME_ACTION,right,3.0,2.0,,5.0,3.0,,,,experienced2,,,,,
2026-02-02 18:53:41.672Z,GAME_ACTION,right,4.0,2.0,,5.0,3.0,,,,experienced2,,,,,
2026-02-02 18:53:42.446Z,GAME_ACTION,down,5.0,2.0,,5.0,3.0,,,,experienced2,,,,,
2026-02-02 18:53:42.852Z,GAME_ACTION,down,5.0,3.0,,5.0,3.0,,,,experienced2,,,,,
2026-02-02 18:53:43.242Z,GAME_ACTION,down,5.0,4.0,,5.0,3.0,,,,experienced2,,,,,
2026-02-02 18:53:44.171Z,GAME_ACTION,left,5.0,5.0,,5.0,3.0,,,,experienced2,,,,,
2026-02-02 18:53:44.586Z,GAME_ACTION,left,4.0,5.0,,5.0,3.0,,,,experienced2,,,,,
2026-02-02 18:53:45.040Z,GAME_ACTION,left,3.0,5.0,,5.0,3.0,,,,experienced2,,,,,
2026-02-02 18:53:45.508Z,GAME_ACTION,left,2.0,5.0,,5.0,3.0,,,,experienced2,,,,,
2026-02-02 18:53:46.048Z,GAME_ACTION,left,1.0,5.0,,5.0,3.0,,,,experienced2,,,,,
2026-02-02 18:53:46.048Z,INTERACTION,,1.0,5.0,,5.0,3.0,,,,experienced2,,,,treasure_interaction,A
2026-02-02 18:53:46.048Z,LEVEL_COMPLETE,,1.0,5.0,,5.0,3.0,,,,experienced2,,,,,
2026-02-02 18:53:49.050Z,LEVEL_COMPLETE,,1.0,5.0,,5.0,3.0,,,12.0,experienced2,,,,,

Level: sm611_1
Timestamp,Type,Player Action,Player X,Player Y,Observed Agent ID,NPC 1 X,NPC 1 Y,NPC 2 X,NPC 2 Y,Steps Remaining,NPC 1 Path Type,NPC 1 Path Index,NPC 2 Path Type,NPC 2 Path Index,Interaction Type,Interaction Details
2026-02-02 18:50:11.024Z,LEVEL_START,,,,,,,,,,,,,,,
2026-02-02 18:50:11.042Z,LEVEL_START,,,,,,,,,,,,,,,
2026-02-02 18:50:42.197Z,AGENT_OBSERVE,,2.0,11.0,3.0,10.0,1.0,,,,experienced1,,,,,
2026-02-02 18:50:50.689Z,AGENT_OBSERVE,,2.0,11.0,3.0,10.0,1.0,,,,experienced1,,,,,
2026-02-02 18:50:52.126Z,AGENT_OBSERVE,,2.0,11.0,3.0,10.0,2.0,,,,experienced1,,,,,
2026-02-02 18:50:52.704Z,AGENT_OBSERVE,,2.0,11.0,3.0,10.0,3.0,,,,experienced1,,,,,
2026-02-02 18:50:53.376Z,AGENT_OBSERVE,,2.0,11.0,3.0,9.0,3.0,,,,experienced1,,,,,
2026-02-02 18:50:53.971Z,AGENT_OBSERVE,,2.0,11.0,3.0,8.0,3.0,,,,experienced1,,,,,
2026-02-02 18:50:54.597Z,AGENT_OBSERVE,,2.0,11.0,3.0,7.0,3.0,,,,experienced1,,,,,
2026-02-02 18:50:55.110Z,AGENT_OBSERVE,,2.0,11.0,3.0,6.0,3.0,,,,experienced1,,,,,
2026-02-02 18:51:01.831Z,GAME_ACTION,up,2.0,11.0,,6.0,3.0,,,,experienced1,,,,,
2026-02-02 18:51:02.331Z,GAME_ACTION,up,2.0,10.0,,6.0,3.0,,,,experienced1,,,,,
2026-02-02 18:51:02.839Z,GAME_ACTION,up,2.0,9.0,,6.0,3.0,,,,experienced1,,,,,
2026-02-02 18:51:03.486Z,GAME_ACTION,right,2.0,8.0,,6.0,3.0,,,,experienced1,,,,,
2026-02-02 18:51:03.885Z,GAME_ACTION,right,3.0,8.0,,6.0,3.0,,,,experienced1,,,,,
2026-02-02 18:51:04.306Z,GAME_ACTION,right,4.0,8.0,,6.0,3.0,,,,experienced1,,,,,
2026-02-02 18:51:04.745Z,GAME_ACTION,right,5.0,8.0,,6.0,3.0,,,,experienced1,,,,,
2026-02-02 18:51:05.306Z,GAME_ACTION,up,6.0,8.0,,6.0,3.0,,,,experienced1,,,,,
2026-02-02 18:51:05.737Z,GAME_ACTION,up,6.0,7.0,,6.0,3.0,,,,experienced1,,,,,
2026-02-02 18:51:06.166Z,GAME_ACTION,up,6.0,6.0,,6.0,3.0,,,,experienced1,,,,,
2026-02-02 18:51:06.605Z,GAME_ACTION,up,6.0,5.0,,6.0,3.0,,,,experienced1,,,,,
2026-02-02 18:51:07.182Z,GAME_ACTION,left,6.0,4.0,,6.0,3.0,,,,experienced1,,,,,
2026-02-02 18:51:07.588Z,GAME_ACTION,left,5.0,4.0,,6.0,3.0,,,,experienced1,,,,,
2026-02-02 18:51:08.033Z,GAME_ACTION,left,4.0,4.0,,6.0,3.0,,,,experienced1,,,,,
2026-02-02 18:51:08.479Z,GAME_ACTION,left,3.0,4.0,,6.0,3.0,,,,experienced1,,,,,
2026-02-02 18:51:08.917Z,GAME_ACTION,left,2.0,4.0,,6.0,3.0,,,,experienced1,,,,,
2026-02-02 18:51:10.111Z,GAME_ACTION,left,1.0,4.0,,6.0,3.0,,,,experienced1,,,,,
2026-02-02 18:51:10.111Z,INTERACTION,,1.0,4.0,,6.0,3.0,,,,experienced1,,,,wizard_interaction,blueAmulet
2026-02-02 18:51:11.487Z,GAME_ACTION,right,1.0,4.0,,6.0,3.0,,,,experienced1,,,,,
2026-02-02 18:51:11.860Z,GAME_ACTION,right,2.0,4.0,,6.0,3.0,,,,experienced1,,,,,
2026-02-02 18:51:12.720Z,GAME_ACTION,right,4.0,4.0,,6.0,3.0,,,,experienced1,,,,,
2026-02-02 18:51:13.213Z,GAME_ACTION,right,5.0,4.0,,6.0,3.0,,,,experienced1,,,,,
2026-02-02 18:51:13.753Z,GAME_ACTION,up,6.0,4.0,,6.0,3.0,,,,experienced1,,,,,
2026-02-02 18:51:14.430Z,GAME_ACTION,right,6.0,3.0,,6.0,3.0,,,,experienced1,,,,,
2026-02-02 18:51:15.151Z,GAME_ACTION,up,7.0,3.0,,6.0,3.0,,,,experienced1,,,,,
2026-02-02 18:51:15.595Z,GAME_ACTION,up,7.0,2.0,,6.0,3.0,,,,experienced1,,,,,
2026-02-02 18:51:16.190Z,GAME_ACTION,up,7.0,1.0,,6.0,3.0,,,,experienced1,,,,,
2026-02-02 18:51:16.190Z,INTERACTION,,7.0,1.0,,6.0,3.0,,,,experienced1,,,,treasure_interaction,A
2026-02-02 18:51:16.190Z,LEVEL_COMPLETE,,7.0,1.0,,6.0,3.0,,,,experienced1,,,,,
2026-02-02 18:51:19.206Z,LEVEL_COMPLETE,,7.0,1.0,,6.0,3.0,,,18.0,experienced1,,,,,

