Session ID,u1763658959681
Completed At,2025-11-20 17:43:22.449Z
Created At,2025-11-20 17:15:59.681Z

User Data
prolificId,66444fab51653be6d035845e
age,33
gender,female
feedback,It was fun!!
timestamp,1763660602210

Comprehension Check
Passed,TRUE

Level: comprehension_check
Timestamp,Type,Player Action,Player X,Player Y,Observed Agent ID,NPC 1 X,NPC 1 Y,NPC 2 X,NPC 2 Y,Steps Remaining,NPC 1 Path Type,NPC 1 Path Index,NPC 2 Path Type,NPC 2 Path Index,Interaction Type,Interaction Details
2025-11-20 17:21:34.267Z,INTERACTION,,,,,,,,,,,,,,comprehension_check,passed

Level: experiment
Timestamp,Type,Player Action,Player X,Player Y,Observed Agent ID,NPC 1 X,NPC 1 Y,NPC 2 X,NPC 2 Y,Steps Remaining,NPC 1 Path Type,NPC 1 Path Index,NPC 2 Path Type,NPC 2 Path Index,Interaction Type,Interaction Details
2025-11-20 17:43:09.587Z,EXPERIMENT_COMPLETE,,,,,,,,,,,,,,,

Level: s111_1
Timestamp,Type,Player Action,Player X,Player Y,Observed Agent ID,NPC 1 X,NPC 1 Y,NPC 2 X,NPC 2 Y,Steps Remaining,NPC 1 Path Type,NPC 1 Path Index,NPC 2 Path Type,NPC 2 Path Index,Interaction Type,Interaction Details
2025-11-20 17:15:59.799Z,LEVEL_START,,,,,,,,,,,,,,,

Level: sm111_1
Timestamp,Type,Player Action,Player X,Player Y,Observed Agent ID,NPC 1 X,NPC 1 Y,NPC 2 X,NPC 2 Y,Steps Remaining,NPC 1 Path Type,NPC 1 Path Index,NPC 2 Path Type,NPC 2 Path Index,Interaction Type,Interaction Details
2025-11-20 17:15:59.858Z,LEVEL_START,,,,,,,,,,,,,,,
2025-11-20 17:22:04.218Z,GAME_ACTION,up,5.0,7.0,,,,,,,,,,,,
2025-11-20 17:22:10.378Z,GAME_ACTION,up,5.0,6.0,,,,,,,,,,,,
2025-11-20 17:22:11.129Z,GAME_ACTION,up,5.0,5.0,,,,,,,,,,,,
2025-11-20 17:22:11.817Z,GAME_ACTION,up,5.0,4.0,,,,,,,,,,,,
2025-11-20 17:22:12.458Z,GAME_ACTION,up,5.0,3.0,,,,,,,,,,,,
2025-11-20 17:22:13.865Z,GAME_ACTION,up,5.0,2.0,,,,,,,,,,,,
2025-11-20 17:22:13.866Z,INTERACTION,,5.0,2.0,,,,,,,,,,,wizard_interaction,redAmulet
2025-11-20 17:22:18.082Z,AGENT_OBSERVE,,5.0,2.0,2.0,,,5.0,4.0,,,,experienced1,,,
2025-11-20 17:22:55.042Z,GAME_ACTION,down,5.0,2.0,,,,5.0,4.0,,,,experienced1,,,
2025-11-20 17:23:08.313Z,GAME_ACTION,right,5.0,3.0,,,,5.0,4.0,,,,experienced1,,,
2025-11-20 17:23:24.561Z,AGENT_OBSERVE,,6.0,3.0,2.0,,,5.0,5.0,,,,experienced1,,,
2025-11-20 17:23:29.562Z,AGENT_OBSERVE,,6.0,3.0,2.0,,,5.0,6.0,,,,experienced1,,,
2025-11-20 17:23:37.313Z,AGENT_OBSERVE,,6.0,3.0,3.0,5.0,9.0,5.0,6.0,,experienced1,,experienced1,,,
2025-11-20 17:23:40.633Z,AGENT_OBSERVE,,6.0,3.0,3.0,5.0,8.0,5.0,6.0,,experienced1,,experienced1,,,
2025-11-20 17:23:44.266Z,AGENT_OBSERVE,,6.0,3.0,3.0,5.0,7.0,5.0,6.0,,experienced1,,experienced1,,,
2025-11-20 17:23:48.641Z,AGENT_OBSERVE,,6.0,3.0,3.0,5.0,6.0,5.0,6.0,,experienced1,,experienced1,,,
2025-11-20 17:23:51.962Z,AGENT_OBSERVE,,6.0,3.0,3.0,5.0,5.0,5.0,6.0,,experienced1,,experienced1,,,
2025-11-20 17:23:54.049Z,AGENT_OBSERVE,,6.0,3.0,3.0,6.0,5.0,5.0,6.0,,experienced1,,experienced1,,,
2025-11-20 17:23:57.169Z,AGENT_OBSERVE,,6.0,3.0,3.0,7.0,5.0,5.0,6.0,,experienced1,,experienced1,,,
2025-11-20 17:24:00.010Z,AGENT_OBSERVE,,6.0,3.0,3.0,8.0,5.0,5.0,6.0,,experienced1,,experienced1,,,
2025-11-20 17:24:01.513Z,AGENT_OBSERVE,,6.0,3.0,3.0,8.0,5.0,5.0,6.0,,experienced1,,experienced1,,,
2025-11-20 17:24:05.586Z,GAME_ACTION,left,6.0,3.0,,8.0,5.0,5.0,6.0,,experienced1,,experienced1,,,
2025-11-20 17:24:07.193Z,GAME_ACTION,down,5.0,3.0,,8.0,5.0,5.0,6.0,,experienced1,,experienced1,,,
2025-11-20 17:24:08.249Z,GAME_ACTION,down,5.0,4.0,,8.0,5.0,5.0,6.0,,experienced1,,experienced1,,,
2025-11-20 17:24:09.282Z,GAME_ACTION,right,5.0,5.0,,8.0,5.0,5.0,6.0,,experienced1,,experienced1,,,
2025-11-20 17:24:10.017Z,GAME_ACTION,right,6.0,5.0,,8.0,5.0,5.0,6.0,,experienced1,,experienced1,,,
2025-11-20 17:24:10.634Z,GAME_ACTION,right,7.0,5.0,,8.0,5.0,5.0,6.0,,experienced1,,experienced1,,,
2025-11-20 17:24:11.449Z,GAME_ACTION,right,8.0,5.0,,8.0,5.0,5.0,6.0,,experienced1,,experienced1,,,
2025-11-20 17:24:11.449Z,INTERACTION,,8.0,5.0,,8.0,5.0,5.0,6.0,,experienced1,,experienced1,,wizard_interaction,blueAmulet
2025-11-20 17:24:14.601Z,GAME_ACTION,left,8.0,5.0,,8.0,5.0,5.0,6.0,,experienced1,,experienced1,,,
2025-11-20 17:24:15.433Z,GAME_ACTION,left,7.0,5.0,,8.0,5.0,5.0,6.0,,experienced1,,experienced1,,,
2025-11-20 17:24:16.001Z,GAME_ACTION,left,6.0,5.0,,8.0,5.0,5.0,6.0,,experienced1,,experienced1,,,
2025-11-20 17:24:17.210Z,GAME_ACTION,down,5.0,5.0,,8.0,5.0,5.0,6.0,,experienced1,,experienced1,,,
2025-11-20 17:24:17.801Z,GAME_ACTION,down,5.0,6.0,,8.0,5.0,5.0,6.0,,experienced1,,experienced1,,,
2025-11-20 17:24:18.433Z,GAME_ACTION,down,5.0,7.0,,8.0,5.0,5.0,6.0,,experienced1,,experienced1,,,
2025-11-20 17:24:19.001Z,GAME_ACTION,down,5.0,8.0,,8.0,5.0,5.0,6.0,,experienced1,,experienced1,,,
2025-11-20 17:24:20.218Z,GAME_ACTION,right,5.0,9.0,,8.0,5.0,5.0,6.0,,experienced1,,experienced1,,,
2025-11-20 17:24:21.297Z,GAME_ACTION,right,6.0,9.0,,8.0,5.0,5.0,6.0,,experienced1,,experienced1,,,
2025-11-20 17:24:22.465Z,GAME_ACTION,right,7.0,9.0,,8.0,5.0,5.0,6.0,,experienced1,,experienced1,,,
2025-11-20 17:24:23.906Z,GAME_ACTION,right,8.0,9.0,,8.0,5.0,5.0,6.0,,experienced1,,experienced1,,,
2025-11-20 17:24:23.906Z,INTERACTION,,8.0,9.0,,8.0,5.0,5.0,6.0,,experienced1,,experienced1,,treasure_interaction,B
2025-11-20 17:24:23.906Z,LEVEL_COMPLETE,,8.0,9.0,,8.0,5.0,5.0,6.0,,experienced1,,experienced1,,,
2025-11-20 17:24:26.910Z,LEVEL_COMPLETE,,8.0,9.0,,8.0,5.0,5.0,6.0,-5.0,experienced1,,experienced1,,,

Level: sm112_1
Timestamp,Type,Player Action,Player X,Player Y,Observed Agent ID,NPC 1 X,NPC 1 Y,NPC 2 X,NPC 2 Y,Steps Remaining,NPC 1 Path Type,NPC 1 Path Index,NPC 2 Path Type,NPC 2 Path Index,Interaction Type,Interaction Details
2025-11-20 17:24:27.030Z,LEVEL_START,,,,,,,,,,,,,,,
2025-11-20 17:24:27.038Z,LEVEL_START,,,,,,,,,,,,,,,
2025-11-20 17:25:20.697Z,AGENT_OBSERVE,,5.0,7.0,2.0,,,6.0,3.0,,,,experienced1,,,
2025-11-20 17:25:26.409Z,AGENT_OBSERVE,,5.0,7.0,3.0,5.0,9.0,6.0,3.0,,experienced1,,experienced1,,,
2025-11-20 17:25:28.442Z,AGENT_OBSERVE,,5.0,7.0,3.0,5.0,10.0,6.0,3.0,,experienced1,,experienced1,,,
2025-11-20 17:25:30.009Z,AGENT_OBSERVE,,5.0,7.0,3.0,5.0,10.0,6.0,3.0,,experienced1,,experienced1,,,
2025-11-20 17:25:35.913Z,GAME_ACTION,down,5.0,7.0,,5.0,10.0,6.0,3.0,,experienced1,,experienced1,,,
2025-11-20 17:25:37.681Z,GAME_ACTION,down,5.0,8.0,,5.0,10.0,6.0,3.0,,experienced1,,experienced1,,,
2025-11-20 17:25:38.905Z,GAME_ACTION,left,5.0,9.0,,5.0,10.0,6.0,3.0,,experienced1,,experienced1,,,
2025-11-20 17:25:39.954Z,GAME_ACTION,left,4.0,9.0,,5.0,10.0,6.0,3.0,,experienced1,,experienced1,,,
2025-11-20 17:25:41.026Z,GAME_ACTION,left,3.0,9.0,,5.0,10.0,6.0,3.0,,experienced1,,experienced1,,,
2025-11-20 17:25:41.722Z,GAME_ACTION,left,2.0,9.0,,5.0,10.0,6.0,3.0,,experienced1,,experienced1,,,
2025-11-20 17:25:43.066Z,GAME_ACTION,down,1.0,9.0,,5.0,10.0,6.0,3.0,,experienced1,,experienced1,,,
2025-11-20 17:25:43.578Z,GAME_ACTION,down,1.0,10.0,,5.0,10.0,6.0,3.0,,experienced1,,experienced1,,,
2025-11-20 17:25:43.578Z,INTERACTION,,1.0,10.0,,5.0,10.0,6.0,3.0,,experienced1,,experienced1,,wizard_interaction,redAmulet
2025-11-20 17:25:45.153Z,GAME_ACTION,up,1.0,10.0,,5.0,10.0,6.0,3.0,,experienced1,,experienced1,,,
2025-11-20 17:25:46.273Z,GAME_ACTION,right,1.0,9.0,,5.0,10.0,6.0,3.0,,experienced1,,experienced1,,,
2025-11-20 17:25:46.889Z,GAME_ACTION,right,2.0,9.0,,5.0,10.0,6.0,3.0,,experienced1,,experienced1,,,
2025-11-20 17:25:47.482Z,GAME_ACTION,right,3.0,9.0,,5.0,10.0,6.0,3.0,,experienced1,,experienced1,,,
2025-11-20 17:25:47.993Z,GAME_ACTION,right,4.0,9.0,,5.0,10.0,6.0,3.0,,experienced1,,experienced1,,,
2025-11-20 17:25:48.890Z,GAME_ACTION,down,5.0,9.0,,5.0,10.0,6.0,3.0,,experienced1,,experienced1,,,
2025-11-20 17:25:49.554Z,GAME_ACTION,down,5.0,10.0,,5.0,10.0,6.0,3.0,,experienced1,,experienced1,,,
2025-11-20 17:25:49.554Z,INTERACTION,,5.0,10.0,,5.0,10.0,6.0,3.0,,experienced1,,experienced1,,wizard_interaction,blueAmulet
2025-11-20 17:25:50.841Z,GAME_ACTION,up,5.0,10.0,,5.0,10.0,6.0,3.0,,experienced1,,experienced1,,,
2025-11-20 17:25:51.401Z,GAME_ACTION,up,5.0,9.0,,5.0,10.0,6.0,3.0,,experienced1,,experienced1,,,
2025-11-20 17:25:52.050Z,GAME_ACTION,up,5.0,8.0,,5.0,10.0,6.0,3.0,,experienced1,,experienced1,,,
2025-11-20 17:25:54.857Z,GAME_ACTION,left,5.0,7.0,,5.0,10.0,6.0,3.0,,experienced1,,experienced1,,,
2025-11-20 17:25:55.410Z,GAME_ACTION,left,4.0,7.0,,5.0,10.0,6.0,3.0,,experienced1,,experienced1,,,
2025-11-20 17:25:56.193Z,GAME_ACTION,left,3.0,7.0,,5.0,10.0,6.0,3.0,,experienced1,,experienced1,,,
2025-11-20 17:25:56.874Z,GAME_ACTION,left,2.0,7.0,,5.0,10.0,6.0,3.0,,experienced1,,experienced1,,,
2025-11-20 17:25:56.874Z,INTERACTION,,2.0,7.0,,5.0,10.0,6.0,3.0,,experienced1,,experienced1,,treasure_interaction,B
2025-11-20 17:25:56.874Z,LEVEL_COMPLETE,,2.0,7.0,,5.0,10.0,6.0,3.0,,experienced1,,experienced1,,,
2025-11-20 17:25:59.887Z,LEVEL_COMPLETE,,2.0,7.0,,5.0,10.0,6.0,3.0,36.0,experienced1,,experienced1,,,

Level: sm211_1
Timestamp,Type,Player Action,Player X,Player Y,Observed Agent ID,NPC 1 X,NPC 1 Y,NPC 2 X,NPC 2 Y,Steps Remaining,NPC 1 Path Type,NPC 1 Path Index,NPC 2 Path Type,NPC 2 Path Index,Interaction Type,Interaction Details
2025-11-20 17:42:16.396Z,LEVEL_START,,,,,,,,,,,,,,,
2025-11-20 17:42:16.397Z,LEVEL_START,,,,,,,,,,,,,,,
2025-11-20 17:42:37.578Z,AGENT_OBSERVE,,7.0,9.0,3.0,2.0,4.0,,,,experienced1,,,,,
2025-11-20 17:42:40.017Z,AGENT_OBSERVE,,7.0,9.0,2.0,2.0,4.0,2.0,4.0,,experienced1,,experienced1,,,
2025-11-20 17:42:41.466Z,AGENT_OBSERVE,,7.0,9.0,3.0,2.0,3.0,2.0,4.0,,experienced1,,experienced1,,,
2025-11-20 17:42:42.913Z,AGENT_OBSERVE,,7.0,9.0,3.0,3.0,3.0,2.0,4.0,,experienced1,,experienced1,,,
2025-11-20 17:42:48.841Z,GAME_ACTION,left,7.0,9.0,,3.0,3.0,2.0,4.0,,experienced1,,experienced1,,,
2025-11-20 17:42:49.137Z,GAME_ACTION,left,6.0,9.0,,3.0,3.0,2.0,4.0,,experienced1,,experienced1,,,
2025-11-20 17:42:49.481Z,GAME_ACTION,left,5.0,9.0,,3.0,3.0,2.0,4.0,,experienced1,,experienced1,,,
2025-11-20 17:42:49.841Z,GAME_ACTION,left,4.0,9.0,,3.0,3.0,2.0,4.0,,experienced1,,experienced1,,,
2025-11-20 17:42:50.185Z,GAME_ACTION,left,3.0,9.0,,3.0,3.0,2.0,4.0,,experienced1,,experienced1,,,
2025-11-20 17:42:50.953Z,GAME_ACTION,up,2.0,9.0,,3.0,3.0,2.0,4.0,,experienced1,,experienced1,,,
2025-11-20 17:42:51.225Z,GAME_ACTION,up,2.0,8.0,,3.0,3.0,2.0,4.0,,experienced1,,experienced1,,,
2025-11-20 17:42:51.497Z,GAME_ACTION,up,2.0,7.0,,3.0,3.0,2.0,4.0,,experienced1,,experienced1,,,
2025-11-20 17:42:51.777Z,GAME_ACTION,up,2.0,6.0,,3.0,3.0,2.0,4.0,,experienced1,,experienced1,,,
2025-11-20 17:42:52.073Z,GAME_ACTION,up,2.0,5.0,,3.0,3.0,2.0,4.0,,experienced1,,experienced1,,,
2025-11-20 17:42:52.417Z,GAME_ACTION,up,2.0,4.0,,3.0,3.0,2.0,4.0,,experienced1,,experienced1,,,
2025-11-20 17:42:53.393Z,GAME_ACTION,right,2.0,3.0,,3.0,3.0,2.0,4.0,,experienced1,,experienced1,,,
2025-11-20 17:42:53.753Z,GAME_ACTION,right,3.0,3.0,,3.0,3.0,2.0,4.0,,experienced1,,experienced1,,,
2025-11-20 17:42:54.169Z,GAME_ACTION,right,4.0,3.0,,3.0,3.0,2.0,4.0,,experienced1,,experienced1,,,
2025-11-20 17:42:54.481Z,GAME_ACTION,right,5.0,3.0,,3.0,3.0,2.0,4.0,,experienced1,,experienced1,,,
2025-11-20 17:42:54.801Z,GAME_ACTION,right,6.0,3.0,,3.0,3.0,2.0,4.0,,experienced1,,experienced1,,,
2025-11-20 17:42:55.129Z,GAME_ACTION,right,7.0,3.0,,3.0,3.0,2.0,4.0,,experienced1,,experienced1,,,
2025-11-20 17:42:55.465Z,GAME_ACTION,right,8.0,3.0,,3.0,3.0,2.0,4.0,,experienced1,,experienced1,,,
2025-11-20 17:42:55.809Z,GAME_ACTION,right,9.0,3.0,,3.0,3.0,2.0,4.0,,experienced1,,experienced1,,,
2025-11-20 17:42:56.593Z,GAME_ACTION,up,10.0,3.0,,3.0,3.0,2.0,4.0,,experienced1,,experienced1,,,
2025-11-20 17:42:56.946Z,GAME_ACTION,up,10.0,2.0,,3.0,3.0,2.0,4.0,,experienced1,,experienced1,,,
2025-11-20 17:42:57.273Z,GAME_ACTION,up,10.0,1.0,,3.0,3.0,2.0,4.0,,experienced1,,experienced1,,,
2025-11-20 17:42:57.273Z,INTERACTION,,10.0,1.0,,3.0,3.0,2.0,4.0,,experienced1,,experienced1,,wizard_interaction,blueAmulet
2025-11-20 17:42:58.841Z,GAME_ACTION,down,10.0,1.0,,3.0,3.0,2.0,4.0,,experienced1,,experienced1,,,
2025-11-20 17:42:59.217Z,GAME_ACTION,down,10.0,2.0,,3.0,3.0,2.0,4.0,,experienced1,,experienced1,,,
2025-11-20 17:42:59.857Z,GAME_ACTION,left,10.0,3.0,,3.0,3.0,2.0,4.0,,experienced1,,experienced1,,,
2025-11-20 17:43:00.113Z,GAME_ACTION,left,9.0,3.0,,3.0,3.0,2.0,4.0,,experienced1,,experienced1,,,
2025-11-20 17:43:00.385Z,GAME_ACTION,left,8.0,3.0,,3.0,3.0,2.0,4.0,,experienced1,,experienced1,,,
2025-11-20 17:43:00.649Z,GAME_ACTION,left,7.0,3.0,,3.0,3.0,2.0,4.0,,experienced1,,experienced1,,,
2025-11-20 17:43:00.905Z,GAME_ACTION,left,6.0,3.0,,3.0,3.0,2.0,4.0,,experienced1,,experienced1,,,
2025-11-20 17:43:01.161Z,GAME_ACTION,left,5.0,3.0,,3.0,3.0,2.0,4.0,,experienced1,,experienced1,,,
2025-11-20 17:43:01.417Z,GAME_ACTION,left,4.0,3.0,,3.0,3.0,2.0,4.0,,experienced1,,experienced1,,,
2025-11-20 17:43:01.721Z,GAME_ACTION,left,3.0,3.0,,3.0,3.0,2.0,4.0,,experienced1,,experienced1,,,
2025-11-20 17:43:02.585Z,GAME_ACTION,down,2.0,3.0,,3.0,3.0,2.0,4.0,,experienced1,,experienced1,,,
2025-11-20 17:43:02.857Z,GAME_ACTION,down,2.0,4.0,,3.0,3.0,2.0,4.0,,experienced1,,experienced1,,,
2025-11-20 17:43:03.145Z,GAME_ACTION,down,2.0,5.0,,3.0,3.0,2.0,4.0,,experienced1,,experienced1,,,
2025-11-20 17:43:03.609Z,GAME_ACTION,down,2.0,6.0,,3.0,3.0,2.0,4.0,,experienced1,,experienced1,,,
2025-11-20 17:43:03.937Z,GAME_ACTION,down,2.0,7.0,,3.0,3.0,2.0,4.0,,experienced1,,experienced1,,,
2025-11-20 17:43:04.274Z,GAME_ACTION,down,2.0,8.0,,3.0,3.0,2.0,4.0,,experienced1,,experienced1,,,
2025-11-20 17:43:05.137Z,GAME_ACTION,right,2.0,9.0,,3.0,3.0,2.0,4.0,,experienced1,,experienced1,,,
2025-11-20 17:43:05.481Z,GAME_ACTION,right,3.0,9.0,,3.0,3.0,2.0,4.0,,experienced1,,experienced1,,,
2025-11-20 17:43:06.201Z,GAME_ACTION,down,4.0,9.0,,3.0,3.0,2.0,4.0,,experienced1,,experienced1,,,
2025-11-20 17:43:06.569Z,GAME_ACTION,down,4.0,10.0,,3.0,3.0,2.0,4.0,,experienced1,,experienced1,,,
2025-11-20 17:43:06.569Z,INTERACTION,,4.0,10.0,,3.0,3.0,2.0,4.0,,experienced1,,experienced1,,treasure_interaction,C
2025-11-20 17:43:06.569Z,LEVEL_COMPLETE,,4.0,10.0,,3.0,3.0,2.0,4.0,,experienced1,,experienced1,,,
2025-11-20 17:43:09.585Z,LEVEL_COMPLETE,,4.0,10.0,,3.0,3.0,2.0,4.0,32.0,experienced1,,experienced1,,,

Level: sm321_1
Timestamp,Type,Player Action,Player X,Player Y,Observed Agent ID,NPC 1 X,NPC 1 Y,NPC 2 X,NPC 2 Y,Steps Remaining,NPC 1 Path Type,NPC 1 Path Index,NPC 2 Path Type,NPC 2 Path Index,Interaction Type,Interaction Details
2025-11-20 17:37:52.524Z,LEVEL_START,,,,,,,,,,,,,,,
2025-11-20 17:37:52.524Z,LEVEL_START,,,,,,,,,,,,,,,
2025-11-20 17:39:00.370Z,AGENT_OBSERVE,,0.0,9.0,2.0,,,5.0,11.0,,,,experienced1,,,
2025-11-20 17:39:02.433Z,AGENT_OBSERVE,,0.0,9.0,3.0,4.0,8.0,5.0,11.0,,experienced1,,experienced1,,,
2025-11-20 17:39:04.073Z,AGENT_OBSERVE,,0.0,9.0,3.0,4.0,7.0,5.0,11.0,,experienced1,,experienced1,,,
2025-11-20 17:39:05.585Z,AGENT_OBSERVE,,0.0,9.0,3.0,4.0,6.0,5.0,11.0,,experienced1,,experienced1,,,
2025-11-20 17:39:10.889Z,GAME_ACTION,right,0.0,9.0,,4.0,6.0,5.0,11.0,,experienced1,,experienced1,,,
2025-11-20 17:39:11.425Z,GAME_ACTION,right,1.0,9.0,,4.0,6.0,5.0,11.0,,experienced1,,experienced1,,,
2025-11-20 17:39:11.945Z,GAME_ACTION,right,2.0,9.0,,4.0,6.0,5.0,11.0,,experienced1,,experienced1,,,
2025-11-20 17:39:12.465Z,GAME_ACTION,right,3.0,9.0,,4.0,6.0,5.0,11.0,,experienced1,,experienced1,,,
2025-11-20 17:39:13.450Z,GAME_ACTION,up,4.0,9.0,,4.0,6.0,5.0,11.0,,experienced1,,experienced1,,,
2025-11-20 17:39:14.282Z,GAME_ACTION,up,4.0,8.0,,4.0,6.0,5.0,11.0,,experienced1,,experienced1,,,
2025-11-20 17:39:15.377Z,GAME_ACTION,up,4.0,7.0,,4.0,6.0,5.0,11.0,,experienced1,,experienced1,,,
2025-11-20 17:39:15.793Z,GAME_ACTION,up,4.0,6.0,,4.0,6.0,5.0,11.0,,experienced1,,experienced1,,,
2025-11-20 17:39:16.265Z,GAME_ACTION,up,4.0,5.0,,4.0,6.0,5.0,11.0,,experienced1,,experienced1,,,
2025-11-20 17:39:16.761Z,GAME_ACTION,up,4.0,4.0,,4.0,6.0,5.0,11.0,,experienced1,,experienced1,,,
2025-11-20 17:39:17.889Z,GAME_ACTION,left,4.0,3.0,,4.0,6.0,5.0,11.0,,experienced1,,experienced1,,,
2025-11-20 17:39:18.361Z,GAME_ACTION,left,3.0,3.0,,4.0,6.0,5.0,11.0,,experienced1,,experienced1,,,
2025-11-20 17:39:18.785Z,GAME_ACTION,left,2.0,3.0,,4.0,6.0,5.0,11.0,,experienced1,,experienced1,,,
2025-11-20 17:39:19.201Z,GAME_ACTION,left,1.0,3.0,,4.0,6.0,5.0,11.0,,experienced1,,experienced1,,,
2025-11-20 17:39:19.945Z,GAME_ACTION,up,0.0,3.0,,4.0,6.0,5.0,11.0,,experienced1,,experienced1,,,
2025-11-20 17:39:20.329Z,GAME_ACTION,up,0.0,2.0,,4.0,6.0,5.0,11.0,,experienced1,,experienced1,,,
2025-11-20 17:39:20.666Z,INTERACTION,,0.0,2.0,,4.0,6.0,5.0,11.0,,experienced1,,experienced1,,wizard_interaction,blueAmulet
2025-11-20 17:39:20.666Z,GAME_ACTION,up,0.0,1.0,,4.0,6.0,5.0,11.0,,experienced1,,experienced1,,,
2025-11-20 17:39:22.057Z,GAME_ACTION,down,0.0,1.0,,4.0,6.0,5.0,11.0,,experienced1,,experienced1,,,
2025-11-20 17:39:22.449Z,GAME_ACTION,down,0.0,2.0,,4.0,6.0,5.0,11.0,,experienced1,,experienced1,,,
2025-11-20 17:39:23.225Z,GAME_ACTION,right,0.0,3.0,,4.0,6.0,5.0,11.0,,experienced1,,experienced1,,,
2025-11-20 17:39:23.625Z,GAME_ACTION,right,1.0,3.0,,4.0,6.0,5.0,11.0,,experienced1,,experienced1,,,
2025-11-20 17:39:24.025Z,GAME_ACTION,right,2.0,3.0,,4.0,6.0,5.0,11.0,,experienced1,,experienced1,,,
2025-11-20 17:39:24.377Z,GAME_ACTION,right,3.0,3.0,,4.0,6.0,5.0,11.0,,experienced1,,experienced1,,,
2025-11-20 17:39:25.201Z,GAME_ACTION,down,4.0,3.0,,4.0,6.0,5.0,11.0,,experienced1,,experienced1,,,
2025-11-20 17:39:25.561Z,GAME_ACTION,down,4.0,4.0,,4.0,6.0,5.0,11.0,,experienced1,,experienced1,,,
2025-11-20 17:39:25.970Z,GAME_ACTION,down,4.0,5.0,,4.0,6.0,5.0,11.0,,experienced1,,experienced1,,,
2025-11-20 17:39:26.369Z,GAME_ACTION,down,4.0,6.0,,4.0,6.0,5.0,11.0,,experienced1,,experienced1,,,
2025-11-20 17:39:26.777Z,GAME_ACTION,down,4.0,7.0,,4.0,6.0,5.0,11.0,,experienced1,,experienced1,,,
2025-11-20 17:39:27.161Z,GAME_ACTION,down,4.0,8.0,,4.0,6.0,5.0,11.0,,experienced1,,experienced1,,,
2025-11-20 17:39:28.497Z,GAME_ACTION,left,4.0,9.0,,4.0,6.0,5.0,11.0,,experienced1,,experienced1,,,
2025-11-20 17:39:28.841Z,GAME_ACTION,left,3.0,9.0,,4.0,6.0,5.0,11.0,,experienced1,,experienced1,,,
2025-11-20 17:39:29.498Z,GAME_ACTION,left,2.0,9.0,,4.0,6.0,5.0,11.0,,experienced1,,experienced1,,,
2025-11-20 17:39:29.905Z,GAME_ACTION,left,1.0,9.0,,4.0,6.0,5.0,11.0,,experienced1,,experienced1,,,
2025-11-20 17:39:30.881Z,GAME_ACTION,down,0.0,9.0,,4.0,6.0,5.0,11.0,,experienced1,,experienced1,,,
2025-11-20 17:39:31.169Z,GAME_ACTION,down,0.0,10.0,,4.0,6.0,5.0,11.0,,experienced1,,experienced1,,,
2025-11-20 17:39:31.169Z,INTERACTION,,0.0,10.0,,4.0,6.0,5.0,11.0,,experienced1,,experienced1,,treasure_interaction,B
2025-11-20 17:39:31.169Z,LEVEL_COMPLETE,,0.0,10.0,,4.0,6.0,5.0,11.0,,experienced1,,experienced1,,,
2025-11-20 17:39:34.179Z,LEVEL_COMPLETE,,0.0,10.0,,4.0,6.0,5.0,11.0,28.0,experienced1,,experienced1,,,

Level: sm341_2
Timestamp,Type,Player Action,Player X,Player Y,Observed Agent ID,NPC 1 X,NPC 1 Y,NPC 2 X,NPC 2 Y,Steps Remaining,NPC 1 Path Type,NPC 1 Path Index,NPC 2 Path Type,NPC 2 Path Index,Interaction Type,Interaction Details
2025-11-20 17:39:34.284Z,LEVEL_START,,,,,,,,,,,,,,,
2025-11-20 17:39:34.291Z,LEVEL_START,,,,,,,,,,,,,,,
2025-11-20 17:40:14.161Z,AGENT_OBSERVE,,0.0,11.0,3.0,3.0,3.0,,,,experienced2,,,,,
2025-11-20 17:40:16.337Z,AGENT_OBSERVE,,0.0,11.0,2.0,3.0,3.0,3.0,3.0,,experienced2,,experienced2,,,
2025-11-20 17:40:18.057Z,AGENT_OBSERVE,,0.0,11.0,2.0,3.0,3.0,2.0,3.0,,experienced2,,experienced2,,,
2025-11-20 17:40:19.753Z,AGENT_OBSERVE,,0.0,11.0,2.0,3.0,3.0,1.0,3.0,,experienced2,,experienced2,,,
2025-11-20 17:40:21.329Z,AGENT_OBSERVE,,0.0,11.0,2.0,3.0,3.0,0.0,3.0,,experienced2,,experienced2,,,
2025-11-20 17:40:22.737Z,AGENT_OBSERVE,,0.0,11.0,2.0,3.0,3.0,0.0,4.0,,experienced2,,experienced2,,,
2025-11-20 17:40:28.201Z,AGENT_OBSERVE,,0.0,11.0,2.0,3.0,3.0,0.0,5.0,,experienced2,,experienced2,,,
2025-11-20 17:40:29.577Z,AGENT_OBSERVE,,0.0,11.0,2.0,3.0,3.0,0.0,5.0,,experienced2,,experienced2,,,
2025-11-20 17:40:30.953Z,GAME_ACTION,up,0.0,11.0,,3.0,3.0,0.0,5.0,,experienced2,,experienced2,,,
2025-11-20 17:40:31.393Z,GAME_ACTION,up,0.0,10.0,,3.0,3.0,0.0,5.0,,experienced2,,experienced2,,,
2025-11-20 17:40:31.769Z,GAME_ACTION,up,0.0,9.0,,3.0,3.0,0.0,5.0,,experienced2,,experienced2,,,
2025-11-20 17:40:32.673Z,GAME_ACTION,right,0.0,8.0,,3.0,3.0,0.0,5.0,,experienced2,,experienced2,,,
2025-11-20 17:40:32.985Z,GAME_ACTION,right,1.0,8.0,,3.0,3.0,0.0,5.0,,experienced2,,experienced2,,,
2025-11-20 17:40:33.289Z,GAME_ACTION,right,2.0,8.0,,3.0,3.0,0.0,5.0,,experienced2,,experienced2,,,
2025-11-20 17:40:33.593Z,GAME_ACTION,right,3.0,8.0,,3.0,3.0,0.0,5.0,,experienced2,,experienced2,,,
2025-11-20 17:40:33.905Z,GAME_ACTION,right,4.0,8.0,,3.0,3.0,0.0,5.0,,experienced2,,experienced2,,,
2025-11-20 17:40:34.289Z,GAME_ACTION,right,5.0,8.0,,3.0,3.0,0.0,5.0,,experienced2,,experienced2,,,
2025-11-20 17:40:34.633Z,GAME_ACTION,right,6.0,8.0,,3.0,3.0,0.0,5.0,,experienced2,,experienced2,,,
2025-11-20 17:40:35.369Z,GAME_ACTION,up,7.0,8.0,,3.0,3.0,0.0,5.0,,experienced2,,experienced2,,,
2025-11-20 17:40:35.657Z,GAME_ACTION,up,7.0,7.0,,3.0,3.0,0.0,5.0,,experienced2,,experienced2,,,
2025-11-20 17:40:36.017Z,GAME_ACTION,up,7.0,6.0,,3.0,3.0,0.0,5.0,,experienced2,,experienced2,,,
2025-11-20 17:40:36.329Z,GAME_ACTION,up,7.0,5.0,,3.0,3.0,0.0,5.0,,experienced2,,experienced2,,,
2025-11-20 17:40:36.729Z,GAME_ACTION,up,7.0,4.0,,3.0,3.0,0.0,5.0,,experienced2,,experienced2,,,
2025-11-20 17:40:37.921Z,GAME_ACTION,left,7.0,3.0,,3.0,3.0,0.0,5.0,,experienced2,,experienced2,,,
2025-11-20 17:40:38.249Z,GAME_ACTION,left,6.0,3.0,,3.0,3.0,0.0,5.0,,experienced2,,experienced2,,,
2025-11-20 17:40:38.577Z,GAME_ACTION,left,5.0,3.0,,3.0,3.0,0.0,5.0,,experienced2,,experienced2,,,
2025-11-20 17:40:38.905Z,GAME_ACTION,left,4.0,3.0,,3.0,3.0,0.0,5.0,,experienced2,,experienced2,,,
2025-11-20 17:40:39.305Z,GAME_ACTION,left,3.0,3.0,,3.0,3.0,0.0,5.0,,experienced2,,experienced2,,,
2025-11-20 17:40:39.753Z,GAME_ACTION,left,2.0,3.0,,3.0,3.0,0.0,5.0,,experienced2,,experienced2,,,
2025-11-20 17:40:40.225Z,GAME_ACTION,left,1.0,3.0,,3.0,3.0,0.0,5.0,,experienced2,,experienced2,,,
2025-11-20 17:40:41.457Z,GAME_ACTION,down,0.0,3.0,,3.0,3.0,0.0,5.0,,experienced2,,experienced2,,,
2025-11-20 17:40:41.825Z,GAME_ACTION,down,0.0,4.0,,3.0,3.0,0.0,5.0,,experienced2,,experienced2,,,
2025-11-20 17:40:42.209Z,GAME_ACTION,down,0.0,5.0,,3.0,3.0,0.0,5.0,,experienced2,,experienced2,,,
2025-11-20 17:40:42.209Z,INTERACTION,,0.0,5.0,,3.0,3.0,0.0,5.0,,experienced2,,experienced2,,wizard_interaction,blueAmulet
2025-11-20 17:40:43.305Z,GAME_ACTION,up,0.0,5.0,,3.0,3.0,0.0,5.0,,experienced2,,experienced2,,,
2025-11-20 17:40:43.609Z,GAME_ACTION,up,0.0,4.0,,3.0,3.0,0.0,5.0,,experienced2,,experienced2,,,
2025-11-20 17:40:44.713Z,GAME_ACTION,right,0.0,3.0,,3.0,3.0,0.0,5.0,,experienced2,,experienced2,,,
2025-11-20 17:40:45.025Z,GAME_ACTION,right,1.0,3.0,,3.0,3.0,0.0,5.0,,experienced2,,experienced2,,,
2025-11-20 17:40:45.385Z,GAME_ACTION,right,2.0,3.0,,3.0,3.0,0.0,5.0,,experienced2,,experienced2,,,
2025-11-20 17:40:45.745Z,GAME_ACTION,right,3.0,3.0,,3.0,3.0,0.0,5.0,,experienced2,,experienced2,,,
2025-11-20 17:40:46.097Z,GAME_ACTION,right,4.0,3.0,,3.0,3.0,0.0,5.0,,experienced2,,experienced2,,,
2025-11-20 17:40:46.465Z,GAME_ACTION,right,5.0,3.0,,3.0,3.0,0.0,5.0,,experienced2,,experienced2,,,
2025-11-20 17:40:47.081Z,GAME_ACTION,right,6.0,3.0,,3.0,3.0,0.0,5.0,,experienced2,,experienced2,,,
2025-11-20 17:40:47.945Z,GAME_ACTION,down,7.0,3.0,,3.0,3.0,0.0,5.0,,experienced2,,experienced2,,,
2025-11-20 17:40:48.241Z,GAME_ACTION,down,7.0,4.0,,3.0,3.0,0.0,5.0,,experienced2,,experienced2,,,
2025-11-20 17:40:48.569Z,GAME_ACTION,down,7.0,5.0,,3.0,3.0,0.0,5.0,,experienced2,,experienced2,,,
2025-11-20 17:40:48.929Z,GAME_ACTION,down,7.0,6.0,,3.0,3.0,0.0,5.0,,experienced2,,experienced2,,,
2025-11-20 17:40:49.329Z,GAME_ACTION,down,7.0,7.0,,3.0,3.0,0.0,5.0,,experienced2,,experienced2,,,
2025-11-20 17:40:50.129Z,GAME_ACTION,left,7.0,8.0,,3.0,3.0,0.0,5.0,,experienced2,,experienced2,,,
2025-11-20 17:40:50.481Z,GAME_ACTION,left,6.0,8.0,,3.0,3.0,0.0,5.0,,experienced2,,experienced2,,,
2025-11-20 17:40:51.777Z,GAME_ACTION,down,5.0,8.0,,3.0,3.0,0.0,5.0,,experienced2,,experienced2,,,
2025-11-20 17:40:52.201Z,GAME_ACTION,down,5.0,9.0,,3.0,3.0,0.0,5.0,,experienced2,,experienced2,,,
2025-11-20 17:40:52.705Z,GAME_ACTION,down,5.0,10.0,,3.0,3.0,0.0,5.0,,experienced2,,experienced2,,,
2025-11-20 17:40:52.705Z,INTERACTION,,5.0,10.0,,3.0,3.0,0.0,5.0,,experienced2,,experienced2,,treasure_interaction,B
2025-11-20 17:40:52.705Z,LEVEL_COMPLETE,,5.0,10.0,,3.0,3.0,0.0,5.0,,experienced2,,experienced2,,,
2025-11-20 17:40:55.714Z,LEVEL_COMPLETE,,5.0,10.0,,3.0,3.0,0.0,5.0,27.0,experienced2,,experienced2,,,

Level: sm351_2
Timestamp,Type,Player Action,Player X,Player Y,Observed Agent ID,NPC 1 X,NPC 1 Y,NPC 2 X,NPC 2 Y,Steps Remaining,NPC 1 Path Type,NPC 1 Path Index,NPC 2 Path Type,NPC 2 Path Index,Interaction Type,Interaction Details
2025-11-20 17:40:55.823Z,LEVEL_START,,,,,,,,,,,,,,,
2025-11-20 17:40:55.824Z,LEVEL_START,,,,,,,,,,,,,,,
2025-11-20 17:41:11.929Z,AGENT_OBSERVE,,5.0,11.0,3.0,5.0,4.0,,,,experienced2,,,,,
2025-11-20 17:41:13.593Z,AGENT_OBSERVE,,5.0,11.0,2.0,5.0,4.0,5.0,5.0,,experienced2,,experienced2,,,
2025-11-20 17:41:15.041Z,AGENT_OBSERVE,,5.0,11.0,2.0,5.0,4.0,5.0,4.0,,experienced2,,experienced2,,,
2025-11-20 17:41:16.449Z,AGENT_OBSERVE,,5.0,11.0,2.0,5.0,4.0,5.0,3.0,,experienced2,,experienced2,,,
2025-11-20 17:41:17.769Z,AGENT_OBSERVE,,5.0,11.0,2.0,5.0,4.0,6.0,3.0,,experienced2,,experienced2,,,
2025-11-20 17:41:19.209Z,AGENT_OBSERVE,,5.0,11.0,2.0,5.0,4.0,7.0,3.0,,experienced2,,experienced2,,,
2025-11-20 17:41:20.561Z,AGENT_OBSERVE,,5.0,11.0,2.0,5.0,4.0,8.0,3.0,,experienced2,,experienced2,,,
2025-11-20 17:41:22.769Z,GAME_ACTION,up,5.0,11.0,,5.0,4.0,8.0,3.0,,experienced2,,experienced2,,,
2025-11-20 17:41:23.449Z,GAME_ACTION,up,5.0,10.0,,5.0,4.0,8.0,3.0,,experienced2,,experienced2,,,
2025-11-20 17:41:23.873Z,GAME_ACTION,up,5.0,9.0,,5.0,4.0,8.0,3.0,,experienced2,,experienced2,,,
2025-11-20 17:41:24.281Z,GAME_ACTION,up,5.0,8.0,,5.0,4.0,8.0,3.0,,experienced2,,experienced2,,,
2025-11-20 17:41:25.169Z,GAME_ACTION,up,5.0,7.0,,5.0,4.0,8.0,3.0,,experienced2,,experienced2,,,
2025-11-20 17:41:25.537Z,GAME_ACTION,up,5.0,6.0,,5.0,4.0,8.0,3.0,,experienced2,,experienced2,,,
2025-11-20 17:41:25.889Z,GAME_ACTION,up,5.0,5.0,,5.0,4.0,8.0,3.0,,experienced2,,experienced2,,,
2025-11-20 17:41:26.298Z,GAME_ACTION,up,5.0,4.0,,5.0,4.0,8.0,3.0,,experienced2,,experienced2,,,
2025-11-20 17:41:27.201Z,GAME_ACTION,right,5.0,3.0,,5.0,4.0,8.0,3.0,,experienced2,,experienced2,,,
2025-11-20 17:41:27.498Z,GAME_ACTION,right,6.0,3.0,,5.0,4.0,8.0,3.0,,experienced2,,experienced2,,,
2025-11-20 17:41:27.881Z,GAME_ACTION,right,7.0,3.0,,5.0,4.0,8.0,3.0,,experienced2,,experienced2,,,
2025-11-20 17:41:28.273Z,GAME_ACTION,right,8.0,3.0,,5.0,4.0,8.0,3.0,,experienced2,,experienced2,,,
2025-11-20 17:41:28.657Z,GAME_ACTION,right,9.0,3.0,,5.0,4.0,8.0,3.0,,experienced2,,experienced2,,,
2025-11-20 17:41:29.449Z,GAME_ACTION,up,10.0,3.0,,5.0,4.0,8.0,3.0,,experienced2,,experienced2,,,
2025-11-20 17:41:29.825Z,GAME_ACTION,up,10.0,2.0,,5.0,4.0,8.0,3.0,,experienced2,,experienced2,,,
2025-11-20 17:41:30.217Z,GAME_ACTION,up,10.0,1.0,,5.0,4.0,8.0,3.0,,experienced2,,experienced2,,,
2025-11-20 17:41:30.217Z,INTERACTION,,10.0,1.0,,5.0,4.0,8.0,3.0,,experienced2,,experienced2,,wizard_interaction,blueAmulet
2025-11-20 17:41:31.482Z,GAME_ACTION,down,10.0,1.0,,5.0,4.0,8.0,3.0,,experienced2,,experienced2,,,
2025-11-20 17:41:31.833Z,GAME_ACTION,down,10.0,2.0,,5.0,4.0,8.0,3.0,,experienced2,,experienced2,,,
2025-11-20 17:41:32.617Z,GAME_ACTION,left,10.0,3.0,,5.0,4.0,8.0,3.0,,experienced2,,experienced2,,,
2025-11-20 17:41:32.953Z,GAME_ACTION,left,9.0,3.0,,5.0,4.0,8.0,3.0,,experienced2,,experienced2,,,
2025-11-20 17:41:33.313Z,GAME_ACTION,left,8.0,3.0,,5.0,4.0,8.0,3.0,,experienced2,,experienced2,,,
2025-11-20 17:41:33.641Z,GAME_ACTION,left,7.0,3.0,,5.0,4.0,8.0,3.0,,experienced2,,experienced2,,,
2025-11-20 17:41:34.025Z,GAME_ACTION,left,6.0,3.0,,5.0,4.0,8.0,3.0,,experienced2,,experienced2,,,
2025-11-20 17:41:35.889Z,GAME_ACTION,down,5.0,3.0,,5.0,4.0,8.0,3.0,,experienced2,,experienced2,,,
2025-11-20 17:41:36.233Z,GAME_ACTION,down,5.0,4.0,,5.0,4.0,8.0,3.0,,experienced2,,experienced2,,,
2025-11-20 17:41:36.577Z,GAME_ACTION,down,5.0,5.0,,5.0,4.0,8.0,3.0,,experienced2,,experienced2,,,
2025-11-20 17:41:36.913Z,GAME_ACTION,down,5.0,6.0,,5.0,4.0,8.0,3.0,,experienced2,,experienced2,,,
2025-11-20 17:41:37.273Z,GAME_ACTION,down,5.0,7.0,,5.0,4.0,8.0,3.0,,experienced2,,experienced2,,,
2025-11-20 17:41:37.585Z,GAME_ACTION,down,5.0,8.0,,5.0,4.0,8.0,3.0,,experienced2,,experienced2,,,
2025-11-20 17:41:38.353Z,GAME_ACTION,right,5.0,9.0,,5.0,4.0,8.0,3.0,,experienced2,,experienced2,,,
2025-11-20 17:41:38.705Z,GAME_ACTION,right,6.0,9.0,,5.0,4.0,8.0,3.0,,experienced2,,experienced2,,,
2025-11-20 17:41:39.025Z,GAME_ACTION,right,7.0,9.0,,5.0,4.0,8.0,3.0,,experienced2,,experienced2,,,
2025-11-20 17:41:39.393Z,GAME_ACTION,right,8.0,9.0,,5.0,4.0,8.0,3.0,,experienced2,,experienced2,,,
2025-11-20 17:41:39.745Z,GAME_ACTION,right,9.0,9.0,,5.0,4.0,8.0,3.0,,experienced2,,experienced2,,,
2025-11-20 17:41:39.745Z,INTERACTION,,9.0,9.0,,5.0,4.0,8.0,3.0,,experienced2,,experienced2,,treasure_interaction,C
2025-11-20 17:41:39.745Z,LEVEL_COMPLETE,,9.0,9.0,,5.0,4.0,8.0,3.0,,experienced2,,experienced2,,,
2025-11-20 17:41:42.755Z,LEVEL_COMPLETE,,9.0,9.0,,5.0,4.0,8.0,3.0,28.0,experienced2,,experienced2,,,
2025-11-20 17:41:42.755Z,LEVEL_COMPLETE,,9.0,9.0,,5.0,4.0,8.0,3.0,28.0,experienced2,,experienced2,,,

Level: sm361_1
Timestamp,Type,Player Action,Player X,Player Y,Observed Agent ID,NPC 1 X,NPC 1 Y,NPC 2 X,NPC 2 Y,Steps Remaining,NPC 1 Path Type,NPC 1 Path Index,NPC 2 Path Type,NPC 2 Path Index,Interaction Type,Interaction Details
2025-11-20 17:26:00.005Z,LEVEL_START,,,,,,,,,,,,,,,
2025-11-20 17:26:00.014Z,LEVEL_START,,,,,,,,,,,,,,,
2025-11-20 17:26:22.593Z,AGENT_OBSERVE,,10.0,9.0,2.0,,,5.0,3.0,,,,experienced1,,,
2025-11-20 17:26:24.889Z,AGENT_OBSERVE,,10.0,9.0,2.0,,,6.0,3.0,,,,experienced1,,,
2025-11-20 17:26:26.530Z,AGENT_OBSERVE,,10.0,9.0,2.0,,,7.0,3.0,,,,experienced1,,,
2025-11-20 17:26:28.041Z,AGENT_OBSERVE,,10.0,9.0,2.0,,,8.0,3.0,,,,experienced1,,,
2025-11-20 17:26:30.369Z,AGENT_OBSERVE,,10.0,9.0,2.0,,,9.0,3.0,,,,experienced1,,,
2025-11-20 17:26:31.977Z,AGENT_OBSERVE,,10.0,9.0,2.0,,,10.0,3.0,,,,experienced1,,,
2025-11-20 17:26:33.505Z,AGENT_OBSERVE,,10.0,9.0,2.0,,,10.0,2.0,,,,experienced1,,,
2025-11-20 17:26:35.073Z,AGENT_OBSERVE,,10.0,9.0,2.0,,,10.0,1.0,,,,experienced1,,,
2025-11-20 17:26:36.465Z,AGENT_OBSERVE,,10.0,9.0,2.0,,,10.0,1.0,,,,experienced1,,,
2025-11-20 17:26:52.298Z,GAME_ACTION,left,10.0,9.0,,,,10.0,1.0,,,,experienced1,,,
2025-11-20 17:26:52.850Z,GAME_ACTION,left,9.0,9.0,,,,10.0,1.0,,,,experienced1,,,
2025-11-20 17:26:53.546Z,GAME_ACTION,left,8.0,9.0,,,,10.0,1.0,,,,experienced1,,,
2025-11-20 17:26:54.002Z,GAME_ACTION,left,7.0,9.0,,,,10.0,1.0,,,,experienced1,,,
2025-11-20 17:26:54.473Z,GAME_ACTION,left,6.0,9.0,,,,10.0,1.0,,,,experienced1,,,
2025-11-20 17:26:55.241Z,GAME_ACTION,left,5.0,9.0,,,,10.0,1.0,,,,experienced1,,,
2025-11-20 17:26:56.401Z,GAME_ACTION,up,4.0,9.0,,,,10.0,1.0,,,,experienced1,,,
2025-11-20 17:26:56.825Z,GAME_ACTION,up,4.0,8.0,,,,10.0,1.0,,,,experienced1,,,
2025-11-20 17:26:57.250Z,GAME_ACTION,up,4.0,7.0,,,,10.0,1.0,,,,experienced1,,,
2025-11-20 17:26:57.665Z,GAME_ACTION,up,4.0,6.0,,,,10.0,1.0,,,,experienced1,,,
2025-11-20 17:26:58.089Z,GAME_ACTION,up,4.0,5.0,,,,10.0,1.0,,,,experienced1,,,
2025-11-20 17:26:58.514Z,GAME_ACTION,up,4.0,4.0,,,,10.0,1.0,,,,experienced1,,,
2025-11-20 17:26:59.730Z,GAME_ACTION,right,4.0,3.0,,,,10.0,1.0,,,,experienced1,,,
2025-11-20 17:27:00.314Z,GAME_ACTION,right,5.0,3.0,,,,10.0,1.0,,,,experienced1,,,
2025-11-20 17:27:00.825Z,GAME_ACTION,right,6.0,3.0,,,,10.0,1.0,,,,experienced1,,,
2025-11-20 17:27:01.354Z,GAME_ACTION,right,7.0,3.0,,,,10.0,1.0,,,,experienced1,,,
2025-11-20 17:27:01.842Z,GAME_ACTION,right,8.0,3.0,,,,10.0,1.0,,,,experienced1,,,
2025-11-20 17:27:02.345Z,GAME_ACTION,right,9.0,3.0,,,,10.0,1.0,,,,experienced1,,,
2025-11-20 17:27:02.977Z,GAME_ACTION,up,10.0,3.0,,,,10.0,1.0,,,,experienced1,,,
2025-11-20 17:27:03.434Z,GAME_ACTION,up,10.0,2.0,,,,10.0,1.0,,,,experienced1,,,
2025-11-20 17:27:03.897Z,GAME_ACTION,up,10.0,1.0,,,,10.0,1.0,,,,experienced1,,,
2025-11-20 17:27:03.897Z,INTERACTION,,10.0,1.0,,,,10.0,1.0,,,,experienced1,,wizard_interaction,blueAmulet
2025-11-20 17:27:05.402Z,GAME_ACTION,down,10.0,1.0,,,,10.0,1.0,,,,experienced1,,,
2025-11-20 17:27:05.850Z,GAME_ACTION,down,10.0,2.0,,,,10.0,1.0,,,,experienced1,,,
2025-11-20 17:27:06.730Z,GAME_ACTION,left,10.0,3.0,,,,10.0,1.0,,,,experienced1,,,
2025-11-20 17:27:07.186Z,GAME_ACTION,left,9.0,3.0,,,,10.0,1.0,,,,experienced1,,,
2025-11-20 17:27:07.673Z,GAME_ACTION,left,8.0,3.0,,,,10.0,1.0,,,,experienced1,,,
2025-11-20 17:27:08.178Z,GAME_ACTION,left,7.0,3.0,,,,10.0,1.0,,,,experienced1,,,
2025-11-20 17:27:08.625Z,GAME_ACTION,left,6.0,3.0,,,,10.0,1.0,,,,experienced1,,,
2025-11-20 17:27:09.089Z,GAME_ACTION,left,5.0,3.0,,,,10.0,1.0,,,,experienced1,,,
2025-11-20 17:27:10.266Z,GAME_ACTION,down,4.0,3.0,,,,10.0,1.0,,,,experienced1,,,
2025-11-20 17:27:10.730Z,GAME_ACTION,down,4.0,4.0,,,,10.0,1.0,,,,experienced1,,,
2025-11-20 17:27:11.641Z,GAME_ACTION,down,4.0,5.0,,,,10.0,1.0,,,,experienced1,,,
2025-11-20 17:27:12.130Z,GAME_ACTION,down,4.0,6.0,,,,10.0,1.0,,,,experienced1,,,
2025-11-20 17:27:12.650Z,GAME_ACTION,down,4.0,7.0,,,,10.0,1.0,,,,experienced1,,,
2025-11-20 17:27:13.186Z,GAME_ACTION,down,4.0,8.0,,,,10.0,1.0,,,,experienced1,,,
2025-11-20 17:27:14.521Z,GAME_ACTION,right,4.0,9.0,,,,10.0,1.0,,,,experienced1,,,
2025-11-20 17:27:14.978Z,GAME_ACTION,right,5.0,9.0,,,,10.0,1.0,,,,experienced1,,,
2025-11-20 17:27:15.458Z,GAME_ACTION,right,6.0,9.0,,,,10.0,1.0,,,,experienced1,,,
2025-11-20 17:27:16.498Z,GAME_ACTION,down,7.0,9.0,,,,10.0,1.0,,,,experienced1,,,
2025-11-20 17:27:17.018Z,GAME_ACTION,down,7.0,10.0,,,,10.0,1.0,,,,experienced1,,,
2025-11-20 17:27:18.137Z,GAME_ACTION,right,7.0,11.0,,,,10.0,1.0,,,,experienced1,,,
2025-11-20 17:27:18.626Z,GAME_ACTION,right,8.0,11.0,,,,10.0,1.0,,,,experienced1,,,
2025-11-20 17:27:19.042Z,GAME_ACTION,right,9.0,11.0,,,,10.0,1.0,,,,experienced1,,,
2025-11-20 17:27:19.042Z,INTERACTION,,9.0,11.0,,,,10.0,1.0,,,,experienced1,,treasure_interaction,C
2025-11-20 17:27:19.042Z,LEVEL_COMPLETE,,9.0,11.0,,,,10.0,1.0,,,,experienced1,,,
2025-11-20 17:27:22.043Z,LEVEL_COMPLETE,,9.0,11.0,,,,10.0,1.0,24.0,,,experienced1,,,

Level: sm411_2
Timestamp,Type,Player Action,Player X,Player Y,Observed Agent ID,NPC 1 X,NPC 1 Y,NPC 2 X,NPC 2 Y,Steps Remaining,NPC 1 Path Type,NPC 1 Path Index,NPC 2 Path Type,NPC 2 Path Index,Interaction Type,Interaction Details
2025-11-20 17:32:10.892Z,LEVEL_START,,,,,,,,,,,,,,,
2025-11-20 17:32:10.894Z,LEVEL_START,,,,,,,,,,,,,,,
2025-11-20 17:37:02.561Z,AGENT_OBSERVE,,4.0,9.0,2.0,,,3.0,3.0,,,,experienced2,,,
2025-11-20 17:37:04.433Z,AGENT_OBSERVE,,4.0,9.0,2.0,,,4.0,3.0,,,,experienced2,,,
2025-11-20 17:37:07.241Z,AGENT_OBSERVE,,4.0,9.0,2.0,,,5.0,3.0,,,,experienced2,,,
2025-11-20 17:37:11.001Z,AGENT_OBSERVE,,4.0,9.0,3.0,1.0,5.0,5.0,3.0,,experienced2,,experienced2,,,
2025-11-20 17:37:12.754Z,AGENT_OBSERVE,,4.0,9.0,2.0,1.0,5.0,6.0,3.0,,experienced2,,experienced2,,,
2025-11-20 17:37:14.545Z,AGENT_OBSERVE,,4.0,9.0,2.0,1.0,5.0,7.0,3.0,,experienced2,,experienced2,,,
2025-11-20 17:37:17.249Z,AGENT_OBSERVE,,4.0,9.0,2.0,1.0,5.0,8.0,3.0,,experienced2,,experienced2,,,
2025-11-20 17:37:19.665Z,AGENT_OBSERVE,,4.0,9.0,2.0,1.0,5.0,9.0,3.0,,experienced2,,experienced2,,,
2025-11-20 17:37:21.625Z,AGENT_OBSERVE,,4.0,9.0,2.0,1.0,5.0,10.0,3.0,,experienced2,,experienced2,,,
2025-11-20 17:37:23.049Z,AGENT_OBSERVE,,4.0,9.0,2.0,1.0,5.0,10.0,2.0,,experienced2,,experienced2,,,
2025-11-20 17:37:24.537Z,AGENT_OBSERVE,,4.0,9.0,2.0,1.0,5.0,10.0,1.0,,experienced2,,experienced2,,,
2025-11-20 17:37:25.841Z,AGENT_OBSERVE,,4.0,9.0,2.0,1.0,5.0,10.0,1.0,,experienced2,,experienced2,,,
2025-11-20 17:37:28.657Z,GAME_ACTION,left,4.0,9.0,,1.0,5.0,10.0,1.0,,experienced2,,experienced2,,,
2025-11-20 17:37:29.113Z,GAME_ACTION,left,3.0,9.0,,1.0,5.0,10.0,1.0,,experienced2,,experienced2,,,
2025-11-20 17:37:30.113Z,GAME_ACTION,up,2.0,9.0,,1.0,5.0,10.0,1.0,,experienced2,,experienced2,,,
2025-11-20 17:37:30.506Z,GAME_ACTION,up,2.0,8.0,,1.0,5.0,10.0,1.0,,experienced2,,experienced2,,,
2025-11-20 17:37:30.921Z,GAME_ACTION,up,2.0,7.0,,1.0,5.0,10.0,1.0,,experienced2,,experienced2,,,
2025-11-20 17:37:31.321Z,GAME_ACTION,up,2.0,6.0,,1.0,5.0,10.0,1.0,,experienced2,,experienced2,,,
2025-11-20 17:37:31.817Z,GAME_ACTION,up,2.0,5.0,,1.0,5.0,10.0,1.0,,experienced2,,experienced2,,,
2025-11-20 17:37:32.249Z,GAME_ACTION,up,2.0,4.0,,1.0,5.0,10.0,1.0,,experienced2,,experienced2,,,
2025-11-20 17:37:33.218Z,GAME_ACTION,right,2.0,3.0,,1.0,5.0,10.0,1.0,,experienced2,,experienced2,,,
2025-11-20 17:37:33.489Z,GAME_ACTION,right,3.0,3.0,,1.0,5.0,10.0,1.0,,experienced2,,experienced2,,,
2025-11-20 17:37:33.753Z,GAME_ACTION,right,4.0,3.0,,1.0,5.0,10.0,1.0,,experienced2,,experienced2,,,
2025-11-20 17:37:34.025Z,GAME_ACTION,right,5.0,3.0,,1.0,5.0,10.0,1.0,,experienced2,,experienced2,,,
2025-11-20 17:37:34.321Z,GAME_ACTION,right,6.0,3.0,,1.0,5.0,10.0,1.0,,experienced2,,experienced2,,,
2025-11-20 17:37:34.625Z,GAME_ACTION,right,7.0,3.0,,1.0,5.0,10.0,1.0,,experienced2,,experienced2,,,
2025-11-20 17:37:34.993Z,GAME_ACTION,right,8.0,3.0,,1.0,5.0,10.0,1.0,,experienced2,,experienced2,,,
2025-11-20 17:37:35.393Z,GAME_ACTION,right,9.0,3.0,,1.0,5.0,10.0,1.0,,experienced2,,experienced2,,,
2025-11-20 17:37:36.409Z,GAME_ACTION,up,10.0,3.0,,1.0,5.0,10.0,1.0,,experienced2,,experienced2,,,
2025-11-20 17:37:36.713Z,GAME_ACTION,up,10.0,2.0,,1.0,5.0,10.0,1.0,,experienced2,,experienced2,,,
2025-11-20 17:37:37.049Z,GAME_ACTION,up,10.0,1.0,,1.0,5.0,10.0,1.0,,experienced2,,experienced2,,,
2025-11-20 17:37:37.049Z,INTERACTION,,10.0,1.0,,1.0,5.0,10.0,1.0,,experienced2,,experienced2,,wizard_interaction,blueAmulet
2025-11-20 17:37:38.609Z,GAME_ACTION,down,10.0,1.0,,1.0,5.0,10.0,1.0,,experienced2,,experienced2,,,
2025-11-20 17:37:38.985Z,GAME_ACTION,down,10.0,2.0,,1.0,5.0,10.0,1.0,,experienced2,,experienced2,,,
2025-11-20 17:37:40.113Z,GAME_ACTION,left,10.0,3.0,,1.0,5.0,10.0,1.0,,experienced2,,experienced2,,,
2025-11-20 17:37:41.217Z,GAME_ACTION,left,9.0,3.0,,1.0,5.0,10.0,1.0,,experienced2,,experienced2,,,
2025-11-20 17:37:41.505Z,GAME_ACTION,left,8.0,3.0,,1.0,5.0,10.0,1.0,,experienced2,,experienced2,,,
2025-11-20 17:37:41.809Z,GAME_ACTION,left,7.0,3.0,,1.0,5.0,10.0,1.0,,experienced2,,experienced2,,,
2025-11-20 17:37:42.105Z,GAME_ACTION,left,6.0,3.0,,1.0,5.0,10.0,1.0,,experienced2,,experienced2,,,
2025-11-20 17:37:42.441Z,GAME_ACTION,left,5.0,3.0,,1.0,5.0,10.0,1.0,,experienced2,,experienced2,,,
2025-11-20 17:37:42.753Z,GAME_ACTION,left,4.0,3.0,,1.0,5.0,10.0,1.0,,experienced2,,experienced2,,,
2025-11-20 17:37:43.209Z,GAME_ACTION,left,3.0,3.0,,1.0,5.0,10.0,1.0,,experienced2,,experienced2,,,
2025-11-20 17:37:45.289Z,GAME_ACTION,down,2.0,3.0,,1.0,5.0,10.0,1.0,,experienced2,,experienced2,,,
2025-11-20 17:37:45.577Z,GAME_ACTION,down,2.0,4.0,,1.0,5.0,10.0,1.0,,experienced2,,experienced2,,,
2025-11-20 17:37:45.865Z,GAME_ACTION,down,2.0,5.0,,1.0,5.0,10.0,1.0,,experienced2,,experienced2,,,
2025-11-20 17:37:46.177Z,GAME_ACTION,down,2.0,6.0,,1.0,5.0,10.0,1.0,,experienced2,,experienced2,,,
2025-11-20 17:37:46.561Z,GAME_ACTION,down,2.0,7.0,,1.0,5.0,10.0,1.0,,experienced2,,experienced2,,,
2025-11-20 17:37:46.969Z,GAME_ACTION,down,2.0,8.0,,1.0,5.0,10.0,1.0,,experienced2,,experienced2,,,
2025-11-20 17:37:47.905Z,GAME_ACTION,left,2.0,9.0,,1.0,5.0,10.0,1.0,,experienced2,,experienced2,,,
2025-11-20 17:37:48.313Z,GAME_ACTION,left,1.0,9.0,,1.0,5.0,10.0,1.0,,experienced2,,experienced2,,,
2025-11-20 17:37:49.161Z,GAME_ACTION,down,0.0,9.0,,1.0,5.0,10.0,1.0,,experienced2,,experienced2,,,
2025-11-20 17:37:49.401Z,GAME_ACTION,down,0.0,10.0,,1.0,5.0,10.0,1.0,,experienced2,,experienced2,,,
2025-11-20 17:37:49.401Z,INTERACTION,,0.0,10.0,,1.0,5.0,10.0,1.0,,experienced2,,experienced2,,treasure_interaction,B
2025-11-20 17:37:49.401Z,LEVEL_COMPLETE,,0.0,10.0,,1.0,5.0,10.0,1.0,,experienced2,,experienced2,,,
2025-11-20 17:37:52.417Z,LEVEL_COMPLETE,,0.0,10.0,,1.0,5.0,10.0,1.0,23.0,experienced2,,experienced2,,,

Level: sm431_2
Timestamp,Type,Player Action,Player X,Player Y,Observed Agent ID,NPC 1 X,NPC 1 Y,NPC 2 X,NPC 2 Y,Steps Remaining,NPC 1 Path Type,NPC 1 Path Index,NPC 2 Path Type,NPC 2 Path Index,Interaction Type,Interaction Details
2025-11-20 17:29:35.845Z,LEVEL_START,,,,,,,,,,,,,,,
2025-11-20 17:29:35.846Z,LEVEL_START,,,,,,,,,,,,,,,
2025-11-20 17:30:10.545Z,AGENT_OBSERVE,,5.0,9.0,3.0,0.0,4.0,,,,experienced2,,,,,
2025-11-20 17:30:13.218Z,AGENT_OBSERVE,,5.0,9.0,2.0,0.0,4.0,3.0,6.0,,experienced2,,experienced2,,,
2025-11-20 17:30:20.009Z,AGENT_OBSERVE,,5.0,9.0,2.0,0.0,4.0,3.0,7.0,,experienced2,,experienced2,,,
2025-11-20 17:30:21.978Z,AGENT_OBSERVE,,5.0,9.0,3.0,0.0,5.0,3.0,7.0,,experienced2,,experienced2,,,
2025-11-20 17:30:29.674Z,GAME_ACTION,left,5.0,9.0,,0.0,5.0,3.0,7.0,,experienced2,,experienced2,,,
2025-11-20 17:30:30.241Z,GAME_ACTION,left,4.0,9.0,,0.0,5.0,3.0,7.0,,experienced2,,experienced2,,,
2025-11-20 17:30:31.866Z,GAME_ACTION,up,3.0,9.0,,0.0,5.0,3.0,7.0,,experienced2,,experienced2,,,
2025-11-20 17:30:32.538Z,GAME_ACTION,up,3.0,8.0,,0.0,5.0,3.0,7.0,,experienced2,,experienced2,,,
2025-11-20 17:30:33.009Z,GAME_ACTION,up,3.0,7.0,,0.0,5.0,3.0,7.0,,experienced2,,experienced2,,,
2025-11-20 17:30:33.458Z,GAME_ACTION,up,3.0,6.0,,0.0,5.0,3.0,7.0,,experienced2,,experienced2,,,
2025-11-20 17:30:34.538Z,GAME_ACTION,left,3.0,5.0,,0.0,5.0,3.0,7.0,,experienced2,,experienced2,,,
2025-11-20 17:30:34.970Z,GAME_ACTION,left,2.0,5.0,,0.0,5.0,3.0,7.0,,experienced2,,experienced2,,,
2025-11-20 17:30:35.457Z,GAME_ACTION,left,1.0,5.0,,0.0,5.0,3.0,7.0,,experienced2,,experienced2,,,
2025-11-20 17:30:37.106Z,GAME_ACTION,up,0.0,5.0,,0.0,5.0,3.0,7.0,,experienced2,,experienced2,,,
2025-11-20 17:30:37.658Z,GAME_ACTION,up,0.0,4.0,,0.0,5.0,3.0,7.0,,experienced2,,experienced2,,,
2025-11-20 17:30:38.233Z,GAME_ACTION,up,0.0,3.0,,0.0,5.0,3.0,7.0,,experienced2,,experienced2,,,
2025-11-20 17:30:38.818Z,GAME_ACTION,up,0.0,2.0,,0.0,5.0,3.0,7.0,,experienced2,,experienced2,,,
2025-11-20 17:30:39.177Z,GAME_ACTION,up,0.0,1.0,,0.0,5.0,3.0,7.0,,experienced2,,experienced2,,,
2025-11-20 17:30:39.177Z,INTERACTION,,0.0,1.0,,0.0,5.0,3.0,7.0,,experienced2,,experienced2,,wizard_interaction,
2025-11-20 17:30:41.449Z,GAME_ACTION,down,0.0,1.0,,0.0,5.0,3.0,7.0,,experienced2,,experienced2,,,
2025-11-20 17:30:42.074Z,GAME_ACTION,down,0.0,2.0,,0.0,5.0,3.0,7.0,,experienced2,,experienced2,,,
2025-11-20 17:30:43.058Z,GAME_ACTION,right,0.0,3.0,,0.0,5.0,3.0,7.0,,experienced2,,experienced2,,,
2025-11-20 17:30:43.618Z,GAME_ACTION,right,1.0,3.0,,0.0,5.0,3.0,7.0,,experienced2,,experienced2,,,
2025-11-20 17:30:47.642Z,AGENT_OBSERVE,,2.0,3.0,3.0,1.0,5.0,3.0,7.0,,experienced2,,experienced2,,,
2025-11-20 17:30:49.442Z,AGENT_OBSERVE,,2.0,3.0,2.0,1.0,5.0,3.0,8.0,,experienced2,,experienced2,,,
2025-11-20 17:30:50.969Z,GAME_ACTION,up,2.0,3.0,,1.0,5.0,3.0,8.0,,experienced2,,experienced2,,,
2025-11-20 17:30:51.609Z,GAME_ACTION,up,2.0,2.0,,1.0,5.0,3.0,8.0,,experienced2,,experienced2,,,
2025-11-20 17:30:52.242Z,INTERACTION,,2.0,2.0,,1.0,5.0,3.0,8.0,,experienced2,,experienced2,,wizard_interaction,
2025-11-20 17:30:52.242Z,GAME_ACTION,up,2.0,1.0,,1.0,5.0,3.0,8.0,,experienced2,,experienced2,,,
2025-11-20 17:30:54.177Z,GAME_ACTION,down,2.0,1.0,,1.0,5.0,3.0,8.0,,experienced2,,experienced2,,,
2025-11-20 17:30:54.809Z,GAME_ACTION,down,2.0,2.0,,1.0,5.0,3.0,8.0,,experienced2,,experienced2,,,
2025-11-20 17:30:55.706Z,GAME_ACTION,right,2.0,3.0,,1.0,5.0,3.0,8.0,,experienced2,,experienced2,,,
2025-11-20 17:30:56.345Z,GAME_ACTION,right,3.0,3.0,,1.0,5.0,3.0,8.0,,experienced2,,experienced2,,,
2025-11-20 17:30:57.529Z,GAME_ACTION,up,4.0,3.0,,1.0,5.0,3.0,8.0,,experienced2,,experienced2,,,
2025-11-20 17:30:58.073Z,GAME_ACTION,up,4.0,2.0,,1.0,5.0,3.0,8.0,,experienced2,,experienced2,,,
2025-11-20 17:30:58.697Z,GAME_ACTION,up,4.0,1.0,,1.0,5.0,3.0,8.0,,experienced2,,experienced2,,,
2025-11-20 17:30:58.697Z,INTERACTION,,4.0,1.0,,1.0,5.0,3.0,8.0,,experienced2,,experienced2,,wizard_interaction,blueAmulet
2025-11-20 17:31:00.274Z,GAME_ACTION,down,4.0,1.0,,1.0,5.0,3.0,8.0,,experienced2,,experienced2,,,
2025-11-20 17:31:00.674Z,GAME_ACTION,down,4.0,2.0,,1.0,5.0,3.0,8.0,,experienced2,,experienced2,,,
2025-11-20 17:31:01.594Z,GAME_ACTION,left,4.0,3.0,,1.0,5.0,3.0,8.0,,experienced2,,experienced2,,,
2025-11-20 17:31:01.938Z,GAME_ACTION,left,3.0,3.0,,1.0,5.0,3.0,8.0,,experienced2,,experienced2,,,
2025-11-20 17:31:02.377Z,GAME_ACTION,left,2.0,3.0,,1.0,5.0,3.0,8.0,,experienced2,,experienced2,,,
2025-11-20 17:31:02.802Z,GAME_ACTION,left,1.0,3.0,,1.0,5.0,3.0,8.0,,experienced2,,experienced2,,,
2025-11-20 17:31:03.881Z,GAME_ACTION,down,0.0,3.0,,1.0,5.0,3.0,8.0,,experienced2,,experienced2,,,
2025-11-20 17:31:04.290Z,GAME_ACTION,down,0.0,4.0,,1.0,5.0,3.0,8.0,,experienced2,,experienced2,,,
2025-11-20 17:31:05.097Z,GAME_ACTION,right,0.0,5.0,,1.0,5.0,3.0,8.0,,experienced2,,experienced2,,,
2025-11-20 17:31:05.562Z,GAME_ACTION,right,1.0,5.0,,1.0,5.0,3.0,8.0,,experienced2,,experienced2,,,
2025-11-20 17:31:06.010Z,GAME_ACTION,right,2.0,5.0,,1.0,5.0,3.0,8.0,,experienced2,,experienced2,,,
2025-11-20 17:31:06.841Z,GAME_ACTION,down,3.0,5.0,,1.0,5.0,3.0,8.0,,experienced2,,experienced2,,,
2025-11-20 17:31:08.433Z,GAME_ACTION,down,3.0,6.0,,1.0,5.0,3.0,8.0,,experienced2,,experienced2,,,
2025-11-20 17:31:09.033Z,GAME_ACTION,down,3.0,7.0,,1.0,5.0,3.0,8.0,,experienced2,,experienced2,,,
2025-11-20 17:31:09.482Z,GAME_ACTION,down,3.0,8.0,,1.0,5.0,3.0,8.0,,experienced2,,experienced2,,,
2025-11-20 17:31:10.369Z,GAME_ACTION,left,3.0,9.0,,1.0,5.0,3.0,8.0,,experienced2,,experienced2,,,
2025-11-20 17:31:10.841Z,GAME_ACTION,left,2.0,9.0,,1.0,5.0,3.0,8.0,,experienced2,,experienced2,,,
2025-11-20 17:31:11.322Z,GAME_ACTION,left,1.0,9.0,,1.0,5.0,3.0,8.0,,experienced2,,experienced2,,,
2025-11-20 17:31:12.313Z,GAME_ACTION,down,0.0,9.0,,1.0,5.0,3.0,8.0,,experienced2,,experienced2,,,
2025-11-20 17:31:12.706Z,INTERACTION,,0.0,9.0,,1.0,5.0,3.0,8.0,,experienced2,,experienced2,,treasure_interaction,B
2025-11-20 17:31:12.706Z,LEVEL_COMPLETE,,0.0,9.0,,1.0,5.0,3.0,8.0,,experienced2,,experienced2,,,
2025-11-20 17:31:12.706Z,GAME_ACTION,down,0.0,10.0,,1.0,5.0,3.0,8.0,,experienced2,,experienced2,,,
2025-11-20 17:31:15.712Z,LEVEL_COMPLETE,,0.0,10.0,,1.0,5.0,3.0,8.0,-7.0,experienced2,,experienced2,,,

Level: sm521_2
Timestamp,Type,Player Action,Player X,Player Y,Observed Agent ID,NPC 1 X,NPC 1 Y,NPC 2 X,NPC 2 Y,Steps Remaining,NPC 1 Path Type,NPC 1 Path Index,NPC 2 Path Type,NPC 2 Path Index,Interaction Type,Interaction Details
2025-11-20 17:27:22.158Z,LEVEL_START,,,,,,,,,,,,,,,
2025-11-20 17:27:22.159Z,LEVEL_START,,,,,,,,,,,,,,,
2025-11-20 17:27:57.290Z,AGENT_OBSERVE,,0.0,9.0,3.0,4.0,10.0,,,,experienced2,,,,,
2025-11-20 17:28:04.226Z,AGENT_OBSERVE,,0.0,9.0,2.0,4.0,10.0,4.0,10.0,,experienced2,,experienced2,,,
2025-11-20 17:28:05.849Z,AGENT_OBSERVE,,0.0,9.0,2.0,4.0,10.0,4.0,9.0,,experienced2,,experienced2,,,
2025-11-20 17:28:07.617Z,AGENT_OBSERVE,,0.0,9.0,2.0,4.0,10.0,4.0,8.0,,experienced2,,experienced2,,,
2025-11-20 17:28:09.689Z,AGENT_OBSERVE,,0.0,9.0,2.0,4.0,10.0,4.0,7.0,,experienced2,,experienced2,,,
2025-11-20 17:28:11.617Z,AGENT_OBSERVE,,0.0,9.0,2.0,4.0,10.0,4.0,6.0,,experienced2,,experienced2,,,
2025-11-20 17:28:13.930Z,AGENT_OBSERVE,,0.0,9.0,2.0,4.0,10.0,4.0,5.0,,experienced2,,experienced2,,,
2025-11-20 17:28:15.610Z,AGENT_OBSERVE,,0.0,9.0,2.0,4.0,10.0,4.0,4.0,,experienced2,,experienced2,,,
2025-11-20 17:28:17.450Z,AGENT_OBSERVE,,0.0,9.0,2.0,4.0,10.0,4.0,3.0,,experienced2,,experienced2,,,
2025-11-20 17:28:20.114Z,AGENT_OBSERVE,,0.0,9.0,2.0,4.0,10.0,3.0,3.0,,experienced2,,experienced2,,,
2025-11-20 17:28:21.657Z,AGENT_OBSERVE,,0.0,9.0,2.0,4.0,10.0,2.0,3.0,,experienced2,,experienced2,,,
2025-11-20 17:28:23.337Z,AGENT_OBSERVE,,0.0,9.0,2.0,4.0,10.0,1.0,3.0,,experienced2,,experienced2,,,
2025-11-20 17:28:24.985Z,AGENT_OBSERVE,,0.0,9.0,2.0,4.0,10.0,0.0,3.0,,experienced2,,experienced2,,,
2025-11-20 17:28:26.449Z,AGENT_OBSERVE,,0.0,9.0,2.0,4.0,10.0,0.0,2.0,,experienced2,,experienced2,,,
2025-11-20 17:28:27.865Z,AGENT_OBSERVE,,0.0,9.0,2.0,4.0,10.0,0.0,1.0,,experienced2,,experienced2,,,
2025-11-20 17:28:29.369Z,AGENT_OBSERVE,,0.0,9.0,2.0,4.0,10.0,0.0,1.0,,experienced2,,experienced2,,,
2025-11-20 17:29:10.010Z,GAME_ACTION,right,0.0,9.0,,4.0,10.0,0.0,1.0,,experienced2,,experienced2,,,
2025-11-20 17:29:11.257Z,GAME_ACTION,right,1.0,9.0,,4.0,10.0,0.0,1.0,,experienced2,,experienced2,,,
2025-11-20 17:29:11.737Z,GAME_ACTION,right,2.0,9.0,,4.0,10.0,0.0,1.0,,experienced2,,experienced2,,,
2025-11-20 17:29:12.170Z,GAME_ACTION,right,3.0,9.0,,4.0,10.0,0.0,1.0,,experienced2,,experienced2,,,
2025-11-20 17:29:13.338Z,GAME_ACTION,up,4.0,9.0,,4.0,10.0,0.0,1.0,,experienced2,,experienced2,,,
2025-11-20 17:29:13.898Z,GAME_ACTION,up,4.0,8.0,,4.0,10.0,0.0,1.0,,experienced2,,experienced2,,,
2025-11-20 17:29:14.410Z,GAME_ACTION,up,4.0,7.0,,4.0,10.0,0.0,1.0,,experienced2,,experienced2,,,
2025-11-20 17:29:14.930Z,GAME_ACTION,up,4.0,6.0,,4.0,10.0,0.0,1.0,,experienced2,,experienced2,,,
2025-11-20 17:29:15.449Z,GAME_ACTION,up,4.0,5.0,,4.0,10.0,0.0,1.0,,experienced2,,experienced2,,,
2025-11-20 17:29:15.898Z,GAME_ACTION,up,4.0,4.0,,4.0,10.0,0.0,1.0,,experienced2,,experienced2,,,
2025-11-20 17:29:16.953Z,GAME_ACTION,left,4.0,3.0,,4.0,10.0,0.0,1.0,,experienced2,,experienced2,,,
2025-11-20 17:29:17.425Z,GAME_ACTION,left,3.0,3.0,,4.0,10.0,0.0,1.0,,experienced2,,experienced2,,,
2025-11-20 17:29:18.065Z,GAME_ACTION,left,2.0,3.0,,4.0,10.0,0.0,1.0,,experienced2,,experienced2,,,
2025-11-20 17:29:18.626Z,GAME_ACTION,left,1.0,3.0,,4.0,10.0,0.0,1.0,,experienced2,,experienced2,,,
2025-11-20 17:29:19.546Z,GAME_ACTION,up,0.0,3.0,,4.0,10.0,0.0,1.0,,experienced2,,experienced2,,,
2025-11-20 17:29:20.041Z,GAME_ACTION,up,0.0,2.0,,4.0,10.0,0.0,1.0,,experienced2,,experienced2,,,
2025-11-20 17:29:20.465Z,GAME_ACTION,up,0.0,1.0,,4.0,10.0,0.0,1.0,,experienced2,,experienced2,,,
2025-11-20 17:29:20.465Z,INTERACTION,,0.0,1.0,,4.0,10.0,0.0,1.0,,experienced2,,experienced2,,wizard_interaction,blueAmulet
2025-11-20 17:29:21.770Z,GAME_ACTION,down,0.0,1.0,,4.0,10.0,0.0,1.0,,experienced2,,experienced2,,,
2025-11-20 17:29:22.185Z,GAME_ACTION,down,0.0,2.0,,4.0,10.0,0.0,1.0,,experienced2,,experienced2,,,
2025-11-20 17:29:23.097Z,GAME_ACTION,right,0.0,3.0,,4.0,10.0,0.0,1.0,,experienced2,,experienced2,,,
2025-11-20 17:29:23.697Z,GAME_ACTION,right,1.0,3.0,,4.0,10.0,0.0,1.0,,experienced2,,experienced2,,,
2025-11-20 17:29:24.170Z,GAME_ACTION,right,2.0,3.0,,4.0,10.0,0.0,1.0,,experienced2,,experienced2,,,
2025-11-20 17:29:24.674Z,GAME_ACTION,right,3.0,3.0,,4.0,10.0,0.0,1.0,,experienced2,,experienced2,,,
2025-11-20 17:29:25.610Z,GAME_ACTION,down,4.0,3.0,,4.0,10.0,0.0,1.0,,experienced2,,experienced2,,,
2025-11-20 17:29:26.065Z,GAME_ACTION,down,4.0,4.0,,4.0,10.0,0.0,1.0,,experienced2,,experienced2,,,
2025-11-20 17:29:26.570Z,GAME_ACTION,down,4.0,5.0,,4.0,10.0,0.0,1.0,,experienced2,,experienced2,,,
2025-11-20 17:29:27.042Z,GAME_ACTION,down,4.0,6.0,,4.0,10.0,0.0,1.0,,experienced2,,experienced2,,,
2025-11-20 17:29:27.513Z,GAME_ACTION,down,4.0,7.0,,4.0,10.0,0.0,1.0,,experienced2,,experienced2,,,
2025-11-20 17:29:28.010Z,GAME_ACTION,down,4.0,8.0,,4.0,10.0,0.0,1.0,,experienced2,,experienced2,,,
2025-11-20 17:29:29.257Z,GAME_ACTION,left,4.0,9.0,,4.0,10.0,0.0,1.0,,experienced2,,experienced2,,,
2025-11-20 17:29:30.369Z,GAME_ACTION,left,3.0,9.0,,4.0,10.0,0.0,1.0,,experienced2,,experienced2,,,
2025-11-20 17:29:30.905Z,GAME_ACTION,left,2.0,9.0,,4.0,10.0,0.0,1.0,,experienced2,,experienced2,,,
2025-11-20 17:29:31.402Z,GAME_ACTION,left,1.0,9.0,,4.0,10.0,0.0,1.0,,experienced2,,experienced2,,,
2025-11-20 17:29:32.322Z,GAME_ACTION,down,0.0,9.0,,4.0,10.0,0.0,1.0,,experienced2,,experienced2,,,
2025-11-20 17:29:32.721Z,GAME_ACTION,down,0.0,10.0,,4.0,10.0,0.0,1.0,,experienced2,,experienced2,,,
2025-11-20 17:29:32.721Z,INTERACTION,,0.0,10.0,,4.0,10.0,0.0,1.0,,experienced2,,experienced2,,treasure_interaction,B
2025-11-20 17:29:32.721Z,LEVEL_COMPLETE,,0.0,10.0,,4.0,10.0,0.0,1.0,,experienced2,,experienced2,,,
2025-11-20 17:29:35.727Z,LEVEL_COMPLETE,,0.0,10.0,,4.0,10.0,0.0,1.0,16.0,experienced2,,experienced2,,,

Level: sm541_2
Timestamp,Type,Player Action,Player X,Player Y,Observed Agent ID,NPC 1 X,NPC 1 Y,NPC 2 X,NPC 2 Y,Steps Remaining,NPC 1 Path Type,NPC 1 Path Index,NPC 2 Path Type,NPC 2 Path Index,Interaction Type,Interaction Details
2025-11-20 17:31:15.818Z,LEVEL_START,,,,,,,,,,,,,,,
2025-11-20 17:31:15.824Z,LEVEL_START,,,,,,,,,,,,,,,
2025-11-20 17:31:32.834Z,AGENT_OBSERVE,,0.0,7.0,2.0,,,5.0,4.0,,,,experienced2,,,
2025-11-20 17:31:35.865Z,AGENT_OBSERVE,,0.0,7.0,3.0,6.0,7.0,5.0,4.0,,experienced2,,experienced2,,,
2025-11-20 17:31:44.666Z,GAME_ACTION,down,0.0,7.0,,6.0,7.0,5.0,4.0,,experienced2,,experienced2,,,
2025-11-20 17:31:45.170Z,GAME_ACTION,down,0.0,8.0,,6.0,7.0,5.0,4.0,,experienced2,,experienced2,,,
2025-11-20 17:31:47.169Z,GAME_ACTION,right,0.0,9.0,,6.0,7.0,5.0,4.0,,experienced2,,experienced2,,,
2025-11-20 17:31:47.938Z,GAME_ACTION,right,1.0,9.0,,6.0,7.0,5.0,4.0,,experienced2,,experienced2,,,
2025-11-20 17:31:48.425Z,GAME_ACTION,right,2.0,9.0,,6.0,7.0,5.0,4.0,,experienced2,,experienced2,,,
2025-11-20 17:31:49.066Z,GAME_ACTION,right,3.0,9.0,,6.0,7.0,5.0,4.0,,experienced2,,experienced2,,,
2025-11-20 17:31:49.569Z,GAME_ACTION,right,4.0,9.0,,6.0,7.0,5.0,4.0,,experienced2,,experienced2,,,
2025-11-20 17:31:51.897Z,GAME_ACTION,up,5.0,9.0,,6.0,7.0,5.0,4.0,,experienced2,,experienced2,,,
2025-11-20 17:31:52.513Z,GAME_ACTION,up,5.0,8.0,,6.0,7.0,5.0,4.0,,experienced2,,experienced2,,,
2025-11-20 17:31:53.082Z,GAME_ACTION,up,5.0,7.0,,6.0,7.0,5.0,4.0,,experienced2,,experienced2,,,
2025-11-20 17:31:53.834Z,GAME_ACTION,up,5.0,6.0,,6.0,7.0,5.0,4.0,,experienced2,,experienced2,,,
2025-11-20 17:31:54.377Z,GAME_ACTION,up,5.0,5.0,,6.0,7.0,5.0,4.0,,experienced2,,experienced2,,,
2025-11-20 17:31:54.866Z,GAME_ACTION,up,5.0,4.0,,6.0,7.0,5.0,4.0,,experienced2,,experienced2,,,
2025-11-20 17:31:55.642Z,GAME_ACTION,up,5.0,3.0,,6.0,7.0,5.0,4.0,,experienced2,,experienced2,,,
2025-11-20 17:31:56.874Z,GAME_ACTION,left,5.0,2.0,,6.0,7.0,5.0,4.0,,experienced2,,experienced2,,,
2025-11-20 17:31:57.609Z,GAME_ACTION,left,4.0,2.0,,6.0,7.0,5.0,4.0,,experienced2,,experienced2,,,
2025-11-20 17:31:58.025Z,GAME_ACTION,left,3.0,2.0,,6.0,7.0,5.0,4.0,,experienced2,,experienced2,,,
2025-11-20 17:31:58.674Z,GAME_ACTION,up,2.0,2.0,,6.0,7.0,5.0,4.0,,experienced2,,experienced2,,,
2025-11-20 17:31:59.138Z,GAME_ACTION,up,2.0,1.0,,6.0,7.0,5.0,4.0,,experienced2,,experienced2,,,
2025-11-20 17:31:59.138Z,INTERACTION,,2.0,1.0,,6.0,7.0,5.0,4.0,,experienced2,,experienced2,,wizard_interaction,blueAmulet
2025-11-20 17:32:00.986Z,GAME_ACTION,down,2.0,1.0,,6.0,7.0,5.0,4.0,,experienced2,,experienced2,,,
2025-11-20 17:32:01.922Z,GAME_ACTION,right,2.0,2.0,,6.0,7.0,5.0,4.0,,experienced2,,experienced2,,,
2025-11-20 17:32:02.434Z,GAME_ACTION,right,3.0,2.0,,6.0,7.0,5.0,4.0,,experienced2,,experienced2,,,
2025-11-20 17:32:02.857Z,GAME_ACTION,right,4.0,2.0,,6.0,7.0,5.0,4.0,,experienced2,,experienced2,,,
2025-11-20 17:32:03.786Z,GAME_ACTION,down,5.0,2.0,,6.0,7.0,5.0,4.0,,experienced2,,experienced2,,,
2025-11-20 17:32:04.354Z,GAME_ACTION,down,5.0,3.0,,6.0,7.0,5.0,4.0,,experienced2,,experienced2,,,
2025-11-20 17:32:04.761Z,GAME_ACTION,down,5.0,4.0,,6.0,7.0,5.0,4.0,,experienced2,,experienced2,,,
2025-11-20 17:32:05.970Z,GAME_ACTION,left,5.0,5.0,,6.0,7.0,5.0,4.0,,experienced2,,experienced2,,,
2025-11-20 17:32:06.466Z,GAME_ACTION,left,4.0,5.0,,6.0,7.0,5.0,4.0,,experienced2,,experienced2,,,
2025-11-20 17:32:06.905Z,GAME_ACTION,left,3.0,5.0,,6.0,7.0,5.0,4.0,,experienced2,,experienced2,,,
2025-11-20 17:32:07.370Z,GAME_ACTION,left,2.0,5.0,,6.0,7.0,5.0,4.0,,experienced2,,experienced2,,,
2025-11-20 17:32:07.777Z,GAME_ACTION,left,1.0,5.0,,6.0,7.0,5.0,4.0,,experienced2,,experienced2,,,
2025-11-20 17:32:07.777Z,INTERACTION,,1.0,5.0,,6.0,7.0,5.0,4.0,,experienced2,,experienced2,,treasure_interaction,A
2025-11-20 17:32:07.777Z,LEVEL_COMPLETE,,1.0,5.0,,6.0,7.0,5.0,4.0,,experienced2,,experienced2,,,
2025-11-20 17:32:10.787Z,LEVEL_COMPLETE,,1.0,5.0,,6.0,7.0,5.0,4.0,32.0,experienced2,,experienced2,,,

Level: sm543_2
Timestamp,Type,Player Action,Player X,Player Y,Observed Agent ID,NPC 1 X,NPC 1 Y,NPC 2 X,NPC 2 Y,Steps Remaining,NPC 1 Path Type,NPC 1 Path Index,NPC 2 Path Type,NPC 2 Path Index,Interaction Type,Interaction Details
2025-11-20 17:41:42.855Z,LEVEL_START,,,,,,,,,,,,,,,
2025-11-20 17:41:42.855Z,LEVEL_START,,,,,,,,,,,,,,,
2025-11-20 17:41:42.855Z,LEVEL_START,,,,,,,,,,,,,,,
2025-11-20 17:41:42.855Z,LEVEL_START,,,,,,,,,,,,,,,
2025-11-20 17:42:02.537Z,GAME_ACTION,right,3.0,0.0,,,,,,,,,,,,
2025-11-20 17:42:02.537Z,GAME_ACTION,right,3.0,0.0,,,,,,,,,,,,
2025-11-20 17:42:02.994Z,GAME_ACTION,right,4.0,0.0,,,,,,,,,,,,
2025-11-20 17:42:02.994Z,INTERACTION,,4.0,0.0,,,,,,,,,,,wizard_interaction,blueAmulet
2025-11-20 17:42:02.994Z,GAME_ACTION,right,4.0,0.0,,,,,,,,,,,,
2025-11-20 17:42:02.994Z,INTERACTION,,4.0,0.0,,,,,,,,,,,wizard_interaction,blueAmulet
2025-11-20 17:42:04.882Z,GAME_ACTION,left,4.0,0.0,,,,,,,,,,,,
2025-11-20 17:42:04.882Z,GAME_ACTION,left,4.0,0.0,,,,,,,,,,,,
2025-11-20 17:42:06.233Z,GAME_ACTION,down,3.0,0.0,,,,,,,,,,,,
2025-11-20 17:42:06.233Z,GAME_ACTION,down,3.0,0.0,,,,,,,,,,,,
2025-11-20 17:42:06.641Z,GAME_ACTION,down,3.0,1.0,,,,,,,,,,,,
2025-11-20 17:42:06.641Z,GAME_ACTION,down,3.0,1.0,,,,,,,,,,,,
2025-11-20 17:42:07.841Z,GAME_ACTION,right,3.0,2.0,,,,,,,,,,,,
2025-11-20 17:42:07.841Z,GAME_ACTION,right,3.0,2.0,,,,,,,,,,,,
2025-11-20 17:42:08.265Z,GAME_ACTION,right,4.0,2.0,,,,,,,,,,,,
2025-11-20 17:42:08.265Z,GAME_ACTION,right,4.0,2.0,,,,,,,,,,,,
2025-11-20 17:42:09.657Z,GAME_ACTION,down,5.0,2.0,,,,,,,,,,,,
2025-11-20 17:42:09.657Z,GAME_ACTION,down,5.0,2.0,,,,,,,,,,,,
2025-11-20 17:42:10.057Z,GAME_ACTION,down,5.0,3.0,,,,,,,,,,,,
2025-11-20 17:42:10.057Z,GAME_ACTION,down,5.0,3.0,,,,,,,,,,,,
2025-11-20 17:42:10.569Z,GAME_ACTION,down,5.0,4.0,,,,,,,,,,,,
2025-11-20 17:42:10.569Z,GAME_ACTION,down,5.0,4.0,,,,,,,,,,,,
2025-11-20 17:42:11.489Z,GAME_ACTION,left,5.0,5.0,,,,,,,,,,,,
2025-11-20 17:42:11.489Z,GAME_ACTION,left,5.0,5.0,,,,,,,,,,,,
2025-11-20 17:42:11.889Z,GAME_ACTION,left,4.0,5.0,,,,,,,,,,,,
2025-11-20 17:42:11.889Z,GAME_ACTION,left,4.0,5.0,,,,,,,,,,,,
2025-11-20 17:42:12.185Z,GAME_ACTION,left,3.0,5.0,,,,,,,,,,,,
2025-11-20 17:42:12.185Z,GAME_ACTION,left,3.0,5.0,,,,,,,,,,,,
2025-11-20 17:42:12.466Z,GAME_ACTION,left,2.0,5.0,,,,,,,,,,,,
2025-11-20 17:42:12.466Z,GAME_ACTION,left,2.0,5.0,,,,,,,,,,,,
2025-11-20 17:42:12.801Z,GAME_ACTION,left,1.0,5.0,,,,,,,,,,,,
2025-11-20 17:42:12.801Z,INTERACTION,,1.0,5.0,,,,,,,,,,,treasure_interaction,A
2025-11-20 17:42:12.801Z,LEVEL_COMPLETE,,1.0,5.0,,,,,,,,,,,,
2025-11-20 17:42:15.808Z,LEVEL_COMPLETE,,1.0,5.0,,,,,,32.0,,,,,,

