Session ID,u1770140133793
Completed At,2026-02-03 17:54:55.173Z
Created At,2026-02-03 17:35:33.793Z

User Data
prolificId,5a8b1ee2000dab00018cc7cd
age,37
gender,female
timestamp,1770141294888

Comprehension Check
Passed,TRUE

Level: comprehension_check
Timestamp,Type,Player Action,Player X,Player Y,Observed Agent ID,NPC 1 X,NPC 1 Y,NPC 2 X,NPC 2 Y,Steps Remaining,NPC 1 Path Type,NPC 1 Path Index,NPC 2 Path Type,NPC 2 Path Index,Interaction Type,Interaction Details
2026-02-03 17:41:58.936Z,INTERACTION,,,,,,,,,,,,,,comprehension_check,passed

Level: experiment
Timestamp,Type,Player Action,Player X,Player Y,Observed Agent ID,NPC 1 X,NPC 1 Y,NPC 2 X,NPC 2 Y,Steps Remaining,NPC 1 Path Type,NPC 1 Path Index,NPC 2 Path Type,NPC 2 Path Index,Interaction Type,Interaction Details
2026-02-03 17:54:42.618Z,EXPERIMENT_COMPLETE,,,,,,,,,,,,,,,

Level: s111_1
Timestamp,Type,Player Action,Player X,Player Y,Observed Agent ID,NPC 1 X,NPC 1 Y,NPC 2 X,NPC 2 Y,Steps Remaining,NPC 1 Path Type,NPC 1 Path Index,NPC 2 Path Type,NPC 2 Path Index,Interaction Type,Interaction Details
2026-02-03 17:35:33.932Z,LEVEL_START,,,,,,,,,,,,,,,

Level: sm111_1
Timestamp,Type,Player Action,Player X,Player Y,Observed Agent ID,NPC 1 X,NPC 1 Y,NPC 2 X,NPC 2 Y,Steps Remaining,NPC 1 Path Type,NPC 1 Path Index,NPC 2 Path Type,NPC 2 Path Index,Interaction Type,Interaction Details
2026-02-03 17:35:34.012Z,LEVEL_START,,,,,,,,,,,,,,,
2026-02-03 17:42:25.385Z,GAME_ACTION,up,5.0,6.0,,,,,,,,,,,,
2026-02-03 17:42:27.642Z,GAME_ACTION,up,5.0,5.0,,,,,,,,,,,,
2026-02-03 17:42:29.667Z,GAME_ACTION,right,5.0,4.0,,,,,,,,,,,,
2026-02-03 17:42:37.966Z,GAME_ACTION,right,6.0,4.0,,,,,,,,,,,,
2026-02-03 17:42:38.831Z,GAME_ACTION,right,7.0,4.0,,,,,,,,,,,,
2026-02-03 17:42:39.671Z,GAME_ACTION,right,8.0,4.0,,,,,,,,,,,,
2026-02-03 17:42:39.673Z,INTERACTION,,8.0,4.0,,,,,,,,,,,wizard_interaction,redAmulet
2026-02-03 17:42:46.838Z,GAME_ACTION,left,8.0,4.0,,,,,,,,,,,,
2026-02-03 17:42:47.310Z,GAME_ACTION,left,7.0,4.0,,,,,,,,,,,,
2026-02-03 17:42:47.806Z,GAME_ACTION,left,6.0,4.0,,,,,,,,,,,,
2026-02-03 17:42:49.462Z,GAME_ACTION,down,5.0,4.0,,,,,,,,,,,,
2026-02-03 17:42:49.847Z,GAME_ACTION,down,5.0,5.0,,,,,,,,,,,,
2026-02-03 17:42:50.279Z,GAME_ACTION,down,5.0,6.0,,,,,,,,,,,,
2026-02-03 17:42:50.815Z,GAME_ACTION,down,5.0,7.0,,,,,,,,,,,,
2026-02-03 17:42:51.352Z,GAME_ACTION,down,5.0,8.0,,,,,,,,,,,,
2026-02-03 17:42:51.864Z,GAME_ACTION,down,5.0,9.0,,,,,,,,,,,,
2026-02-03 17:42:51.865Z,INTERACTION,,5.0,9.0,,,,,,,,,,,treasure_interaction,C
2026-02-03 17:43:04.902Z,GAME_ACTION,up,5.0,10.0,,,,,,,,,,,,
2026-02-03 17:43:05.471Z,GAME_ACTION,up,5.0,9.0,,,,,,,,,,,,
2026-02-03 17:43:05.767Z,GAME_ACTION,up,5.0,8.0,,,,,,,,,,,,
2026-02-03 17:43:06.071Z,GAME_ACTION,up,5.0,7.0,,,,,,,,,,,,
2026-02-03 17:43:06.431Z,GAME_ACTION,up,5.0,6.0,,,,,,,,,,,,
2026-02-03 17:43:06.751Z,GAME_ACTION,up,5.0,5.0,,,,,,,,,,,,
2026-02-03 17:43:07.142Z,GAME_ACTION,up,5.0,4.0,,,,,,,,,,,,
2026-02-03 17:43:07.816Z,GAME_ACTION,up,5.0,3.0,,,,,,,,,,,,
2026-02-03 17:43:08.272Z,GAME_ACTION,up,5.0,2.0,,,,,,,,,,,,
2026-02-03 17:43:08.273Z,INTERACTION,,5.0,2.0,,,,,,,,,,,wizard_interaction,
2026-02-03 17:43:16.229Z,AGENT_OBSERVE,,5.0,2.0,2.0,,,2.0,8.0,,,,experienced1,,,
2026-02-03 17:43:23.334Z,GAME_ACTION,right,5.0,2.0,,,,2.0,8.0,,,,experienced1,,,
2026-02-03 17:43:23.831Z,GAME_ACTION,right,6.0,2.0,,,,2.0,8.0,,,,experienced1,,,
2026-02-03 17:43:24.295Z,GAME_ACTION,right,7.0,2.0,,,,2.0,8.0,,,,experienced1,,,
2026-02-03 17:43:24.743Z,GAME_ACTION,right,8.0,2.0,,,,2.0,8.0,,,,experienced1,,,
2026-02-03 17:43:25.951Z,GAME_ACTION,up,9.0,2.0,,,,2.0,8.0,,,,experienced1,,,
2026-02-03 17:43:25.952Z,INTERACTION,,9.0,2.0,,,,2.0,8.0,,,,experienced1,,wizard_interaction,blueAmulet
2026-02-03 17:43:28.543Z,GAME_ACTION,left,9.0,2.0,,,,2.0,8.0,,,,experienced1,,,
2026-02-03 17:43:28.807Z,GAME_ACTION,left,8.0,2.0,,,,2.0,8.0,,,,experienced1,,,
2026-02-03 17:43:29.072Z,GAME_ACTION,left,7.0,2.0,,,,2.0,8.0,,,,experienced1,,,
2026-02-03 17:43:29.369Z,GAME_ACTION,left,6.0,2.0,,,,2.0,8.0,,,,experienced1,,,
2026-02-03 17:43:30.961Z,GAME_ACTION,down,5.0,2.0,,,,2.0,8.0,,,,experienced1,,,
2026-02-03 17:43:32.602Z,GAME_ACTION,down,5.0,3.0,,,,2.0,8.0,,,,experienced1,,,
2026-02-03 17:43:32.883Z,GAME_ACTION,down,5.0,4.0,,,,2.0,8.0,,,,experienced1,,,
2026-02-03 17:43:33.146Z,GAME_ACTION,down,5.0,5.0,,,,2.0,8.0,,,,experienced1,,,
2026-02-03 17:43:33.466Z,GAME_ACTION,down,5.0,6.0,,,,2.0,8.0,,,,experienced1,,,
2026-02-03 17:43:33.842Z,GAME_ACTION,down,5.0,7.0,,,,2.0,8.0,,,,experienced1,,,
2026-02-03 17:43:35.066Z,GAME_ACTION,right,5.0,8.0,,,,2.0,8.0,,,,experienced1,,,
2026-02-03 17:43:35.491Z,GAME_ACTION,right,6.0,8.0,,,,2.0,8.0,,,,experienced1,,,
2026-02-03 17:43:35.955Z,GAME_ACTION,right,7.0,8.0,,,,2.0,8.0,,,,experienced1,,,
2026-02-03 17:43:42.667Z,GAME_ACTION,right,8.0,8.0,,,,2.0,8.0,,,,experienced1,,,
2026-02-03 17:43:42.667Z,INTERACTION,,8.0,8.0,,,,2.0,8.0,,,,experienced1,,treasure_interaction,B
2026-02-03 17:43:42.668Z,LEVEL_COMPLETE,,8.0,8.0,,,,2.0,8.0,,,,experienced1,,,
2026-02-03 17:43:45.670Z,LEVEL_COMPLETE,,8.0,8.0,,,,2.0,8.0,-39.0,,,experienced1,,,

Level: sm112_1
Timestamp,Type,Player Action,Player X,Player Y,Observed Agent ID,NPC 1 X,NPC 1 Y,NPC 2 X,NPC 2 Y,Steps Remaining,NPC 1 Path Type,NPC 1 Path Index,NPC 2 Path Type,NPC 2 Path Index,Interaction Type,Interaction Details
2026-02-03 17:43:45.822Z,LEVEL_START,,,,,,,,,,,,,,,
2026-02-03 17:43:45.827Z,LEVEL_START,,,,,,,,,,,,,,,
2026-02-03 17:44:06.453Z,GAME_ACTION,down,5.0,6.0,,,,,,,,,,,,
2026-02-03 17:44:07.165Z,GAME_ACTION,down,5.0,7.0,,,,,,,,,,,,
2026-02-03 17:44:08.861Z,GAME_ACTION,left,5.0,8.0,,,,,,,,,,,,
2026-02-03 17:44:09.342Z,GAME_ACTION,left,4.0,8.0,,,,,,,,,,,,
2026-02-03 17:44:09.759Z,GAME_ACTION,left,3.0,8.0,,,,,,,,,,,,
2026-02-03 17:44:10.223Z,GAME_ACTION,left,2.0,8.0,,,,,,,,,,,,
2026-02-03 17:44:11.640Z,GAME_ACTION,down,1.0,8.0,,,,,,,,,,,,
2026-02-03 17:44:12.696Z,GAME_ACTION,down,1.0,9.0,,,,,,,,,,,,
2026-02-03 17:44:12.696Z,INTERACTION,,1.0,9.0,,,,,,,,,,,wizard_interaction,redAmulet
2026-02-03 17:44:20.291Z,AGENT_OBSERVE,,1.0,9.0,2.0,,,5.0,5.0,,,,experienced1,,,
2026-02-03 17:44:33.640Z,GAME_ACTION,up,1.0,9.0,,,,5.0,5.0,,,,experienced1,,,
2026-02-03 17:44:35.769Z,GAME_ACTION,right,1.0,8.0,,,,5.0,5.0,,,,experienced1,,,
2026-02-03 17:44:36.281Z,GAME_ACTION,right,2.0,8.0,,,,5.0,5.0,,,,experienced1,,,
2026-02-03 17:44:36.745Z,GAME_ACTION,right,3.0,8.0,,,,5.0,5.0,,,,experienced1,,,
2026-02-03 17:44:37.312Z,GAME_ACTION,right,4.0,8.0,,,,5.0,5.0,,,,experienced1,,,
2026-02-03 17:44:39.346Z,GAME_ACTION,up,5.0,8.0,,,,5.0,5.0,,,,experienced1,,,
2026-02-03 17:44:39.898Z,GAME_ACTION,up,5.0,7.0,,,,5.0,5.0,,,,experienced1,,,
2026-02-03 17:44:40.723Z,GAME_ACTION,up,5.0,6.0,,,,5.0,5.0,,,,experienced1,,,
2026-02-03 17:44:47.669Z,GAME_ACTION,up,5.0,5.0,,,,5.0,5.0,,,,experienced1,,,
2026-02-03 17:44:48.957Z,GAME_ACTION,right,5.0,4.0,,,,5.0,5.0,,,,experienced1,,,
2026-02-03 17:44:49.373Z,GAME_ACTION,right,6.0,4.0,,,,5.0,5.0,,,,experienced1,,,
2026-02-03 17:44:49.670Z,GAME_ACTION,right,7.0,4.0,,,,5.0,5.0,,,,experienced1,,,
2026-02-03 17:44:50.038Z,GAME_ACTION,right,8.0,4.0,,,,5.0,5.0,,,,experienced1,,,
2026-02-03 17:44:50.038Z,INTERACTION,,8.0,4.0,,,,5.0,5.0,,,,experienced1,,wizard_interaction,blueAmulet
2026-02-03 17:44:55.030Z,GAME_ACTION,left,8.0,4.0,,,,5.0,5.0,,,,experienced1,,,
2026-02-03 17:44:55.391Z,GAME_ACTION,left,7.0,4.0,,,,5.0,5.0,,,,experienced1,,,
2026-02-03 17:44:55.695Z,GAME_ACTION,left,6.0,4.0,,,,5.0,5.0,,,,experienced1,,,
2026-02-03 17:44:56.984Z,GAME_ACTION,down,5.0,4.0,,,,5.0,5.0,,,,experienced1,,,
2026-02-03 17:44:57.560Z,GAME_ACTION,down,5.0,5.0,,,,5.0,5.0,,,,experienced1,,,
2026-02-03 17:44:58.632Z,GAME_ACTION,left,5.0,6.0,,,,5.0,5.0,,,,experienced1,,,
2026-02-03 17:44:59.216Z,GAME_ACTION,left,4.0,6.0,,,,5.0,5.0,,,,experienced1,,,
2026-02-03 17:44:59.905Z,GAME_ACTION,left,3.0,6.0,,,,5.0,5.0,,,,experienced1,,,
2026-02-03 17:45:00.585Z,GAME_ACTION,left,2.0,6.0,,,,5.0,5.0,,,,experienced1,,,
2026-02-03 17:45:00.586Z,INTERACTION,,2.0,6.0,,,,5.0,5.0,,,,experienced1,,treasure_interaction,A
2026-02-03 17:45:00.586Z,LEVEL_COMPLETE,,2.0,6.0,,,,5.0,5.0,,,,experienced1,,,
2026-02-03 17:45:03.587Z,LEVEL_COMPLETE,,2.0,6.0,,,,5.0,5.0,25.0,,,experienced1,,,

Level: sm221_1
Timestamp,Type,Player Action,Player X,Player Y,Observed Agent ID,NPC 1 X,NPC 1 Y,NPC 2 X,NPC 2 Y,Steps Remaining,NPC 1 Path Type,NPC 1 Path Index,NPC 2 Path Type,NPC 2 Path Index,Interaction Type,Interaction Details
2026-02-03 17:49:26.724Z,LEVEL_START,,,,,,,,,,,,,,,
2026-02-03 17:49:26.724Z,LEVEL_START,,,,,,,,,,,,,,,
2026-02-03 17:49:50.326Z,AGENT_OBSERVE,,3.0,9.0,3.0,9.0,9.0,,,,experienced1,,,,,
2026-02-03 17:49:55.775Z,AGENT_OBSERVE,,3.0,9.0,3.0,8.0,9.0,,,,experienced1,,,,,
2026-02-03 17:50:01.641Z,AGENT_OBSERVE,,3.0,9.0,3.0,7.0,9.0,,,,experienced1,,,,,
2026-02-03 17:50:09.115Z,GAME_ACTION,right,3.0,9.0,,7.0,9.0,,,,experienced1,,,,,
2026-02-03 17:50:09.531Z,GAME_ACTION,right,4.0,9.0,,7.0,9.0,,,,experienced1,,,,,
2026-02-03 17:50:09.892Z,GAME_ACTION,right,5.0,9.0,,7.0,9.0,,,,experienced1,,,,,
2026-02-03 17:50:10.236Z,GAME_ACTION,right,6.0,9.0,,7.0,9.0,,,,experienced1,,,,,
2026-02-03 17:50:10.572Z,GAME_ACTION,right,7.0,9.0,,7.0,9.0,,,,experienced1,,,,,
2026-02-03 17:50:10.972Z,GAME_ACTION,right,8.0,9.0,,7.0,9.0,,,,experienced1,,,,,
2026-02-03 17:50:11.636Z,GAME_ACTION,right,9.0,9.0,,7.0,9.0,,,,experienced1,,,,,
2026-02-03 17:50:11.637Z,INTERACTION,,9.0,9.0,,7.0,9.0,,,,experienced1,,,,wizard_interaction,
2026-02-03 17:50:19.125Z,GAME_ACTION,left,9.0,9.0,,7.0,9.0,,,,experienced1,,,,,
2026-02-03 17:50:19.454Z,GAME_ACTION,left,8.0,9.0,,7.0,9.0,,,,experienced1,,,,,
2026-02-03 17:50:19.742Z,GAME_ACTION,left,7.0,9.0,,7.0,9.0,,,,experienced1,,,,,
2026-02-03 17:50:20.070Z,GAME_ACTION,left,6.0,9.0,,7.0,9.0,,,,experienced1,,,,,
2026-02-03 17:50:22.287Z,GAME_ACTION,up,5.0,9.0,,7.0,9.0,,,,experienced1,,,,,
2026-02-03 17:50:22.551Z,GAME_ACTION,up,5.0,8.0,,7.0,9.0,,,,experienced1,,,,,
2026-02-03 17:50:22.774Z,GAME_ACTION,up,5.0,7.0,,7.0,9.0,,,,experienced1,,,,,
2026-02-03 17:50:23.358Z,GAME_ACTION,up,5.0,6.0,,7.0,9.0,,,,experienced1,,,,,
2026-02-03 17:50:23.638Z,GAME_ACTION,up,5.0,5.0,,7.0,9.0,,,,experienced1,,,,,
2026-02-03 17:50:23.879Z,GAME_ACTION,up,5.0,4.0,,7.0,9.0,,,,experienced1,,,,,
2026-02-03 17:50:24.223Z,GAME_ACTION,up,5.0,3.0,,7.0,9.0,,,,experienced1,,,,,
2026-02-03 17:50:25.167Z,GAME_ACTION,left,5.0,3.0,,7.0,9.0,,,,experienced1,,,,,
2026-02-03 17:50:25.455Z,GAME_ACTION,left,4.0,3.0,,7.0,9.0,,,,experienced1,,,,,
2026-02-03 17:50:25.751Z,GAME_ACTION,left,3.0,3.0,,7.0,9.0,,,,experienced1,,,,,
2026-02-03 17:50:27.000Z,GAME_ACTION,up,2.0,3.0,,7.0,9.0,,,,experienced1,,,,,
2026-02-03 17:50:27.432Z,GAME_ACTION,up,2.0,2.0,,7.0,9.0,,,,experienced1,,,,,
2026-02-03 17:50:28.448Z,GAME_ACTION,up,2.0,1.0,,7.0,9.0,,,,experienced1,,,,,
2026-02-03 17:50:28.449Z,INTERACTION,,2.0,1.0,,7.0,9.0,,,,experienced1,,,,wizard_interaction,blueAmulet
2026-02-03 17:50:30.673Z,GAME_ACTION,down,2.0,1.0,,7.0,9.0,,,,experienced1,,,,,
2026-02-03 17:50:31.401Z,GAME_ACTION,down,2.0,2.0,,7.0,9.0,,,,experienced1,,,,,
2026-02-03 17:50:32.393Z,GAME_ACTION,right,2.0,3.0,,7.0,9.0,,,,experienced1,,,,,
2026-02-03 17:50:32.673Z,GAME_ACTION,right,3.0,3.0,,7.0,9.0,,,,experienced1,,,,,
2026-02-03 17:50:32.900Z,GAME_ACTION,right,4.0,3.0,,7.0,9.0,,,,experienced1,,,,,
2026-02-03 17:50:33.153Z,GAME_ACTION,right,5.0,3.0,,7.0,9.0,,,,experienced1,,,,,
2026-02-03 17:50:33.554Z,GAME_ACTION,right,6.0,3.0,,7.0,9.0,,,,experienced1,,,,,
2026-02-03 17:50:34.089Z,GAME_ACTION,right,7.0,3.0,,7.0,9.0,,,,experienced1,,,,,
2026-02-03 17:50:35.226Z,GAME_ACTION,up,8.0,3.0,,7.0,9.0,,,,experienced1,,,,,
2026-02-03 17:50:35.626Z,GAME_ACTION,up,8.0,2.0,,7.0,9.0,,,,experienced1,,,,,
2026-02-03 17:50:36.178Z,GAME_ACTION,up,8.0,1.0,,7.0,9.0,,,,experienced1,,,,,
2026-02-03 17:50:36.178Z,INTERACTION,,8.0,1.0,,7.0,9.0,,,,experienced1,,,,treasure_interaction,A
2026-02-03 17:50:36.178Z,LEVEL_COMPLETE,,8.0,1.0,,7.0,9.0,,,,experienced1,,,,,
2026-02-03 17:50:39.179Z,LEVEL_COMPLETE,,8.0,1.0,,7.0,9.0,,,-10.0,experienced1,,,,,

Level: sm311_2
Timestamp,Type,Player Action,Player X,Player Y,Observed Agent ID,NPC 1 X,NPC 1 Y,NPC 2 X,NPC 2 Y,Steps Remaining,NPC 1 Path Type,NPC 1 Path Index,NPC 2 Path Type,NPC 2 Path Index,Interaction Type,Interaction Details
2026-02-03 17:46:20.580Z,LEVEL_START,,,,,,,,,,,,,,,
2026-02-03 17:46:20.586Z,LEVEL_START,,,,,,,,,,,,,,,
2026-02-03 17:46:43.452Z,AGENT_OBSERVE,,7.0,9.0,3.0,0.0,2.0,,,,experienced2,,,,,
2026-02-03 17:46:45.670Z,AGENT_OBSERVE,,7.0,9.0,3.0,0.0,3.0,,,,experienced2,,,,,
2026-02-03 17:46:47.518Z,AGENT_OBSERVE,,7.0,9.0,3.0,1.0,3.0,,,,experienced2,,,,,
2026-02-03 17:46:49.520Z,AGENT_OBSERVE,,7.0,9.0,3.0,2.0,3.0,,,,experienced2,,,,,
2026-02-03 17:46:50.440Z,AGENT_OBSERVE,,7.0,9.0,3.0,2.0,2.0,,,,experienced2,,,,,
2026-02-03 17:46:51.520Z,AGENT_OBSERVE,,7.0,9.0,3.0,2.0,2.0,,,,experienced2,,,,,
2026-02-03 17:46:52.649Z,AGENT_OBSERVE,,7.0,9.0,3.0,2.0,3.0,,,,experienced2,,,,,
2026-02-03 17:46:53.250Z,AGENT_OBSERVE,,7.0,9.0,3.0,3.0,3.0,,,,experienced2,,,,,
2026-02-03 17:46:59.781Z,GAME_ACTION,up,7.0,9.0,,3.0,3.0,,,,experienced2,,,,,
2026-02-03 17:47:03.103Z,GAME_ACTION,left,7.0,9.0,,3.0,3.0,,,,experienced2,,,,,
2026-02-03 17:47:03.559Z,GAME_ACTION,left,6.0,9.0,,3.0,3.0,,,,experienced2,,,,,
2026-02-03 17:47:03.976Z,GAME_ACTION,left,5.0,9.0,,3.0,3.0,,,,experienced2,,,,,
2026-02-03 17:47:04.416Z,GAME_ACTION,left,4.0,9.0,,3.0,3.0,,,,experienced2,,,,,
2026-02-03 17:47:06.105Z,GAME_ACTION,left,3.0,9.0,,3.0,3.0,,,,experienced2,,,,,
2026-02-03 17:47:08.297Z,GAME_ACTION,up,2.0,9.0,,3.0,3.0,,,,experienced2,,,,,
2026-02-03 17:47:08.698Z,GAME_ACTION,up,2.0,8.0,,3.0,3.0,,,,experienced2,,,,,
2026-02-03 17:47:09.026Z,GAME_ACTION,up,2.0,7.0,,3.0,3.0,,,,experienced2,,,,,
2026-02-03 17:47:09.322Z,GAME_ACTION,up,2.0,6.0,,3.0,3.0,,,,experienced2,,,,,
2026-02-03 17:47:09.794Z,GAME_ACTION,up,2.0,5.0,,3.0,3.0,,,,experienced2,,,,,
2026-02-03 17:47:10.218Z,GAME_ACTION,up,2.0,4.0,,3.0,3.0,,,,experienced2,,,,,
2026-02-03 17:47:12.251Z,GAME_ACTION,right,2.0,3.0,,3.0,3.0,,,,experienced2,,,,,
2026-02-03 17:47:12.571Z,GAME_ACTION,right,3.0,3.0,,3.0,3.0,,,,experienced2,,,,,
2026-02-03 17:47:12.899Z,GAME_ACTION,right,4.0,3.0,,3.0,3.0,,,,experienced2,,,,,
2026-02-03 17:47:13.235Z,GAME_ACTION,right,5.0,3.0,,3.0,3.0,,,,experienced2,,,,,
2026-02-03 17:47:13.580Z,GAME_ACTION,right,6.0,3.0,,3.0,3.0,,,,experienced2,,,,,
2026-02-03 17:47:13.980Z,GAME_ACTION,right,7.0,3.0,,3.0,3.0,,,,experienced2,,,,,
2026-02-03 17:47:14.524Z,GAME_ACTION,right,8.0,3.0,,3.0,3.0,,,,experienced2,,,,,
2026-02-03 17:47:15.012Z,GAME_ACTION,right,9.0,3.0,,3.0,3.0,,,,experienced2,,,,,
2026-02-03 17:47:16.476Z,GAME_ACTION,up,10.0,3.0,,3.0,3.0,,,,experienced2,,,,,
2026-02-03 17:47:17.069Z,GAME_ACTION,up,10.0,2.0,,3.0,3.0,,,,experienced2,,,,,
2026-02-03 17:47:17.070Z,INTERACTION,,10.0,2.0,,3.0,3.0,,,,experienced2,,,,wizard_interaction,blueAmulet
2026-02-03 17:47:20.037Z,GAME_ACTION,down,10.0,2.0,,3.0,3.0,,,,experienced2,,,,,
2026-02-03 17:47:21.669Z,GAME_ACTION,left,10.0,3.0,,3.0,3.0,,,,experienced2,,,,,
2026-02-03 17:47:21.935Z,GAME_ACTION,left,9.0,3.0,,3.0,3.0,,,,experienced2,,,,,
2026-02-03 17:47:22.142Z,GAME_ACTION,left,8.0,3.0,,3.0,3.0,,,,experienced2,,,,,
2026-02-03 17:47:22.352Z,GAME_ACTION,left,7.0,3.0,,3.0,3.0,,,,experienced2,,,,,
2026-02-03 17:47:22.606Z,GAME_ACTION,left,6.0,3.0,,3.0,3.0,,,,experienced2,,,,,
2026-02-03 17:47:22.935Z,GAME_ACTION,left,5.0,3.0,,3.0,3.0,,,,experienced2,,,,,
2026-02-03 17:47:23.247Z,GAME_ACTION,left,4.0,3.0,,3.0,3.0,,,,experienced2,,,,,
2026-02-03 17:47:23.632Z,GAME_ACTION,left,3.0,3.0,,3.0,3.0,,,,experienced2,,,,,
2026-02-03 17:47:25.088Z,GAME_ACTION,down,2.0,3.0,,3.0,3.0,,,,experienced2,,,,,
2026-02-03 17:47:26.320Z,GAME_ACTION,down,2.0,4.0,,3.0,3.0,,,,experienced2,,,,,
2026-02-03 17:47:27.153Z,GAME_ACTION,down,2.0,5.0,,3.0,3.0,,,,experienced2,,,,,
2026-02-03 17:47:27.529Z,GAME_ACTION,down,2.0,6.0,,3.0,3.0,,,,experienced2,,,,,
2026-02-03 17:47:27.865Z,GAME_ACTION,down,2.0,7.0,,3.0,3.0,,,,experienced2,,,,,
2026-02-03 17:47:28.313Z,GAME_ACTION,down,2.0,8.0,,3.0,3.0,,,,experienced2,,,,,
2026-02-03 17:47:29.849Z,GAME_ACTION,left,2.0,9.0,,3.0,3.0,,,,experienced2,,,,,
2026-02-03 17:47:30.522Z,GAME_ACTION,left,1.0,9.0,,3.0,3.0,,,,experienced2,,,,,
2026-02-03 17:47:31.698Z,GAME_ACTION,down,0.0,9.0,,3.0,3.0,,,,experienced2,,,,,
2026-02-03 17:47:32.778Z,GAME_ACTION,down,0.0,10.0,,3.0,3.0,,,,experienced2,,,,,
2026-02-03 17:47:32.778Z,INTERACTION,,0.0,10.0,,3.0,3.0,,,,experienced2,,,,treasure_interaction,B
2026-02-03 17:47:32.778Z,LEVEL_COMPLETE,,0.0,10.0,,3.0,3.0,,,,experienced2,,,,,
2026-02-03 17:47:35.779Z,LEVEL_COMPLETE,,0.0,10.0,,3.0,3.0,,,14.0,experienced2,,,,,

Level: sm321_2
Timestamp,Type,Player Action,Player X,Player Y,Observed Agent ID,NPC 1 X,NPC 1 Y,NPC 2 X,NPC 2 Y,Steps Remaining,NPC 1 Path Type,NPC 1 Path Index,NPC 2 Path Type,NPC 2 Path Index,Interaction Type,Interaction Details
2026-02-03 17:45:03.732Z,LEVEL_START,,,,,,,,,,,,,,,
2026-02-03 17:45:03.737Z,LEVEL_START,,,,,,,,,,,,,,,
2026-02-03 17:45:28.537Z,AGENT_OBSERVE,,3.0,9.0,3.0,9.0,9.0,,,,experienced2,,,,,
2026-02-03 17:45:32.716Z,AGENT_OBSERVE,,3.0,9.0,3.0,9.0,9.0,,,,experienced2,,,,,
2026-02-03 17:45:36.853Z,AGENT_OBSERVE,,3.0,9.0,3.0,8.0,9.0,,,,experienced2,,,,,
2026-02-03 17:45:37.725Z,AGENT_OBSERVE,,3.0,9.0,3.0,8.0,8.0,,,,experienced2,,,,,
2026-02-03 17:45:38.405Z,AGENT_OBSERVE,,3.0,9.0,3.0,8.0,7.0,,,,experienced2,,,,,
2026-02-03 17:45:39.398Z,AGENT_OBSERVE,,3.0,9.0,3.0,9.0,7.0,,,,experienced2,,,,,
2026-02-03 17:45:41.095Z,AGENT_OBSERVE,,3.0,9.0,3.0,9.0,7.0,,,,experienced2,,,,,
2026-02-03 17:45:44.200Z,AGENT_OBSERVE,,3.0,9.0,3.0,8.0,7.0,,,,experienced2,,,,,
2026-02-03 17:45:45.497Z,AGENT_OBSERVE,,3.0,9.0,3.0,8.0,6.0,,,,experienced2,,,,,
2026-02-03 17:45:52.307Z,GAME_ACTION,right,3.0,9.0,,8.0,6.0,,,,experienced2,,,,,
2026-02-03 17:45:52.740Z,GAME_ACTION,right,4.0,9.0,,8.0,6.0,,,,experienced2,,,,,
2026-02-03 17:45:53.003Z,GAME_ACTION,right,5.0,9.0,,8.0,6.0,,,,experienced2,,,,,
2026-02-03 17:45:53.267Z,GAME_ACTION,right,6.0,9.0,,8.0,6.0,,,,experienced2,,,,,
2026-02-03 17:45:53.580Z,GAME_ACTION,right,7.0,9.0,,8.0,6.0,,,,experienced2,,,,,
2026-02-03 17:45:54.781Z,GAME_ACTION,up,8.0,9.0,,8.0,6.0,,,,experienced2,,,,,
2026-02-03 17:45:55.044Z,GAME_ACTION,up,8.0,8.0,,8.0,6.0,,,,experienced2,,,,,
2026-02-03 17:45:55.317Z,GAME_ACTION,up,8.0,7.0,,8.0,6.0,,,,experienced2,,,,,
2026-02-03 17:45:55.605Z,GAME_ACTION,up,8.0,6.0,,8.0,6.0,,,,experienced2,,,,,
2026-02-03 17:45:55.885Z,GAME_ACTION,up,8.0,5.0,,8.0,6.0,,,,experienced2,,,,,
2026-02-03 17:45:56.189Z,GAME_ACTION,up,8.0,4.0,,8.0,6.0,,,,experienced2,,,,,
2026-02-03 17:45:56.525Z,GAME_ACTION,up,8.0,3.0,,8.0,6.0,,,,experienced2,,,,,
2026-02-03 17:45:57.534Z,GAME_ACTION,left,8.0,3.0,,8.0,6.0,,,,experienced2,,,,,
2026-02-03 17:45:58.078Z,GAME_ACTION,left,7.0,3.0,,8.0,6.0,,,,experienced2,,,,,
2026-02-03 17:45:58.598Z,GAME_ACTION,left,6.0,3.0,,8.0,6.0,,,,experienced2,,,,,
2026-02-03 17:45:59.006Z,GAME_ACTION,left,5.0,3.0,,8.0,6.0,,,,experienced2,,,,,
2026-02-03 17:45:59.343Z,GAME_ACTION,left,4.0,3.0,,8.0,6.0,,,,experienced2,,,,,
2026-02-03 17:45:59.655Z,GAME_ACTION,left,3.0,3.0,,8.0,6.0,,,,experienced2,,,,,
2026-02-03 17:46:00.895Z,GAME_ACTION,up,2.0,3.0,,8.0,6.0,,,,experienced2,,,,,
2026-02-03 17:46:01.335Z,GAME_ACTION,up,2.0,2.0,,8.0,6.0,,,,experienced2,,,,,
2026-02-03 17:46:01.959Z,GAME_ACTION,up,2.0,1.0,,8.0,6.0,,,,experienced2,,,,,
2026-02-03 17:46:01.959Z,INTERACTION,,2.0,1.0,,8.0,6.0,,,,experienced2,,,,wizard_interaction,blueAmulet
2026-02-03 17:46:03.592Z,GAME_ACTION,down,2.0,1.0,,8.0,6.0,,,,experienced2,,,,,
2026-02-03 17:46:03.904Z,GAME_ACTION,down,2.0,2.0,,8.0,6.0,,,,experienced2,,,,,
2026-02-03 17:46:05.313Z,GAME_ACTION,right,2.0,3.0,,8.0,6.0,,,,experienced2,,,,,
2026-02-03 17:46:05.536Z,GAME_ACTION,right,3.0,3.0,,8.0,6.0,,,,experienced2,,,,,
2026-02-03 17:46:05.761Z,GAME_ACTION,right,4.0,3.0,,8.0,6.0,,,,experienced2,,,,,
2026-02-03 17:46:06.025Z,GAME_ACTION,right,5.0,3.0,,8.0,6.0,,,,experienced2,,,,,
2026-02-03 17:46:06.288Z,GAME_ACTION,right,6.0,3.0,,8.0,6.0,,,,experienced2,,,,,
2026-02-03 17:46:06.585Z,GAME_ACTION,right,7.0,3.0,,8.0,6.0,,,,experienced2,,,,,
2026-02-03 17:46:07.713Z,GAME_ACTION,down,8.0,3.0,,8.0,6.0,,,,experienced2,,,,,
2026-02-03 17:46:08.057Z,GAME_ACTION,down,8.0,4.0,,8.0,6.0,,,,experienced2,,,,,
2026-02-03 17:46:08.409Z,GAME_ACTION,down,8.0,5.0,,8.0,6.0,,,,experienced2,,,,,
2026-02-03 17:46:10.890Z,GAME_ACTION,down,8.0,6.0,,8.0,6.0,,,,experienced2,,,,,
2026-02-03 17:46:11.339Z,GAME_ACTION,down,8.0,7.0,,8.0,6.0,,,,experienced2,,,,,
2026-02-03 17:46:11.699Z,GAME_ACTION,down,8.0,8.0,,8.0,6.0,,,,experienced2,,,,,
2026-02-03 17:46:13.131Z,GAME_ACTION,left,8.0,9.0,,8.0,6.0,,,,experienced2,,,,,
2026-02-03 17:46:13.740Z,GAME_ACTION,left,7.0,9.0,,8.0,6.0,,,,experienced2,,,,,
2026-02-03 17:46:14.027Z,GAME_ACTION,left,6.0,9.0,,8.0,6.0,,,,experienced2,,,,,
2026-02-03 17:46:14.324Z,GAME_ACTION,left,5.0,9.0,,8.0,6.0,,,,experienced2,,,,,
2026-02-03 17:46:14.604Z,GAME_ACTION,left,4.0,9.0,,8.0,6.0,,,,experienced2,,,,,
2026-02-03 17:46:14.891Z,GAME_ACTION,left,3.0,9.0,,8.0,6.0,,,,experienced2,,,,,
2026-02-03 17:46:15.139Z,GAME_ACTION,left,2.0,9.0,,8.0,6.0,,,,experienced2,,,,,
2026-02-03 17:46:15.428Z,GAME_ACTION,left,1.0,9.0,,8.0,6.0,,,,experienced2,,,,,
2026-02-03 17:46:16.853Z,GAME_ACTION,down,0.0,9.0,,8.0,6.0,,,,experienced2,,,,,
2026-02-03 17:46:17.437Z,GAME_ACTION,down,0.0,10.0,,8.0,6.0,,,,experienced2,,,,,
2026-02-03 17:46:17.437Z,INTERACTION,,0.0,10.0,,8.0,6.0,,,,experienced2,,,,treasure_interaction,B
2026-02-03 17:46:17.437Z,LEVEL_COMPLETE,,0.0,10.0,,8.0,6.0,,,,experienced2,,,,,
2026-02-03 17:46:20.439Z,LEVEL_COMPLETE,,0.0,10.0,,8.0,6.0,,,16.0,experienced2,,,,,

Level: sm331_1
Timestamp,Type,Player Action,Player X,Player Y,Observed Agent ID,NPC 1 X,NPC 1 Y,NPC 2 X,NPC 2 Y,Steps Remaining,NPC 1 Path Type,NPC 1 Path Index,NPC 2 Path Type,NPC 2 Path Index,Interaction Type,Interaction Details
2026-02-03 17:47:35.924Z,LEVEL_START,,,,,,,,,,,,,,,
2026-02-03 17:47:35.924Z,LEVEL_START,,,,,,,,,,,,,,,
2026-02-03 17:48:03.654Z,AGENT_OBSERVE,,3.0,11.0,3.0,1.0,2.0,,,,experienced1,,,,,
2026-02-03 17:48:04.432Z,AGENT_OBSERVE,,3.0,11.0,3.0,1.0,2.0,,,,experienced1,,,,,
2026-02-03 17:48:05.632Z,AGENT_OBSERVE,,3.0,11.0,3.0,2.0,2.0,,,,experienced1,,,,,
2026-02-03 17:48:06.112Z,AGENT_OBSERVE,,3.0,11.0,3.0,3.0,2.0,,,,experienced1,,,,,
2026-02-03 17:48:06.575Z,AGENT_OBSERVE,,3.0,11.0,3.0,4.0,2.0,,,,experienced1,,,,,
2026-02-03 17:48:07.833Z,AGENT_OBSERVE,,3.0,11.0,3.0,5.0,2.0,,,,experienced1,,,,,
2026-02-03 17:48:08.313Z,AGENT_OBSERVE,,3.0,11.0,3.0,6.0,2.0,,,,experienced1,,,,,
2026-02-03 17:48:12.602Z,GAME_ACTION,up,3.0,11.0,,6.0,2.0,,,,experienced1,,,,,
2026-02-03 17:48:13.082Z,GAME_ACTION,up,3.0,10.0,,6.0,2.0,,,,experienced1,,,,,
2026-02-03 17:48:13.307Z,GAME_ACTION,up,3.0,9.0,,6.0,2.0,,,,experienced1,,,,,
2026-02-03 17:48:13.651Z,GAME_ACTION,up,3.0,8.0,,6.0,2.0,,,,experienced1,,,,,
2026-02-03 17:48:14.091Z,GAME_ACTION,up,3.0,7.0,,6.0,2.0,,,,experienced1,,,,,
2026-02-03 17:48:14.555Z,GAME_ACTION,up,3.0,6.0,,6.0,2.0,,,,experienced1,,,,,
2026-02-03 17:48:14.827Z,GAME_ACTION,up,3.0,5.0,,6.0,2.0,,,,experienced1,,,,,
2026-02-03 17:48:15.107Z,GAME_ACTION,up,3.0,4.0,,6.0,2.0,,,,experienced1,,,,,
2026-02-03 17:48:15.419Z,GAME_ACTION,up,3.0,3.0,,6.0,2.0,,,,experienced1,,,,,
2026-02-03 17:48:16.684Z,GAME_ACTION,left,3.0,2.0,,6.0,2.0,,,,experienced1,,,,,
2026-02-03 17:48:16.923Z,GAME_ACTION,left,2.0,2.0,,6.0,2.0,,,,experienced1,,,,,
2026-02-03 17:48:17.163Z,GAME_ACTION,left,1.0,2.0,,6.0,2.0,,,,experienced1,,,,,
2026-02-03 17:48:17.164Z,INTERACTION,,1.0,2.0,,6.0,2.0,,,,experienced1,,,,wizard_interaction,blueAmulet
2026-02-03 17:48:18.444Z,GAME_ACTION,right,1.0,2.0,,6.0,2.0,,,,experienced1,,,,,
2026-02-03 17:48:18.668Z,GAME_ACTION,right,2.0,2.0,,6.0,2.0,,,,experienced1,,,,,
2026-02-03 17:48:19.181Z,GAME_ACTION,right,3.0,2.0,,6.0,2.0,,,,experienced1,,,,,
2026-02-03 17:48:19.429Z,GAME_ACTION,right,4.0,2.0,,6.0,2.0,,,,experienced1,,,,,
2026-02-03 17:48:19.813Z,GAME_ACTION,right,5.0,2.0,,6.0,2.0,,,,experienced1,,,,,
2026-02-03 17:48:20.068Z,GAME_ACTION,right,6.0,2.0,,6.0,2.0,,,,experienced1,,,,,
2026-02-03 17:48:20.397Z,GAME_ACTION,right,7.0,2.0,,6.0,2.0,,,,experienced1,,,,,
2026-02-03 17:48:20.973Z,GAME_ACTION,right,8.0,2.0,,6.0,2.0,,,,experienced1,,,,,
2026-02-03 17:48:21.309Z,GAME_ACTION,right,9.0,2.0,,6.0,2.0,,,,experienced1,,,,,
2026-02-03 17:48:22.237Z,GAME_ACTION,up,10.0,2.0,,6.0,2.0,,,,experienced1,,,,,
2026-02-03 17:48:22.790Z,GAME_ACTION,up,10.0,1.0,,6.0,2.0,,,,experienced1,,,,,
2026-02-03 17:48:22.790Z,INTERACTION,,10.0,1.0,,6.0,2.0,,,,experienced1,,,,treasure_interaction,A
2026-02-03 17:48:22.790Z,LEVEL_COMPLETE,,10.0,1.0,,6.0,2.0,,,,experienced1,,,,,
2026-02-03 17:48:25.792Z,LEVEL_COMPLETE,,10.0,1.0,,6.0,2.0,,,16.0,experienced1,,,,,

Level: sm371_2
Timestamp,Type,Player Action,Player X,Player Y,Observed Agent ID,NPC 1 X,NPC 1 Y,NPC 2 X,NPC 2 Y,Steps Remaining,NPC 1 Path Type,NPC 1 Path Index,NPC 2 Path Type,NPC 2 Path Index,Interaction Type,Interaction Details
2026-02-03 17:54:08.184Z,LEVEL_START,,,,,,,,,,,,,,,
2026-02-03 17:54:08.190Z,LEVEL_START,,,,,,,,,,,,,,,
2026-02-03 17:54:28.200Z,GAME_ACTION,up,0.0,3.0,,,,,,,,,,,,
2026-02-03 17:54:28.672Z,GAME_ACTION,up,0.0,2.0,,,,,,,,,,,,
2026-02-03 17:54:28.673Z,INTERACTION,,0.0,2.0,,,,,,,,,,,wizard_interaction,
2026-02-03 17:54:30.481Z,GAME_ACTION,down,0.0,2.0,,,,,,,,,,,,
2026-02-03 17:54:30.801Z,GAME_ACTION,down,0.0,3.0,,,,,,,,,,,,
2026-02-03 17:54:31.281Z,GAME_ACTION,down,0.0,4.0,,,,,,,,,,,,
2026-02-03 17:54:31.282Z,INTERACTION,,0.0,4.0,,,,,,,,,,,wizard_interaction,blueAmulet
2026-02-03 17:54:33.002Z,GAME_ACTION,up,0.0,4.0,,,,,,,,,,,,
2026-02-03 17:54:34.755Z,GAME_ACTION,right,0.0,3.0,,,,,,,,,,,,
2026-02-03 17:54:35.115Z,GAME_ACTION,right,1.0,3.0,,,,,,,,,,,,
2026-02-03 17:54:35.371Z,GAME_ACTION,right,2.0,3.0,,,,,,,,,,,,
2026-02-03 17:54:35.651Z,GAME_ACTION,right,3.0,3.0,,,,,,,,,,,,
2026-02-03 17:54:35.923Z,GAME_ACTION,right,4.0,3.0,,,,,,,,,,,,
2026-02-03 17:54:36.179Z,GAME_ACTION,right,5.0,3.0,,,,,,,,,,,,
2026-02-03 17:54:36.475Z,GAME_ACTION,right,6.0,3.0,,,,,,,,,,,,
2026-02-03 17:54:36.763Z,GAME_ACTION,right,7.0,3.0,,,,,,,,,,,,
2026-02-03 17:54:37.043Z,GAME_ACTION,right,8.0,3.0,,,,,,,,,,,,
2026-02-03 17:54:38.572Z,GAME_ACTION,up,9.0,3.0,,,,,,,,,,,,
2026-02-03 17:54:38.916Z,GAME_ACTION,up,9.0,2.0,,,,,,,,,,,,
2026-02-03 17:54:39.605Z,GAME_ACTION,up,9.0,1.0,,,,,,,,,,,,
2026-02-03 17:54:39.605Z,INTERACTION,,9.0,1.0,,,,,,,,,,,treasure_interaction,A
2026-02-03 17:54:39.605Z,LEVEL_COMPLETE,,9.0,1.0,,,,,,,,,,,,
2026-02-03 17:54:42.607Z,LEVEL_COMPLETE,,9.0,1.0,,,,,,11.0,,,,,,

Level: sm411_2
Timestamp,Type,Player Action,Player X,Player Y,Observed Agent ID,NPC 1 X,NPC 1 Y,NPC 2 X,NPC 2 Y,Steps Remaining,NPC 1 Path Type,NPC 1 Path Index,NPC 2 Path Type,NPC 2 Path Index,Interaction Type,Interaction Details
2026-02-03 17:53:15.426Z,LEVEL_START,,,,,,,,,,,,,,,
2026-02-03 17:53:15.431Z,LEVEL_START,,,,,,,,,,,,,,,
2026-02-03 17:53:33.379Z,AGENT_OBSERVE,,6.0,6.0,2.0,,,2.0,4.0,,,,experienced2,,,
2026-02-03 17:53:34.235Z,AGENT_OBSERVE,,6.0,6.0,2.0,,,2.0,3.0,,,,experienced2,,,
2026-02-03 17:53:34.851Z,AGENT_OBSERVE,,6.0,6.0,2.0,,,3.0,3.0,,,,experienced2,,,
2026-02-03 17:53:36.180Z,AGENT_OBSERVE,,6.0,6.0,2.0,,,4.0,3.0,,,,experienced2,,,
2026-02-03 17:53:38.108Z,AGENT_OBSERVE,,6.0,6.0,2.0,,,5.0,3.0,,,,experienced2,,,
2026-02-03 17:53:40.620Z,GAME_ACTION,down,6.0,6.0,,,,5.0,3.0,,,,experienced2,,,
2026-02-03 17:53:41.069Z,GAME_ACTION,down,6.0,7.0,,,,5.0,3.0,,,,experienced2,,,
2026-02-03 17:53:42.821Z,GAME_ACTION,down,6.0,8.0,,,,5.0,3.0,,,,experienced2,,,
2026-02-03 17:53:44.150Z,GAME_ACTION,left,6.0,9.0,,,,5.0,3.0,,,,experienced2,,,
2026-02-03 17:53:44.566Z,GAME_ACTION,left,5.0,9.0,,,,5.0,3.0,,,,experienced2,,,
2026-02-03 17:53:44.911Z,GAME_ACTION,left,4.0,9.0,,,,5.0,3.0,,,,experienced2,,,
2026-02-03 17:53:47.407Z,GAME_ACTION,up,2.0,9.0,,,,5.0,3.0,,,,experienced2,,,
2026-02-03 17:53:47.719Z,GAME_ACTION,up,2.0,8.0,,,,5.0,3.0,,,,experienced2,,,
2026-02-03 17:53:47.967Z,GAME_ACTION,up,2.0,7.0,,,,5.0,3.0,,,,experienced2,,,
2026-02-03 17:53:48.191Z,GAME_ACTION,up,2.0,6.0,,,,5.0,3.0,,,,experienced2,,,
2026-02-03 17:53:48.430Z,GAME_ACTION,up,2.0,5.0,,,,5.0,3.0,,,,experienced2,,,
2026-02-03 17:53:48.783Z,GAME_ACTION,up,2.0,4.0,,,,5.0,3.0,,,,experienced2,,,
2026-02-03 17:53:49.903Z,GAME_ACTION,right,2.0,3.0,,,,5.0,3.0,,,,experienced2,,,
2026-02-03 17:53:50.120Z,GAME_ACTION,right,3.0,3.0,,,,5.0,3.0,,,,experienced2,,,
2026-02-03 17:53:50.520Z,GAME_ACTION,right,4.0,3.0,,,,5.0,3.0,,,,experienced2,,,
2026-02-03 17:53:50.760Z,GAME_ACTION,right,5.0,3.0,,,,5.0,3.0,,,,experienced2,,,
2026-02-03 17:53:51.120Z,GAME_ACTION,right,6.0,3.0,,,,5.0,3.0,,,,experienced2,,,
2026-02-03 17:53:51.544Z,GAME_ACTION,right,7.0,3.0,,,,5.0,3.0,,,,experienced2,,,
2026-02-03 17:53:51.977Z,GAME_ACTION,right,8.0,3.0,,,,5.0,3.0,,,,experienced2,,,
2026-02-03 17:53:52.376Z,GAME_ACTION,right,9.0,3.0,,,,5.0,3.0,,,,experienced2,,,
2026-02-03 17:53:53.472Z,GAME_ACTION,up,10.0,3.0,,,,5.0,3.0,,,,experienced2,,,
2026-02-03 17:53:53.953Z,GAME_ACTION,up,10.0,2.0,,,,5.0,3.0,,,,experienced2,,,
2026-02-03 17:53:53.953Z,INTERACTION,,10.0,2.0,,,,5.0,3.0,,,,experienced2,,wizard_interaction,blueAmulet
2026-02-03 17:53:55.120Z,GAME_ACTION,down,10.0,2.0,,,,5.0,3.0,,,,experienced2,,,
2026-02-03 17:53:56.033Z,GAME_ACTION,left,10.0,3.0,,,,5.0,3.0,,,,experienced2,,,
2026-02-03 17:53:56.241Z,GAME_ACTION,left,9.0,3.0,,,,5.0,3.0,,,,experienced2,,,
2026-02-03 17:53:56.473Z,GAME_ACTION,left,8.0,3.0,,,,5.0,3.0,,,,experienced2,,,
2026-02-03 17:53:57.601Z,GAME_ACTION,left,7.0,3.0,,,,5.0,3.0,,,,experienced2,,,
2026-02-03 17:53:57.906Z,GAME_ACTION,left,6.0,3.0,,,,5.0,3.0,,,,experienced2,,,
2026-02-03 17:53:58.234Z,GAME_ACTION,left,5.0,3.0,,,,5.0,3.0,,,,experienced2,,,
2026-02-03 17:53:58.514Z,GAME_ACTION,left,4.0,3.0,,,,5.0,3.0,,,,experienced2,,,
2026-02-03 17:53:58.858Z,GAME_ACTION,left,3.0,3.0,,,,5.0,3.0,,,,experienced2,,,
2026-02-03 17:53:59.899Z,GAME_ACTION,down,2.0,3.0,,,,5.0,3.0,,,,experienced2,,,
2026-02-03 17:54:00.354Z,GAME_ACTION,down,2.0,4.0,,,,5.0,3.0,,,,experienced2,,,
2026-02-03 17:54:00.583Z,GAME_ACTION,down,2.0,5.0,,,,5.0,3.0,,,,experienced2,,,
2026-02-03 17:54:01.035Z,GAME_ACTION,down,2.0,6.0,,,,5.0,3.0,,,,experienced2,,,
2026-02-03 17:54:01.507Z,GAME_ACTION,down,2.0,7.0,,,,5.0,3.0,,,,experienced2,,,
2026-02-03 17:54:01.932Z,GAME_ACTION,down,2.0,8.0,,,,5.0,3.0,,,,experienced2,,,
2026-02-03 17:54:03.252Z,GAME_ACTION,left,2.0,9.0,,,,5.0,3.0,,,,experienced2,,,
2026-02-03 17:54:03.708Z,GAME_ACTION,left,1.0,9.0,,,,5.0,3.0,,,,experienced2,,,
2026-02-03 17:54:04.660Z,GAME_ACTION,down,0.0,9.0,,,,5.0,3.0,,,,experienced2,,,
2026-02-03 17:54:05.044Z,GAME_ACTION,down,0.0,10.0,,,,5.0,3.0,,,,experienced2,,,
2026-02-03 17:54:05.044Z,INTERACTION,,0.0,10.0,,,,5.0,3.0,,,,experienced2,,treasure_interaction,B
2026-02-03 17:54:05.044Z,LEVEL_COMPLETE,,0.0,10.0,,,,5.0,3.0,,,,experienced2,,,
2026-02-03 17:54:08.045Z,LEVEL_COMPLETE,,0.0,10.0,,,,5.0,3.0,21.0,,,experienced2,,,

Level: sm431_1
Timestamp,Type,Player Action,Player X,Player Y,Observed Agent ID,NPC 1 X,NPC 1 Y,NPC 2 X,NPC 2 Y,Steps Remaining,NPC 1 Path Type,NPC 1 Path Index,NPC 2 Path Type,NPC 2 Path Index,Interaction Type,Interaction Details
2026-02-03 17:48:25.936Z,LEVEL_START,,,,,,,,,,,,,,,
2026-02-03 17:48:25.936Z,LEVEL_START,,,,,,,,,,,,,,,
2026-02-03 17:48:47.347Z,AGENT_OBSERVE,,5.0,9.0,2.0,,,0.0,5.0,,,,experienced1,,,
2026-02-03 17:48:48.451Z,AGENT_OBSERVE,,5.0,9.0,2.0,,,0.0,4.0,,,,experienced1,,,
2026-02-03 17:48:49.364Z,AGENT_OBSERVE,,5.0,9.0,2.0,,,0.0,3.0,,,,experienced1,,,
2026-02-03 17:48:49.980Z,AGENT_OBSERVE,,5.0,9.0,2.0,,,1.0,3.0,,,,experienced1,,,
2026-02-03 17:48:50.716Z,AGENT_OBSERVE,,5.0,9.0,2.0,,,2.0,3.0,,,,experienced1,,,
2026-02-03 17:48:51.765Z,AGENT_OBSERVE,,5.0,9.0,2.0,,,3.0,3.0,,,,experienced1,,,
2026-02-03 17:48:58.711Z,GAME_ACTION,left,5.0,9.0,,,,3.0,3.0,,,,experienced1,,,
2026-02-03 17:48:59.207Z,GAME_ACTION,left,4.0,9.0,,,,3.0,3.0,,,,experienced1,,,
2026-02-03 17:49:00.215Z,GAME_ACTION,up,3.0,9.0,,,,3.0,3.0,,,,experienced1,,,
2026-02-03 17:49:00.671Z,GAME_ACTION,up,3.0,8.0,,,,3.0,3.0,,,,experienced1,,,
2026-02-03 17:49:00.919Z,GAME_ACTION,up,3.0,7.0,,,,3.0,3.0,,,,experienced1,,,
2026-02-03 17:49:01.167Z,GAME_ACTION,up,3.0,6.0,,,,3.0,3.0,,,,experienced1,,,
2026-02-03 17:49:02.240Z,GAME_ACTION,left,3.0,5.0,,,,3.0,3.0,,,,experienced1,,,
2026-02-03 17:49:02.584Z,GAME_ACTION,left,2.0,5.0,,,,3.0,3.0,,,,experienced1,,,
2026-02-03 17:49:02.936Z,GAME_ACTION,left,1.0,5.0,,,,3.0,3.0,,,,experienced1,,,
2026-02-03 17:49:03.303Z,GAME_ACTION,left,0.0,5.0,,,,3.0,3.0,,,,experienced1,,,
2026-02-03 17:49:04.120Z,GAME_ACTION,up,0.0,5.0,,,,3.0,3.0,,,,experienced1,,,
2026-02-03 17:49:04.553Z,GAME_ACTION,up,0.0,4.0,,,,3.0,3.0,,,,experienced1,,,
2026-02-03 17:49:06.353Z,GAME_ACTION,right,0.0,3.0,,,,3.0,3.0,,,,experienced1,,,
2026-02-03 17:49:06.672Z,GAME_ACTION,right,1.0,3.0,,,,3.0,3.0,,,,experienced1,,,
2026-02-03 17:49:06.985Z,GAME_ACTION,right,2.0,3.0,,,,3.0,3.0,,,,experienced1,,,
2026-02-03 17:49:07.353Z,GAME_ACTION,right,3.0,3.0,,,,3.0,3.0,,,,experienced1,,,
2026-02-03 17:49:08.065Z,GAME_ACTION,right,4.0,3.0,,,,3.0,3.0,,,,experienced1,,,
2026-02-03 17:49:08.881Z,GAME_ACTION,up,4.0,3.0,,,,3.0,3.0,,,,experienced1,,,
2026-02-03 17:49:09.522Z,GAME_ACTION,up,4.0,2.0,,,,3.0,3.0,,,,experienced1,,,
2026-02-03 17:49:09.522Z,INTERACTION,,4.0,2.0,,,,3.0,3.0,,,,experienced1,,wizard_interaction,blueAmulet
2026-02-03 17:49:10.891Z,GAME_ACTION,down,4.0,2.0,,,,3.0,3.0,,,,experienced1,,,
2026-02-03 17:49:12.002Z,GAME_ACTION,left,4.0,3.0,,,,3.0,3.0,,,,experienced1,,,
2026-02-03 17:49:12.266Z,GAME_ACTION,left,3.0,3.0,,,,3.0,3.0,,,,experienced1,,,
2026-02-03 17:49:12.578Z,GAME_ACTION,left,2.0,3.0,,,,3.0,3.0,,,,experienced1,,,
2026-02-03 17:49:13.051Z,GAME_ACTION,left,1.0,3.0,,,,3.0,3.0,,,,experienced1,,,
2026-02-03 17:49:14.179Z,GAME_ACTION,down,0.0,3.0,,,,3.0,3.0,,,,experienced1,,,
2026-02-03 17:49:14.692Z,GAME_ACTION,down,0.0,4.0,,,,3.0,3.0,,,,experienced1,,,
2026-02-03 17:49:15.835Z,GAME_ACTION,right,0.0,5.0,,,,3.0,3.0,,,,experienced1,,,
2026-02-03 17:49:16.196Z,GAME_ACTION,right,1.0,5.0,,,,3.0,3.0,,,,experienced1,,,
2026-02-03 17:49:16.556Z,GAME_ACTION,right,2.0,5.0,,,,3.0,3.0,,,,experienced1,,,
2026-02-03 17:49:18.797Z,GAME_ACTION,down,3.0,5.0,,,,3.0,3.0,,,,experienced1,,,
2026-02-03 17:49:19.188Z,GAME_ACTION,down,3.0,6.0,,,,3.0,3.0,,,,experienced1,,,
2026-02-03 17:49:19.549Z,GAME_ACTION,down,3.0,7.0,,,,3.0,3.0,,,,experienced1,,,
2026-02-03 17:49:20.181Z,GAME_ACTION,down,3.0,8.0,,,,3.0,3.0,,,,experienced1,,,
2026-02-03 17:49:21.205Z,GAME_ACTION,left,3.0,9.0,,,,3.0,3.0,,,,experienced1,,,
2026-02-03 17:49:21.517Z,GAME_ACTION,left,2.0,9.0,,,,3.0,3.0,,,,experienced1,,,
2026-02-03 17:49:21.893Z,GAME_ACTION,left,1.0,9.0,,,,3.0,3.0,,,,experienced1,,,
2026-02-03 17:49:22.918Z,GAME_ACTION,down,0.0,9.0,,,,3.0,3.0,,,,experienced1,,,
2026-02-03 17:49:23.574Z,GAME_ACTION,down,0.0,10.0,,,,3.0,3.0,,,,experienced1,,,
2026-02-03 17:49:23.574Z,INTERACTION,,0.0,10.0,,,,3.0,3.0,,,,experienced1,,treasure_interaction,B
2026-02-03 17:49:23.574Z,LEVEL_COMPLETE,,0.0,10.0,,,,3.0,3.0,,,,experienced1,,,
2026-02-03 17:49:26.576Z,LEVEL_COMPLETE,,0.0,10.0,,,,3.0,3.0,18.0,,,experienced1,,,

Level: sm531_2
Timestamp,Type,Player Action,Player X,Player Y,Observed Agent ID,NPC 1 X,NPC 1 Y,NPC 2 X,NPC 2 Y,Steps Remaining,NPC 1 Path Type,NPC 1 Path Index,NPC 2 Path Type,NPC 2 Path Index,Interaction Type,Interaction Details
2026-02-03 17:52:27.658Z,LEVEL_START,,,,,,,,,,,,,,,
2026-02-03 17:52:27.659Z,LEVEL_START,,,,,,,,,,,,,,,
2026-02-03 17:52:43.797Z,AGENT_OBSERVE,,0.0,11.0,2.0,,,3.0,4.0,,,,experienced2,,,
2026-02-03 17:52:47.214Z,AGENT_OBSERVE,,0.0,11.0,3.0,0.0,1.0,3.0,4.0,,experienced2,,experienced2,,,
2026-02-03 17:52:48.303Z,AGENT_OBSERVE,,0.0,11.0,3.0,0.0,1.0,3.0,4.0,,experienced2,,experienced2,,,
2026-02-03 17:52:51.960Z,AGENT_OBSERVE,,0.0,11.0,3.0,0.0,2.0,3.0,4.0,,experienced2,,experienced2,,,
2026-02-03 17:52:53.456Z,AGENT_OBSERVE,,0.0,11.0,3.0,1.0,2.0,3.0,4.0,,experienced2,,experienced2,,,
2026-02-03 17:52:53.905Z,AGENT_OBSERVE,,0.0,11.0,3.0,2.0,2.0,3.0,4.0,,experienced2,,experienced2,,,
2026-02-03 17:52:54.353Z,AGENT_OBSERVE,,0.0,11.0,3.0,3.0,2.0,3.0,4.0,,experienced2,,experienced2,,,
2026-02-03 17:52:54.849Z,AGENT_OBSERVE,,0.0,11.0,3.0,4.0,2.0,3.0,4.0,,experienced2,,experienced2,,,
2026-02-03 17:52:55.537Z,AGENT_OBSERVE,,0.0,11.0,3.0,4.0,1.0,3.0,4.0,,experienced2,,experienced2,,,
2026-02-03 17:52:58.538Z,GAME_ACTION,up,0.0,11.0,,4.0,1.0,3.0,4.0,,experienced2,,experienced2,,,
2026-02-03 17:52:58.857Z,GAME_ACTION,up,0.0,10.0,,4.0,1.0,3.0,4.0,,experienced2,,experienced2,,,
2026-02-03 17:52:59.186Z,GAME_ACTION,up,0.0,9.0,,4.0,1.0,3.0,4.0,,experienced2,,experienced2,,,
2026-02-03 17:52:59.578Z,GAME_ACTION,up,0.0,8.0,,4.0,1.0,3.0,4.0,,experienced2,,experienced2,,,
2026-02-03 17:53:00.842Z,GAME_ACTION,right,0.0,7.0,,4.0,1.0,3.0,4.0,,experienced2,,experienced2,,,
2026-02-03 17:53:01.178Z,GAME_ACTION,right,1.0,7.0,,4.0,1.0,3.0,4.0,,experienced2,,experienced2,,,
2026-02-03 17:53:01.538Z,GAME_ACTION,right,2.0,7.0,,4.0,1.0,3.0,4.0,,experienced2,,experienced2,,,
2026-02-03 17:53:02.050Z,GAME_ACTION,right,3.0,7.0,,4.0,1.0,3.0,4.0,,experienced2,,experienced2,,,
2026-02-03 17:53:03.130Z,GAME_ACTION,up,4.0,7.0,,4.0,1.0,3.0,4.0,,experienced2,,experienced2,,,
2026-02-03 17:53:03.506Z,GAME_ACTION,up,4.0,6.0,,4.0,1.0,3.0,4.0,,experienced2,,experienced2,,,
2026-02-03 17:53:03.907Z,GAME_ACTION,up,4.0,5.0,,4.0,1.0,3.0,4.0,,experienced2,,experienced2,,,
2026-02-03 17:53:04.146Z,GAME_ACTION,up,4.0,4.0,,4.0,1.0,3.0,4.0,,experienced2,,experienced2,,,
2026-02-03 17:53:04.443Z,GAME_ACTION,up,4.0,3.0,,4.0,1.0,3.0,4.0,,experienced2,,experienced2,,,
2026-02-03 17:53:04.779Z,GAME_ACTION,up,4.0,2.0,,4.0,1.0,3.0,4.0,,experienced2,,experienced2,,,
2026-02-03 17:53:05.219Z,GAME_ACTION,up,4.0,1.0,,4.0,1.0,3.0,4.0,,experienced2,,experienced2,,,
2026-02-03 17:53:05.220Z,INTERACTION,,4.0,1.0,,4.0,1.0,3.0,4.0,,experienced2,,experienced2,,wizard_interaction,blueAmulet
2026-02-03 17:53:06.555Z,GAME_ACTION,down,4.0,1.0,,4.0,1.0,3.0,4.0,,experienced2,,experienced2,,,
2026-02-03 17:53:07.700Z,GAME_ACTION,down,4.0,2.0,,4.0,1.0,3.0,4.0,,experienced2,,experienced2,,,
2026-02-03 17:53:08.124Z,GAME_ACTION,down,4.0,3.0,,4.0,1.0,3.0,4.0,,experienced2,,experienced2,,,
2026-02-03 17:53:08.564Z,GAME_ACTION,down,4.0,4.0,,4.0,1.0,3.0,4.0,,experienced2,,experienced2,,,
2026-02-03 17:53:09.524Z,GAME_ACTION,down,4.0,5.0,,4.0,1.0,3.0,4.0,,experienced2,,experienced2,,,
2026-02-03 17:53:10.092Z,GAME_ACTION,down,4.0,6.0,,4.0,1.0,3.0,4.0,,experienced2,,experienced2,,,
2026-02-03 17:53:10.948Z,GAME_ACTION,right,4.0,7.0,,4.0,1.0,3.0,4.0,,experienced2,,experienced2,,,
2026-02-03 17:53:11.212Z,GAME_ACTION,right,5.0,7.0,,4.0,1.0,3.0,4.0,,experienced2,,experienced2,,,
2026-02-03 17:53:11.484Z,GAME_ACTION,right,6.0,7.0,,4.0,1.0,3.0,4.0,,experienced2,,experienced2,,,
2026-02-03 17:53:11.708Z,GAME_ACTION,right,7.0,7.0,,4.0,1.0,3.0,4.0,,experienced2,,experienced2,,,
2026-02-03 17:53:11.964Z,GAME_ACTION,right,8.0,7.0,,4.0,1.0,3.0,4.0,,experienced2,,experienced2,,,
2026-02-03 17:53:12.285Z,GAME_ACTION,right,9.0,7.0,,4.0,1.0,3.0,4.0,,experienced2,,experienced2,,,
2026-02-03 17:53:12.285Z,INTERACTION,,9.0,7.0,,4.0,1.0,3.0,4.0,,experienced2,,experienced2,,treasure_interaction,A
2026-02-03 17:53:12.285Z,LEVEL_COMPLETE,,9.0,7.0,,4.0,1.0,3.0,4.0,,experienced2,,experienced2,,,
2026-02-03 17:53:15.287Z,LEVEL_COMPLETE,,9.0,7.0,,4.0,1.0,3.0,4.0,17.0,experienced2,,experienced2,,,

Level: sm543_2
Timestamp,Type,Player Action,Player X,Player Y,Observed Agent ID,NPC 1 X,NPC 1 Y,NPC 2 X,NPC 2 Y,Steps Remaining,NPC 1 Path Type,NPC 1 Path Index,NPC 2 Path Type,NPC 2 Path Index,Interaction Type,Interaction Details
2026-02-03 17:50:39.318Z,LEVEL_START,,,,,,,,,,,,,,,
2026-02-03 17:50:39.322Z,LEVEL_START,,,,,,,,,,,,,,,
2026-02-03 17:51:09.290Z,GAME_ACTION,right,3.0,0.0,,,,,,,,,,,,
2026-02-03 17:51:09.625Z,GAME_ACTION,right,4.0,0.0,,,,,,,,,,,,
2026-02-03 17:51:09.626Z,INTERACTION,,4.0,0.0,,,,,,,,,,,wizard_interaction,blueAmulet
2026-02-03 17:51:11.602Z,GAME_ACTION,left,4.0,0.0,,,,,,,,,,,,
2026-02-03 17:51:13.595Z,GAME_ACTION,down,3.0,0.0,,,,,,,,,,,,
2026-02-03 17:51:14.131Z,GAME_ACTION,down,3.0,1.0,,,,,,,,,,,,
2026-02-03 17:51:15.083Z,GAME_ACTION,right,3.0,2.0,,,,,,,,,,,,
2026-02-03 17:51:15.451Z,GAME_ACTION,right,4.0,2.0,,,,,,,,,,,,
2026-02-03 17:51:16.540Z,GAME_ACTION,down,5.0,2.0,,,,,,,,,,,,
2026-02-03 17:51:16.996Z,GAME_ACTION,down,5.0,3.0,,,,,,,,,,,,
2026-02-03 17:51:17.524Z,GAME_ACTION,down,5.0,4.0,,,,,,,,,,,,
2026-02-03 17:51:19.012Z,GAME_ACTION,left,5.0,5.0,,,,,,,,,,,,
2026-02-03 17:51:19.380Z,GAME_ACTION,left,4.0,5.0,,,,,,,,,,,,
2026-02-03 17:51:19.724Z,GAME_ACTION,left,3.0,5.0,,,,,,,,,,,,
2026-02-03 17:51:20.085Z,GAME_ACTION,left,2.0,5.0,,,,,,,,,,,,
2026-02-03 17:51:20.765Z,GAME_ACTION,left,1.0,5.0,,,,,,,,,,,,
2026-02-03 17:51:20.765Z,INTERACTION,,1.0,5.0,,,,,,,,,,,treasure_interaction,A
2026-02-03 17:51:20.765Z,LEVEL_COMPLETE,,1.0,5.0,,,,,,,,,,,,
2026-02-03 17:51:23.767Z,LEVEL_COMPLETE,,1.0,5.0,,,,,,22.0,,,,,,

Level: sm612_2
Timestamp,Type,Player Action,Player X,Player Y,Observed Agent ID,NPC 1 X,NPC 1 Y,NPC 2 X,NPC 2 Y,Steps Remaining,NPC 1 Path Type,NPC 1 Path Index,NPC 2 Path Type,NPC 2 Path Index,Interaction Type,Interaction Details
2026-02-03 17:51:23.909Z,LEVEL_START,,,,,,,,,,,,,,,
2026-02-03 17:51:23.914Z,LEVEL_START,,,,,,,,,,,,,,,
2026-02-03 17:51:45.804Z,AGENT_OBSERVE,,10.0,8.0,2.0,,,6.0,4.0,,,,experienced2,,,
2026-02-03 17:51:51.950Z,AGENT_OBSERVE,,10.0,8.0,3.0,10.0,1.0,6.0,4.0,,experienced2,,experienced2,,,
2026-02-03 17:51:53.135Z,AGENT_OBSERVE,,10.0,8.0,3.0,10.0,1.0,6.0,4.0,,experienced2,,experienced2,,,
2026-02-03 17:51:55.615Z,AGENT_OBSERVE,,10.0,8.0,3.0,10.0,2.0,6.0,4.0,,experienced2,,experienced2,,,
2026-02-03 17:51:56.447Z,AGENT_OBSERVE,,10.0,8.0,3.0,9.0,2.0,6.0,4.0,,experienced2,,experienced2,,,
2026-02-03 17:51:57.399Z,AGENT_OBSERVE,,10.0,8.0,3.0,8.0,2.0,6.0,4.0,,experienced2,,experienced2,,,
2026-02-03 17:51:58.096Z,AGENT_OBSERVE,,10.0,8.0,3.0,8.0,1.0,6.0,4.0,,experienced2,,experienced2,,,
2026-02-03 17:51:59.953Z,AGENT_OBSERVE,,10.0,8.0,3.0,8.0,1.0,6.0,4.0,,experienced2,,experienced2,,,
2026-02-03 17:52:01.256Z,AGENT_OBSERVE,,10.0,8.0,3.0,8.0,2.0,6.0,4.0,,experienced2,,experienced2,,,
2026-02-03 17:52:02.120Z,AGENT_OBSERVE,,10.0,8.0,3.0,7.0,2.0,6.0,4.0,,experienced2,,experienced2,,,
2026-02-03 17:52:02.777Z,AGENT_OBSERVE,,10.0,8.0,3.0,6.0,2.0,6.0,4.0,,experienced2,,experienced2,,,
2026-02-03 17:52:03.641Z,AGENT_OBSERVE,,10.0,8.0,3.0,5.0,2.0,6.0,4.0,,experienced2,,experienced2,,,
2026-02-03 17:52:08.882Z,GAME_ACTION,left,10.0,8.0,,5.0,2.0,6.0,4.0,,experienced2,,experienced2,,,
2026-02-03 17:52:09.250Z,GAME_ACTION,left,9.0,8.0,,5.0,2.0,6.0,4.0,,experienced2,,experienced2,,,
2026-02-03 17:52:09.603Z,GAME_ACTION,left,8.0,8.0,,5.0,2.0,6.0,4.0,,experienced2,,experienced2,,,
2026-02-03 17:52:10.067Z,GAME_ACTION,left,7.0,8.0,,5.0,2.0,6.0,4.0,,experienced2,,experienced2,,,
2026-02-03 17:52:11.395Z,GAME_ACTION,up,6.0,8.0,,5.0,2.0,6.0,4.0,,experienced2,,experienced2,,,
2026-02-03 17:52:11.683Z,GAME_ACTION,up,6.0,7.0,,5.0,2.0,6.0,4.0,,experienced2,,experienced2,,,
2026-02-03 17:52:11.995Z,GAME_ACTION,up,6.0,6.0,,5.0,2.0,6.0,4.0,,experienced2,,experienced2,,,
2026-02-03 17:52:12.259Z,GAME_ACTION,up,6.0,5.0,,5.0,2.0,6.0,4.0,,experienced2,,experienced2,,,
2026-02-03 17:52:12.547Z,GAME_ACTION,up,6.0,4.0,,5.0,2.0,6.0,4.0,,experienced2,,experienced2,,,
2026-02-03 17:52:12.946Z,GAME_ACTION,up,6.0,3.0,,5.0,2.0,6.0,4.0,,experienced2,,experienced2,,,
2026-02-03 17:52:13.932Z,GAME_ACTION,left,6.0,2.0,,5.0,2.0,6.0,4.0,,experienced2,,experienced2,,,
2026-02-03 17:52:14.339Z,GAME_ACTION,left,5.0,2.0,,5.0,2.0,6.0,4.0,,experienced2,,experienced2,,,
2026-02-03 17:52:14.595Z,GAME_ACTION,left,4.0,2.0,,5.0,2.0,6.0,4.0,,experienced2,,experienced2,,,
2026-02-03 17:52:14.860Z,GAME_ACTION,left,3.0,2.0,,5.0,2.0,6.0,4.0,,experienced2,,experienced2,,,
2026-02-03 17:52:15.115Z,GAME_ACTION,left,2.0,2.0,,5.0,2.0,6.0,4.0,,experienced2,,experienced2,,,
2026-02-03 17:52:15.436Z,GAME_ACTION,left,1.0,2.0,,5.0,2.0,6.0,4.0,,experienced2,,experienced2,,,
2026-02-03 17:52:15.436Z,INTERACTION,,1.0,2.0,,5.0,2.0,6.0,4.0,,experienced2,,experienced2,,wizard_interaction,blueAmulet
2026-02-03 17:52:17.917Z,GAME_ACTION,right,1.0,2.0,,5.0,2.0,6.0,4.0,,experienced2,,experienced2,,,
2026-02-03 17:52:18.228Z,GAME_ACTION,right,2.0,2.0,,5.0,2.0,6.0,4.0,,experienced2,,experienced2,,,
2026-02-03 17:52:18.508Z,GAME_ACTION,right,3.0,2.0,,5.0,2.0,6.0,4.0,,experienced2,,experienced2,,,
2026-02-03 17:52:18.813Z,GAME_ACTION,right,4.0,2.0,,5.0,2.0,6.0,4.0,,experienced2,,experienced2,,,
2026-02-03 17:52:19.157Z,GAME_ACTION,right,5.0,2.0,,5.0,2.0,6.0,4.0,,experienced2,,experienced2,,,
2026-02-03 17:52:20.397Z,GAME_ACTION,down,6.0,2.0,,5.0,2.0,6.0,4.0,,experienced2,,experienced2,,,
2026-02-03 17:52:20.765Z,GAME_ACTION,down,6.0,3.0,,5.0,2.0,6.0,4.0,,experienced2,,experienced2,,,
2026-02-03 17:52:21.286Z,GAME_ACTION,down,6.0,4.0,,5.0,2.0,6.0,4.0,,experienced2,,experienced2,,,
2026-02-03 17:52:22.269Z,GAME_ACTION,left,6.0,5.0,,5.0,2.0,6.0,4.0,,experienced2,,experienced2,,,
2026-02-03 17:52:22.654Z,GAME_ACTION,left,5.0,5.0,,5.0,2.0,6.0,4.0,,experienced2,,experienced2,,,
2026-02-03 17:52:22.952Z,GAME_ACTION,left,4.0,5.0,,5.0,2.0,6.0,4.0,,experienced2,,experienced2,,,
2026-02-03 17:52:23.294Z,GAME_ACTION,left,3.0,5.0,,5.0,2.0,6.0,4.0,,experienced2,,experienced2,,,
2026-02-03 17:52:23.710Z,GAME_ACTION,left,2.0,5.0,,5.0,2.0,6.0,4.0,,experienced2,,experienced2,,,
2026-02-03 17:52:24.502Z,GAME_ACTION,left,1.0,5.0,,5.0,2.0,6.0,4.0,,experienced2,,experienced2,,,
2026-02-03 17:52:24.503Z,INTERACTION,,1.0,5.0,,5.0,2.0,6.0,4.0,,experienced2,,experienced2,,treasure_interaction,A
2026-02-03 17:52:24.503Z,LEVEL_COMPLETE,,1.0,5.0,,5.0,2.0,6.0,4.0,,experienced2,,experienced2,,,
2026-02-03 17:52:27.504Z,LEVEL_COMPLETE,,1.0,5.0,,5.0,2.0,6.0,4.0,10.0,experienced2,,experienced2,,,

