Session ID,u1763652325190
Completed At,2025-11-20 15:38:59.052Z
Created At,2025-11-20 15:25:25.190Z

User Data
prolificId,670c17328b2ef3366ba42a34
age,50
gender,male
timestamp,1763653138037

Comprehension Check
Passed,TRUE

Level: comprehension_check
Timestamp,Type,Player Action,Player X,Player Y,Observed Agent ID,NPC 1 X,NPC 1 Y,NPC 2 X,NPC 2 Y,Steps Remaining,NPC 1 Path Type,NPC 1 Path Index,NPC 2 Path Type,NPC 2 Path Index,Interaction Type,Interaction Details
2025-11-20 15:28:50.149Z,INTERACTION,,,,,,,,,,,,,,comprehension_check,passed

Level: experiment
Timestamp,Type,Player Action,Player X,Player Y,Observed Agent ID,NPC 1 X,NPC 1 Y,NPC 2 X,NPC 2 Y,Steps Remaining,NPC 1 Path Type,NPC 1 Path Index,NPC 2 Path Type,NPC 2 Path Index,Interaction Type,Interaction Details
2025-11-20 15:38:50.552Z,EXPERIMENT_COMPLETE,,,,,,,,,,,,,,,

Level: s111_1
Timestamp,Type,Player Action,Player X,Player Y,Observed Agent ID,NPC 1 X,NPC 1 Y,NPC 2 X,NPC 2 Y,Steps Remaining,NPC 1 Path Type,NPC 1 Path Index,NPC 2 Path Type,NPC 2 Path Index,Interaction Type,Interaction Details
2025-11-20 15:25:25.310Z,LEVEL_START,,,,,,,,,,,,,,,

Level: sm111_1
Timestamp,Type,Player Action,Player X,Player Y,Observed Agent ID,NPC 1 X,NPC 1 Y,NPC 2 X,NPC 2 Y,Steps Remaining,NPC 1 Path Type,NPC 1 Path Index,NPC 2 Path Type,NPC 2 Path Index,Interaction Type,Interaction Details
2025-11-20 15:25:25.371Z,LEVEL_START,,,,,,,,,,,,,,,
2025-11-20 15:29:13.488Z,AGENT_OBSERVE,,5.0,7.0,2.0,,,5.0,4.0,,,,experienced1,,,
2025-11-20 15:29:22.030Z,GAME_ACTION,up,5.0,7.0,,,,5.0,4.0,,,,experienced1,,,
2025-11-20 15:29:25.847Z,AGENT_OBSERVE,,5.0,6.0,2.0,,,5.0,5.0,,,,experienced1,,,
2025-11-20 15:29:27.654Z,AGENT_OBSERVE,,5.0,6.0,2.0,,,5.0,6.0,,,,experienced1,,,
2025-11-20 15:29:32.934Z,AGENT_OBSERVE,,5.0,6.0,3.0,5.0,9.0,5.0,6.0,,experienced1,,experienced1,,,
2025-11-20 15:29:33.954Z,AGENT_OBSERVE,,5.0,6.0,3.0,5.0,8.0,5.0,6.0,,experienced1,,experienced1,,,
2025-11-20 15:29:36.166Z,AGENT_OBSERVE,,5.0,6.0,3.0,5.0,7.0,5.0,6.0,,experienced1,,experienced1,,,
2025-11-20 15:29:38.041Z,AGENT_OBSERVE,,5.0,6.0,3.0,5.0,6.0,5.0,6.0,,experienced1,,experienced1,,,
2025-11-20 15:29:39.391Z,AGENT_OBSERVE,,5.0,6.0,3.0,5.0,5.0,5.0,6.0,,experienced1,,experienced1,,,
2025-11-20 15:29:40.921Z,AGENT_OBSERVE,,5.0,6.0,3.0,6.0,5.0,5.0,6.0,,experienced1,,experienced1,,,
2025-11-20 15:29:43.733Z,GAME_ACTION,up,5.0,6.0,,6.0,5.0,5.0,6.0,,experienced1,,experienced1,,,
2025-11-20 15:29:44.948Z,GAME_ACTION,right,5.0,5.0,,6.0,5.0,5.0,6.0,,experienced1,,experienced1,,,
2025-11-20 15:29:45.623Z,GAME_ACTION,right,6.0,5.0,,6.0,5.0,5.0,6.0,,experienced1,,experienced1,,,
2025-11-20 15:29:46.403Z,GAME_ACTION,right,7.0,5.0,,6.0,5.0,5.0,6.0,,experienced1,,experienced1,,,
2025-11-20 15:29:47.251Z,GAME_ACTION,right,8.0,5.0,,6.0,5.0,5.0,6.0,,experienced1,,experienced1,,,
2025-11-20 15:29:47.251Z,INTERACTION,,8.0,5.0,,6.0,5.0,5.0,6.0,,experienced1,,experienced1,,wizard_interaction,blueAmulet
2025-11-20 15:29:50.048Z,GAME_ACTION,left,8.0,5.0,,6.0,5.0,5.0,6.0,,experienced1,,experienced1,,,
2025-11-20 15:29:50.550Z,GAME_ACTION,left,7.0,5.0,,6.0,5.0,5.0,6.0,,experienced1,,experienced1,,,
2025-11-20 15:29:51.075Z,GAME_ACTION,left,6.0,5.0,,6.0,5.0,5.0,6.0,,experienced1,,experienced1,,,
2025-11-20 15:29:51.915Z,GAME_ACTION,up,5.0,5.0,,6.0,5.0,5.0,6.0,,experienced1,,experienced1,,,
2025-11-20 15:29:52.433Z,GAME_ACTION,up,5.0,4.0,,6.0,5.0,5.0,6.0,,experienced1,,experienced1,,,
2025-11-20 15:29:52.950Z,GAME_ACTION,up,5.0,3.0,,6.0,5.0,5.0,6.0,,experienced1,,experienced1,,,
2025-11-20 15:29:53.497Z,INTERACTION,,5.0,3.0,,6.0,5.0,5.0,6.0,,experienced1,,experienced1,,wizard_interaction,redAmulet
2025-11-20 15:29:53.497Z,GAME_ACTION,up,5.0,2.0,,6.0,5.0,5.0,6.0,,experienced1,,experienced1,,,
2025-11-20 15:29:55.177Z,GAME_ACTION,down,5.0,2.0,,6.0,5.0,5.0,6.0,,experienced1,,experienced1,,,
2025-11-20 15:29:55.620Z,GAME_ACTION,down,5.0,3.0,,6.0,5.0,5.0,6.0,,experienced1,,experienced1,,,
2025-11-20 15:29:56.025Z,GAME_ACTION,down,5.0,4.0,,6.0,5.0,5.0,6.0,,experienced1,,experienced1,,,
2025-11-20 15:29:56.452Z,GAME_ACTION,down,5.0,5.0,,6.0,5.0,5.0,6.0,,experienced1,,experienced1,,,
2025-11-20 15:29:56.924Z,GAME_ACTION,down,5.0,6.0,,6.0,5.0,5.0,6.0,,experienced1,,experienced1,,,
2025-11-20 15:29:57.974Z,GAME_ACTION,left,5.0,7.0,,6.0,5.0,5.0,6.0,,experienced1,,experienced1,,,
2025-11-20 15:29:58.462Z,GAME_ACTION,left,4.0,7.0,,6.0,5.0,5.0,6.0,,experienced1,,experienced1,,,
2025-11-20 15:30:00.007Z,GAME_ACTION,left,3.0,7.0,,6.0,5.0,5.0,6.0,,experienced1,,experienced1,,,
2025-11-20 15:30:00.547Z,GAME_ACTION,left,2.0,7.0,,6.0,5.0,5.0,6.0,,experienced1,,experienced1,,,
2025-11-20 15:30:00.547Z,INTERACTION,,2.0,7.0,,6.0,5.0,5.0,6.0,,experienced1,,experienced1,,treasure_interaction,A
2025-11-20 15:30:06.674Z,GAME_ACTION,right,1.0,7.0,,6.0,5.0,5.0,6.0,,experienced1,,experienced1,,,
2025-11-20 15:30:07.198Z,GAME_ACTION,right,2.0,7.0,,6.0,5.0,5.0,6.0,,experienced1,,experienced1,,,
2025-11-20 15:30:07.612Z,GAME_ACTION,right,3.0,7.0,,6.0,5.0,5.0,6.0,,experienced1,,experienced1,,,
2025-11-20 15:30:08.032Z,GAME_ACTION,right,4.0,7.0,,6.0,5.0,5.0,6.0,,experienced1,,experienced1,,,
2025-11-20 15:30:08.864Z,GAME_ACTION,down,5.0,7.0,,6.0,5.0,5.0,6.0,,experienced1,,experienced1,,,
2025-11-20 15:30:09.712Z,GAME_ACTION,down,5.0,8.0,,6.0,5.0,5.0,6.0,,experienced1,,experienced1,,,
2025-11-20 15:30:10.101Z,GAME_ACTION,down,5.0,9.0,,6.0,5.0,5.0,6.0,,experienced1,,experienced1,,,
2025-11-20 15:30:11.676Z,GAME_ACTION,up,5.0,10.0,,6.0,5.0,5.0,6.0,,experienced1,,experienced1,,,
2025-11-20 15:30:12.546Z,GAME_ACTION,right,5.0,9.0,,6.0,5.0,5.0,6.0,,experienced1,,experienced1,,,
2025-11-20 15:30:12.861Z,GAME_ACTION,right,6.0,9.0,,6.0,5.0,5.0,6.0,,experienced1,,experienced1,,,
2025-11-20 15:30:13.064Z,GAME_ACTION,right,7.0,9.0,,6.0,5.0,5.0,6.0,,experienced1,,experienced1,,,
2025-11-20 15:30:13.282Z,INTERACTION,,7.0,9.0,,6.0,5.0,5.0,6.0,,experienced1,,experienced1,,treasure_interaction,B
2025-11-20 15:30:13.282Z,LEVEL_COMPLETE,,7.0,9.0,,6.0,5.0,5.0,6.0,,experienced1,,experienced1,,,
2025-11-20 15:30:13.282Z,GAME_ACTION,right,8.0,9.0,,6.0,5.0,5.0,6.0,,experienced1,,experienced1,,,
2025-11-20 15:30:16.283Z,LEVEL_COMPLETE,,8.0,9.0,,6.0,5.0,5.0,6.0,-19.0,experienced1,,experienced1,,,

Level: sm112_1
Timestamp,Type,Player Action,Player X,Player Y,Observed Agent ID,NPC 1 X,NPC 1 Y,NPC 2 X,NPC 2 Y,Steps Remaining,NPC 1 Path Type,NPC 1 Path Index,NPC 2 Path Type,NPC 2 Path Index,Interaction Type,Interaction Details
2025-11-20 15:30:16.452Z,LEVEL_START,,,,,,,,,,,,,,,
2025-11-20 15:30:16.455Z,LEVEL_START,,,,,,,,,,,,,,,
2025-11-20 15:30:37.040Z,AGENT_OBSERVE,,5.0,7.0,3.0,5.0,9.0,,,,experienced1,,,,,
2025-11-20 15:30:38.081Z,AGENT_OBSERVE,,5.0,7.0,3.0,5.0,10.0,,,,experienced1,,,,,
2025-11-20 15:30:40.505Z,GAME_ACTION,down,5.0,7.0,,5.0,10.0,,,,experienced1,,,,,
2025-11-20 15:30:40.939Z,GAME_ACTION,down,5.0,8.0,,5.0,10.0,,,,experienced1,,,,,
2025-11-20 15:30:41.381Z,GAME_ACTION,down,5.0,9.0,,5.0,10.0,,,,experienced1,,,,,
2025-11-20 15:30:42.552Z,GAME_ACTION,down,5.0,10.0,,5.0,10.0,,,,experienced1,,,,,
2025-11-20 15:30:42.552Z,INTERACTION,,5.0,10.0,,5.0,10.0,,,,experienced1,,,,wizard_interaction,blueAmulet
2025-11-20 15:30:44.712Z,GAME_ACTION,up,5.0,10.0,,5.0,10.0,,,,experienced1,,,,,
2025-11-20 15:30:45.791Z,GAME_ACTION,left,5.0,9.0,,5.0,10.0,,,,experienced1,,,,,
2025-11-20 15:30:46.158Z,GAME_ACTION,left,4.0,9.0,,5.0,10.0,,,,experienced1,,,,,
2025-11-20 15:30:46.526Z,GAME_ACTION,left,3.0,9.0,,5.0,10.0,,,,experienced1,,,,,
2025-11-20 15:30:46.932Z,GAME_ACTION,left,2.0,9.0,,5.0,10.0,,,,experienced1,,,,,
2025-11-20 15:30:47.802Z,GAME_ACTION,down,1.0,9.0,,5.0,10.0,,,,experienced1,,,,,
2025-11-20 15:30:48.237Z,INTERACTION,,1.0,9.0,,5.0,10.0,,,,experienced1,,,,wizard_interaction,redAmulet
2025-11-20 15:30:48.237Z,GAME_ACTION,down,1.0,10.0,,5.0,10.0,,,,experienced1,,,,,
2025-11-20 15:30:49.406Z,GAME_ACTION,up,1.0,10.0,,5.0,10.0,,,,experienced1,,,,,
2025-11-20 15:30:51.334Z,GAME_ACTION,right,1.0,9.0,,5.0,10.0,,,,experienced1,,,,,
2025-11-20 15:30:51.701Z,GAME_ACTION,right,2.0,9.0,,5.0,10.0,,,,experienced1,,,,,
2025-11-20 15:30:52.091Z,GAME_ACTION,right,3.0,9.0,,5.0,10.0,,,,experienced1,,,,,
2025-11-20 15:30:52.503Z,GAME_ACTION,right,4.0,9.0,,5.0,10.0,,,,experienced1,,,,,
2025-11-20 15:30:53.291Z,GAME_ACTION,up,5.0,9.0,,5.0,10.0,,,,experienced1,,,,,
2025-11-20 15:30:53.733Z,GAME_ACTION,up,5.0,8.0,,5.0,10.0,,,,experienced1,,,,,
2025-11-20 15:30:55.323Z,GAME_ACTION,left,5.0,7.0,,5.0,10.0,,,,experienced1,,,,,
2025-11-20 15:30:55.676Z,GAME_ACTION,left,4.0,7.0,,5.0,10.0,,,,experienced1,,,,,
2025-11-20 15:30:56.028Z,GAME_ACTION,left,3.0,7.0,,5.0,10.0,,,,experienced1,,,,,
2025-11-20 15:30:56.426Z,GAME_ACTION,left,2.0,7.0,,5.0,10.0,,,,experienced1,,,,,
2025-11-20 15:30:56.426Z,INTERACTION,,2.0,7.0,,5.0,10.0,,,,experienced1,,,,treasure_interaction,B
2025-11-20 15:30:56.426Z,LEVEL_COMPLETE,,2.0,7.0,,5.0,10.0,,,,experienced1,,,,,
2025-11-20 15:30:59.433Z,LEVEL_COMPLETE,,2.0,7.0,,5.0,10.0,,,38.0,experienced1,,,,,

Level: sm221_1
Timestamp,Type,Player Action,Player X,Player Y,Observed Agent ID,NPC 1 X,NPC 1 Y,NPC 2 X,NPC 2 Y,Steps Remaining,NPC 1 Path Type,NPC 1 Path Index,NPC 2 Path Type,NPC 2 Path Index,Interaction Type,Interaction Details
2025-11-20 15:31:45.757Z,LEVEL_START,,,,,,,,,,,,,,,
2025-11-20 15:31:45.757Z,LEVEL_START,,,,,,,,,,,,,,,
2025-11-20 15:32:07.147Z,AGENT_OBSERVE,,0.0,9.0,2.0,,,5.0,11.0,,,,experienced1,,,
2025-11-20 15:32:10.761Z,AGENT_OBSERVE,,0.0,9.0,3.0,4.0,8.0,5.0,11.0,,experienced1,,experienced1,,,
2025-11-20 15:32:13.895Z,GAME_ACTION,right,0.0,9.0,,4.0,8.0,5.0,11.0,,experienced1,,experienced1,,,
2025-11-20 15:32:14.128Z,GAME_ACTION,right,1.0,9.0,,4.0,8.0,5.0,11.0,,experienced1,,experienced1,,,
2025-11-20 15:32:14.353Z,GAME_ACTION,right,2.0,9.0,,4.0,8.0,5.0,11.0,,experienced1,,experienced1,,,
2025-11-20 15:32:14.608Z,GAME_ACTION,right,3.0,9.0,,4.0,8.0,5.0,11.0,,experienced1,,experienced1,,,
2025-11-20 15:32:15.268Z,GAME_ACTION,up,4.0,9.0,,4.0,8.0,5.0,11.0,,experienced1,,experienced1,,,
2025-11-20 15:32:15.494Z,GAME_ACTION,up,4.0,8.0,,4.0,8.0,5.0,11.0,,experienced1,,experienced1,,,
2025-11-20 15:32:15.838Z,GAME_ACTION,up,4.0,6.0,,4.0,8.0,5.0,11.0,,experienced1,,experienced1,,,
2025-11-20 15:32:16.011Z,GAME_ACTION,up,4.0,5.0,,4.0,8.0,5.0,11.0,,experienced1,,experienced1,,,
2025-11-20 15:32:16.176Z,GAME_ACTION,up,4.0,4.0,,4.0,8.0,5.0,11.0,,experienced1,,experienced1,,,
2025-11-20 15:32:16.362Z,GAME_ACTION,up,4.0,3.0,,4.0,8.0,5.0,11.0,,experienced1,,experienced1,,,
2025-11-20 15:32:17.031Z,GAME_ACTION,left,4.0,3.0,,4.0,8.0,5.0,11.0,,experienced1,,experienced1,,,
2025-11-20 15:32:17.210Z,GAME_ACTION,left,3.0,3.0,,4.0,8.0,5.0,11.0,,experienced1,,experienced1,,,
2025-11-20 15:32:17.368Z,GAME_ACTION,left,2.0,3.0,,4.0,8.0,5.0,11.0,,experienced1,,experienced1,,,
2025-11-20 15:32:17.526Z,GAME_ACTION,left,1.0,3.0,,4.0,8.0,5.0,11.0,,experienced1,,experienced1,,,
2025-11-20 15:32:17.720Z,GAME_ACTION,left,0.0,3.0,,4.0,8.0,5.0,11.0,,experienced1,,experienced1,,,
2025-11-20 15:32:18.163Z,GAME_ACTION,up,0.0,3.0,,4.0,8.0,5.0,11.0,,experienced1,,experienced1,,,
2025-11-20 15:32:18.327Z,GAME_ACTION,up,0.0,2.0,,4.0,8.0,5.0,11.0,,experienced1,,experienced1,,,
2025-11-20 15:32:18.477Z,INTERACTION,,0.0,2.0,,4.0,8.0,5.0,11.0,,experienced1,,experienced1,,wizard_interaction,blueAmulet
2025-11-20 15:32:18.477Z,GAME_ACTION,up,0.0,1.0,,4.0,8.0,5.0,11.0,,experienced1,,experienced1,,,
2025-11-20 15:32:20.255Z,GAME_ACTION,down,0.0,1.0,,4.0,8.0,5.0,11.0,,experienced1,,experienced1,,,
2025-11-20 15:32:20.450Z,GAME_ACTION,down,0.0,2.0,,4.0,8.0,5.0,11.0,,experienced1,,experienced1,,,
2025-11-20 15:32:21.350Z,GAME_ACTION,right,0.0,3.0,,4.0,8.0,5.0,11.0,,experienced1,,experienced1,,,
2025-11-20 15:32:21.560Z,GAME_ACTION,right,1.0,3.0,,4.0,8.0,5.0,11.0,,experienced1,,experienced1,,,
2025-11-20 15:32:21.807Z,GAME_ACTION,right,2.0,3.0,,4.0,8.0,5.0,11.0,,experienced1,,experienced1,,,
2025-11-20 15:32:22.122Z,GAME_ACTION,right,3.0,3.0,,4.0,8.0,5.0,11.0,,experienced1,,experienced1,,,
2025-11-20 15:32:23.585Z,GAME_ACTION,down,4.0,3.0,,4.0,8.0,5.0,11.0,,experienced1,,experienced1,,,
2025-11-20 15:32:23.735Z,GAME_ACTION,down,4.0,4.0,,4.0,8.0,5.0,11.0,,experienced1,,experienced1,,,
2025-11-20 15:32:23.915Z,GAME_ACTION,down,4.0,5.0,,4.0,8.0,5.0,11.0,,experienced1,,experienced1,,,
2025-11-20 15:32:24.088Z,GAME_ACTION,down,4.0,6.0,,4.0,8.0,5.0,11.0,,experienced1,,experienced1,,,
2025-11-20 15:32:24.274Z,GAME_ACTION,down,4.0,7.0,,4.0,8.0,5.0,11.0,,experienced1,,experienced1,,,
2025-11-20 15:32:24.544Z,GAME_ACTION,down,4.0,8.0,,4.0,8.0,5.0,11.0,,experienced1,,experienced1,,,
2025-11-20 15:32:26.600Z,GAME_ACTION,left,4.0,9.0,,4.0,8.0,5.0,11.0,,experienced1,,experienced1,,,
2025-11-20 15:32:26.862Z,GAME_ACTION,left,3.0,9.0,,4.0,8.0,5.0,11.0,,experienced1,,experienced1,,,
2025-11-20 15:32:27.117Z,GAME_ACTION,left,2.0,9.0,,4.0,8.0,5.0,11.0,,experienced1,,experienced1,,,
2025-11-20 15:32:27.364Z,GAME_ACTION,left,1.0,9.0,,4.0,8.0,5.0,11.0,,experienced1,,experienced1,,,
2025-11-20 15:32:28.557Z,GAME_ACTION,down,0.0,9.0,,4.0,8.0,5.0,11.0,,experienced1,,experienced1,,,
2025-11-20 15:32:28.932Z,GAME_ACTION,down,0.0,10.0,,4.0,8.0,5.0,11.0,,experienced1,,experienced1,,,
2025-11-20 15:32:28.932Z,INTERACTION,,0.0,10.0,,4.0,8.0,5.0,11.0,,experienced1,,experienced1,,treasure_interaction,B
2025-11-20 15:32:28.932Z,LEVEL_COMPLETE,,0.0,10.0,,4.0,8.0,5.0,11.0,,experienced1,,experienced1,,,
2025-11-20 15:32:31.946Z,LEVEL_COMPLETE,,0.0,10.0,,4.0,8.0,5.0,11.0,30.0,experienced1,,experienced1,,,

Level: sm311_2
Timestamp,Type,Player Action,Player X,Player Y,Observed Agent ID,NPC 1 X,NPC 1 Y,NPC 2 X,NPC 2 Y,Steps Remaining,NPC 1 Path Type,NPC 1 Path Index,NPC 2 Path Type,NPC 2 Path Index,Interaction Type,Interaction Details
2025-11-20 15:31:00.388Z,LEVEL_START,,,,,,,,,,,,,,,
2025-11-20 15:31:00.388Z,LEVEL_START,,,,,,,,,,,,,,,
2025-11-20 15:31:20.311Z,AGENT_OBSERVE,,4.0,9.0,2.0,,,3.0,3.0,,,,experienced2,,,
2025-11-20 15:31:21.384Z,AGENT_OBSERVE,,4.0,9.0,2.0,,,4.0,3.0,,,,experienced2,,,
2025-11-20 15:31:25.996Z,GAME_ACTION,left,4.0,9.0,,,,4.0,3.0,,,,experienced2,,,
2025-11-20 15:31:26.469Z,GAME_ACTION,left,3.0,9.0,,,,4.0,3.0,,,,experienced2,,,
2025-11-20 15:31:27.279Z,GAME_ACTION,up,2.0,9.0,,,,4.0,3.0,,,,experienced2,,,
2025-11-20 15:31:27.533Z,GAME_ACTION,up,2.0,8.0,,,,4.0,3.0,,,,experienced2,,,
2025-11-20 15:31:28.006Z,GAME_ACTION,up,2.0,7.0,,,,4.0,3.0,,,,experienced2,,,
2025-11-20 15:31:28.329Z,GAME_ACTION,up,2.0,6.0,,,,4.0,3.0,,,,experienced2,,,
2025-11-20 15:31:28.636Z,GAME_ACTION,up,2.0,5.0,,,,4.0,3.0,,,,experienced2,,,
2025-11-20 15:31:28.936Z,GAME_ACTION,up,2.0,4.0,,,,4.0,3.0,,,,experienced2,,,
2025-11-20 15:31:30.091Z,GAME_ACTION,right,2.0,3.0,,,,4.0,3.0,,,,experienced2,,,
2025-11-20 15:31:30.339Z,GAME_ACTION,right,3.0,3.0,,,,4.0,3.0,,,,experienced2,,,
2025-11-20 15:31:30.518Z,GAME_ACTION,right,4.0,3.0,,,,4.0,3.0,,,,experienced2,,,
2025-11-20 15:31:30.713Z,GAME_ACTION,right,5.0,3.0,,,,4.0,3.0,,,,experienced2,,,
2025-11-20 15:31:30.901Z,GAME_ACTION,right,6.0,3.0,,,,4.0,3.0,,,,experienced2,,,
2025-11-20 15:31:31.080Z,GAME_ACTION,right,7.0,3.0,,,,4.0,3.0,,,,experienced2,,,
2025-11-20 15:31:31.253Z,GAME_ACTION,right,8.0,3.0,,,,4.0,3.0,,,,experienced2,,,
2025-11-20 15:31:31.508Z,GAME_ACTION,right,9.0,3.0,,,,4.0,3.0,,,,experienced2,,,
2025-11-20 15:31:32.273Z,GAME_ACTION,up,10.0,3.0,,,,4.0,3.0,,,,experienced2,,,
2025-11-20 15:31:32.453Z,GAME_ACTION,up,10.0,2.0,,,,4.0,3.0,,,,experienced2,,,
2025-11-20 15:31:32.708Z,INTERACTION,,10.0,2.0,,,,4.0,3.0,,,,experienced2,,wizard_interaction,blueAmulet
2025-11-20 15:31:32.708Z,GAME_ACTION,up,10.0,1.0,,,,4.0,3.0,,,,experienced2,,,
2025-11-20 15:31:34.651Z,GAME_ACTION,down,10.0,1.0,,,,4.0,3.0,,,,experienced2,,,
2025-11-20 15:31:35.026Z,GAME_ACTION,down,10.0,2.0,,,,4.0,3.0,,,,experienced2,,,
2025-11-20 15:31:35.626Z,GAME_ACTION,left,10.0,3.0,,,,4.0,3.0,,,,experienced2,,,
2025-11-20 15:31:35.797Z,GAME_ACTION,left,9.0,3.0,,,,4.0,3.0,,,,experienced2,,,
2025-11-20 15:31:35.971Z,GAME_ACTION,left,8.0,3.0,,,,4.0,3.0,,,,experienced2,,,
2025-11-20 15:31:36.128Z,GAME_ACTION,left,7.0,3.0,,,,4.0,3.0,,,,experienced2,,,
2025-11-20 15:31:36.323Z,GAME_ACTION,left,6.0,3.0,,,,4.0,3.0,,,,experienced2,,,
2025-11-20 15:31:36.465Z,GAME_ACTION,left,5.0,3.0,,,,4.0,3.0,,,,experienced2,,,
2025-11-20 15:31:36.623Z,GAME_ACTION,left,4.0,3.0,,,,4.0,3.0,,,,experienced2,,,
2025-11-20 15:31:36.929Z,GAME_ACTION,left,3.0,3.0,,,,4.0,3.0,,,,experienced2,,,
2025-11-20 15:31:38.250Z,GAME_ACTION,down,2.0,3.0,,,,4.0,3.0,,,,experienced2,,,
2025-11-20 15:31:38.603Z,GAME_ACTION,down,2.0,4.0,,,,4.0,3.0,,,,experienced2,,,
2025-11-20 15:31:38.955Z,GAME_ACTION,down,2.0,5.0,,,,4.0,3.0,,,,experienced2,,,
2025-11-20 15:31:39.188Z,GAME_ACTION,down,2.0,6.0,,,,4.0,3.0,,,,experienced2,,,
2025-11-20 15:31:39.457Z,GAME_ACTION,down,2.0,7.0,,,,4.0,3.0,,,,experienced2,,,
2025-11-20 15:31:39.757Z,GAME_ACTION,down,2.0,8.0,,,,4.0,3.0,,,,experienced2,,,
2025-11-20 15:31:40.786Z,GAME_ACTION,left,2.0,9.0,,,,4.0,3.0,,,,experienced2,,,
2025-11-20 15:31:41.258Z,GAME_ACTION,left,1.0,9.0,,,,4.0,3.0,,,,experienced2,,,
2025-11-20 15:31:42.015Z,GAME_ACTION,down,0.0,9.0,,,,4.0,3.0,,,,experienced2,,,
2025-11-20 15:31:42.630Z,INTERACTION,,0.0,9.0,,,,4.0,3.0,,,,experienced2,,treasure_interaction,B
2025-11-20 15:31:42.630Z,LEVEL_COMPLETE,,0.0,9.0,,,,4.0,3.0,,,,experienced2,,,
2025-11-20 15:31:42.630Z,GAME_ACTION,down,0.0,10.0,,,,4.0,3.0,,,,experienced2,,,
2025-11-20 15:31:45.638Z,LEVEL_COMPLETE,,0.0,10.0,,,,4.0,3.0,33.0,,,experienced2,,,

Level: sm331_2
Timestamp,Type,Player Action,Player X,Player Y,Observed Agent ID,NPC 1 X,NPC 1 Y,NPC 2 X,NPC 2 Y,Steps Remaining,NPC 1 Path Type,NPC 1 Path Index,NPC 2 Path Type,NPC 2 Path Index,Interaction Type,Interaction Details
2025-11-20 15:33:27.008Z,LEVEL_START,,,,,,,,,,,,,,,
2025-11-20 15:33:27.008Z,LEVEL_START,,,,,,,,,,,,,,,
2025-11-20 15:33:56.586Z,AGENT_OBSERVE,,3.0,11.0,2.0,,,4.0,2.0,,,,experienced2,,,
2025-11-20 15:33:59.143Z,AGENT_OBSERVE,,3.0,11.0,2.0,,,3.0,2.0,,,,experienced2,,,
2025-11-20 15:34:00.711Z,AGENT_OBSERVE,,3.0,11.0,2.0,,,2.0,2.0,,,,experienced2,,,
2025-11-20 15:34:02.519Z,GAME_ACTION,up,3.0,11.0,,,,2.0,2.0,,,,experienced2,,,
2025-11-20 15:34:02.728Z,GAME_ACTION,up,3.0,10.0,,,,2.0,2.0,,,,experienced2,,,
2025-11-20 15:34:02.894Z,GAME_ACTION,up,3.0,9.0,,,,2.0,2.0,,,,experienced2,,,
2025-11-20 15:34:03.059Z,GAME_ACTION,up,3.0,8.0,,,,2.0,2.0,,,,experienced2,,,
2025-11-20 15:34:03.246Z,GAME_ACTION,up,3.0,7.0,,,,2.0,2.0,,,,experienced2,,,
2025-11-20 15:34:03.396Z,GAME_ACTION,up,3.0,6.0,,,,2.0,2.0,,,,experienced2,,,
2025-11-20 15:34:03.576Z,GAME_ACTION,up,3.0,5.0,,,,2.0,2.0,,,,experienced2,,,
2025-11-20 15:34:03.749Z,GAME_ACTION,up,3.0,4.0,,,,2.0,2.0,,,,experienced2,,,
2025-11-20 15:34:03.973Z,GAME_ACTION,up,3.0,3.0,,,,2.0,2.0,,,,experienced2,,,
2025-11-20 15:34:04.979Z,GAME_ACTION,left,3.0,2.0,,,,2.0,2.0,,,,experienced2,,,
2025-11-20 15:34:05.152Z,GAME_ACTION,left,2.0,2.0,,,,2.0,2.0,,,,experienced2,,,
2025-11-20 15:34:05.331Z,GAME_ACTION,left,1.0,2.0,,,,2.0,2.0,,,,experienced2,,,
2025-11-20 15:34:05.331Z,INTERACTION,,1.0,2.0,,,,2.0,2.0,,,,experienced2,,wizard_interaction,blueAmulet
2025-11-20 15:34:08.661Z,GAME_ACTION,right,1.0,2.0,,,,2.0,2.0,,,,experienced2,,,
2025-11-20 15:34:08.930Z,GAME_ACTION,right,2.0,2.0,,,,2.0,2.0,,,,experienced2,,,
2025-11-20 15:34:09.132Z,GAME_ACTION,right,3.0,2.0,,,,2.0,2.0,,,,experienced2,,,
2025-11-20 15:34:09.313Z,GAME_ACTION,right,4.0,2.0,,,,2.0,2.0,,,,experienced2,,,
2025-11-20 15:34:09.530Z,GAME_ACTION,right,5.0,2.0,,,,2.0,2.0,,,,experienced2,,,
2025-11-20 15:34:09.778Z,GAME_ACTION,right,6.0,2.0,,,,2.0,2.0,,,,experienced2,,,
2025-11-20 15:34:11.076Z,GAME_ACTION,down,7.0,2.0,,,,2.0,2.0,,,,experienced2,,,
2025-11-20 15:34:11.256Z,GAME_ACTION,down,7.0,3.0,,,,2.0,2.0,,,,experienced2,,,
2025-11-20 15:34:11.421Z,GAME_ACTION,down,7.0,4.0,,,,2.0,2.0,,,,experienced2,,,
2025-11-20 15:34:11.601Z,GAME_ACTION,down,7.0,5.0,,,,2.0,2.0,,,,experienced2,,,
2025-11-20 15:34:11.757Z,GAME_ACTION,down,7.0,6.0,,,,2.0,2.0,,,,experienced2,,,
2025-11-20 15:34:11.929Z,GAME_ACTION,down,7.0,7.0,,,,2.0,2.0,,,,experienced2,,,
2025-11-20 15:34:12.117Z,GAME_ACTION,down,7.0,8.0,,,,2.0,2.0,,,,experienced2,,,
2025-11-20 15:34:12.350Z,GAME_ACTION,down,7.0,9.0,,,,2.0,2.0,,,,experienced2,,,
2025-11-20 15:34:13.662Z,GAME_ACTION,right,7.0,10.0,,,,2.0,2.0,,,,experienced2,,,
2025-11-20 15:34:13.843Z,GAME_ACTION,right,8.0,10.0,,,,2.0,2.0,,,,experienced2,,,
2025-11-20 15:34:14.023Z,GAME_ACTION,right,9.0,10.0,,,,2.0,2.0,,,,experienced2,,,
2025-11-20 15:34:14.023Z,INTERACTION,,9.0,10.0,,,,2.0,2.0,,,,experienced2,,treasure_interaction,B
2025-11-20 15:34:14.023Z,LEVEL_COMPLETE,,9.0,10.0,,,,2.0,2.0,,,,experienced2,,,
2025-11-20 15:34:17.027Z,LEVEL_COMPLETE,,9.0,10.0,,,,2.0,2.0,32.0,,,experienced2,,,

Level: sm341_2
Timestamp,Type,Player Action,Player X,Player Y,Observed Agent ID,NPC 1 X,NPC 1 Y,NPC 2 X,NPC 2 Y,Steps Remaining,NPC 1 Path Type,NPC 1 Path Index,NPC 2 Path Type,NPC 2 Path Index,Interaction Type,Interaction Details
2025-11-20 15:35:45.563Z,LEVEL_START,,,,,,,,,,,,,,,
2025-11-20 15:35:45.564Z,LEVEL_START,,,,,,,,,,,,,,,
2025-11-20 15:36:00.463Z,AGENT_OBSERVE,,0.0,11.0,3.0,3.0,3.0,,,,experienced2,,,,,
2025-11-20 15:36:01.858Z,AGENT_OBSERVE,,0.0,11.0,2.0,3.0,3.0,3.0,3.0,,experienced2,,experienced2,,,
2025-11-20 15:36:03.380Z,AGENT_OBSERVE,,0.0,11.0,2.0,3.0,3.0,2.0,3.0,,experienced2,,experienced2,,,
2025-11-20 15:36:04.985Z,AGENT_OBSERVE,,0.0,11.0,2.0,3.0,3.0,1.0,3.0,,experienced2,,experienced2,,,
2025-11-20 15:36:06.575Z,AGENT_OBSERVE,,0.0,11.0,2.0,3.0,3.0,0.0,3.0,,experienced2,,experienced2,,,
2025-11-20 15:36:07.992Z,AGENT_OBSERVE,,0.0,11.0,2.0,3.0,3.0,0.0,4.0,,experienced2,,experienced2,,,
2025-11-20 15:36:09.935Z,GAME_ACTION,up,0.0,11.0,,3.0,3.0,0.0,4.0,,experienced2,,experienced2,,,
2025-11-20 15:36:10.211Z,GAME_ACTION,up,0.0,10.0,,3.0,3.0,0.0,4.0,,experienced2,,experienced2,,,
2025-11-20 15:36:10.444Z,GAME_ACTION,up,0.0,9.0,,3.0,3.0,0.0,4.0,,experienced2,,experienced2,,,
2025-11-20 15:36:11.599Z,GAME_ACTION,right,0.0,8.0,,3.0,3.0,0.0,4.0,,experienced2,,experienced2,,,
2025-11-20 15:36:11.787Z,GAME_ACTION,right,1.0,8.0,,3.0,3.0,0.0,4.0,,experienced2,,experienced2,,,
2025-11-20 15:36:11.952Z,GAME_ACTION,right,2.0,8.0,,3.0,3.0,0.0,4.0,,experienced2,,experienced2,,,
2025-11-20 15:36:12.132Z,GAME_ACTION,right,3.0,8.0,,3.0,3.0,0.0,4.0,,experienced2,,experienced2,,,
2025-11-20 15:36:12.290Z,GAME_ACTION,right,4.0,8.0,,3.0,3.0,0.0,4.0,,experienced2,,experienced2,,,
2025-11-20 15:36:12.461Z,GAME_ACTION,right,5.0,8.0,,3.0,3.0,0.0,4.0,,experienced2,,experienced2,,,
2025-11-20 15:36:12.619Z,GAME_ACTION,right,6.0,8.0,,3.0,3.0,0.0,4.0,,experienced2,,experienced2,,,
2025-11-20 15:36:13.197Z,GAME_ACTION,up,7.0,8.0,,3.0,3.0,0.0,4.0,,experienced2,,experienced2,,,
2025-11-20 15:36:13.520Z,GAME_ACTION,up,7.0,7.0,,3.0,3.0,0.0,4.0,,experienced2,,experienced2,,,
2025-11-20 15:36:13.692Z,GAME_ACTION,up,7.0,6.0,,3.0,3.0,0.0,4.0,,experienced2,,experienced2,,,
2025-11-20 15:36:13.857Z,GAME_ACTION,up,7.0,5.0,,3.0,3.0,0.0,4.0,,experienced2,,experienced2,,,
2025-11-20 15:36:14.067Z,GAME_ACTION,up,7.0,4.0,,3.0,3.0,0.0,4.0,,experienced2,,experienced2,,,
2025-11-20 15:36:14.719Z,GAME_ACTION,left,7.0,3.0,,3.0,3.0,0.0,4.0,,experienced2,,experienced2,,,
2025-11-20 15:36:14.899Z,GAME_ACTION,left,6.0,3.0,,3.0,3.0,0.0,4.0,,experienced2,,experienced2,,,
2025-11-20 15:36:15.034Z,GAME_ACTION,left,5.0,3.0,,3.0,3.0,0.0,4.0,,experienced2,,experienced2,,,
2025-11-20 15:36:15.199Z,GAME_ACTION,left,4.0,3.0,,3.0,3.0,0.0,4.0,,experienced2,,experienced2,,,
2025-11-20 15:36:15.348Z,GAME_ACTION,left,3.0,3.0,,3.0,3.0,0.0,4.0,,experienced2,,experienced2,,,
2025-11-20 15:36:16.009Z,GAME_ACTION,left,0.0,3.0,,3.0,3.0,0.0,4.0,,experienced2,,experienced2,,,
2025-11-20 15:36:16.871Z,GAME_ACTION,down,0.0,3.0,,3.0,3.0,0.0,4.0,,experienced2,,experienced2,,,
2025-11-20 15:36:17.171Z,GAME_ACTION,down,0.0,4.0,,3.0,3.0,0.0,4.0,,experienced2,,experienced2,,,
2025-11-20 15:36:17.404Z,GAME_ACTION,down,0.0,5.0,,3.0,3.0,0.0,4.0,,experienced2,,experienced2,,,
2025-11-20 15:36:17.404Z,INTERACTION,,0.0,5.0,,3.0,3.0,0.0,4.0,,experienced2,,experienced2,,wizard_interaction,blueAmulet
2025-11-20 15:36:19.054Z,GAME_ACTION,up,0.0,5.0,,3.0,3.0,0.0,4.0,,experienced2,,experienced2,,,
2025-11-20 15:36:19.324Z,GAME_ACTION,up,0.0,4.0,,3.0,3.0,0.0,4.0,,experienced2,,experienced2,,,
2025-11-20 15:36:20.201Z,GAME_ACTION,right,0.0,3.0,,3.0,3.0,0.0,4.0,,experienced2,,experienced2,,,
2025-11-20 15:36:20.381Z,GAME_ACTION,right,1.0,3.0,,3.0,3.0,0.0,4.0,,experienced2,,experienced2,,,
2025-11-20 15:36:20.561Z,GAME_ACTION,right,2.0,3.0,,3.0,3.0,0.0,4.0,,experienced2,,experienced2,,,
2025-11-20 15:36:20.734Z,GAME_ACTION,right,3.0,3.0,,3.0,3.0,0.0,4.0,,experienced2,,experienced2,,,
2025-11-20 15:36:20.906Z,GAME_ACTION,right,4.0,3.0,,3.0,3.0,0.0,4.0,,experienced2,,experienced2,,,
2025-11-20 15:36:21.108Z,GAME_ACTION,right,5.0,3.0,,3.0,3.0,0.0,4.0,,experienced2,,experienced2,,,
2025-11-20 15:36:21.333Z,GAME_ACTION,right,6.0,3.0,,3.0,3.0,0.0,4.0,,experienced2,,experienced2,,,
2025-11-20 15:36:22.323Z,GAME_ACTION,down,7.0,3.0,,3.0,3.0,0.0,4.0,,experienced2,,experienced2,,,
2025-11-20 15:36:22.511Z,GAME_ACTION,down,7.0,4.0,,3.0,3.0,0.0,4.0,,experienced2,,experienced2,,,
2025-11-20 15:36:22.675Z,GAME_ACTION,down,7.0,5.0,,3.0,3.0,0.0,4.0,,experienced2,,experienced2,,,
2025-11-20 15:36:23.066Z,GAME_ACTION,down,7.0,6.0,,3.0,3.0,0.0,4.0,,experienced2,,experienced2,,,
2025-11-20 15:36:23.374Z,GAME_ACTION,down,7.0,7.0,,3.0,3.0,0.0,4.0,,experienced2,,experienced2,,,
2025-11-20 15:36:24.213Z,GAME_ACTION,left,7.0,8.0,,3.0,3.0,0.0,4.0,,experienced2,,experienced2,,,
2025-11-20 15:36:24.521Z,GAME_ACTION,left,6.0,8.0,,3.0,3.0,0.0,4.0,,experienced2,,experienced2,,,
2025-11-20 15:36:25.346Z,GAME_ACTION,down,5.0,8.0,,3.0,3.0,0.0,4.0,,experienced2,,experienced2,,,
2025-11-20 15:36:25.518Z,GAME_ACTION,down,5.0,9.0,,3.0,3.0,0.0,4.0,,experienced2,,experienced2,,,
2025-11-20 15:36:25.706Z,GAME_ACTION,down,5.0,10.0,,3.0,3.0,0.0,4.0,,experienced2,,experienced2,,,
2025-11-20 15:36:25.706Z,INTERACTION,,5.0,10.0,,3.0,3.0,0.0,4.0,,experienced2,,experienced2,,treasure_interaction,B
2025-11-20 15:36:25.706Z,LEVEL_COMPLETE,,5.0,10.0,,3.0,3.0,0.0,4.0,,experienced2,,experienced2,,,
2025-11-20 15:36:28.706Z,LEVEL_COMPLETE,,5.0,10.0,,3.0,3.0,0.0,4.0,29.0,experienced2,,experienced2,,,

Level: sm351_2
Timestamp,Type,Player Action,Player X,Player Y,Observed Agent ID,NPC 1 X,NPC 1 Y,NPC 2 X,NPC 2 Y,Steps Remaining,NPC 1 Path Type,NPC 1 Path Index,NPC 2 Path Type,NPC 2 Path Index,Interaction Type,Interaction Details
2025-11-20 15:36:28.813Z,LEVEL_START,,,,,,,,,,,,,,,
2025-11-20 15:36:28.813Z,LEVEL_START,,,,,,,,,,,,,,,
2025-11-20 15:36:41.673Z,AGENT_OBSERVE,,5.0,11.0,3.0,5.0,4.0,,,,experienced2,,,,,
2025-11-20 15:36:43.503Z,AGENT_OBSERVE,,5.0,11.0,2.0,5.0,4.0,5.0,5.0,,experienced2,,experienced2,,,
2025-11-20 15:36:44.814Z,AGENT_OBSERVE,,5.0,11.0,2.0,5.0,4.0,5.0,4.0,,experienced2,,experienced2,,,
2025-11-20 15:36:46.472Z,AGENT_OBSERVE,,5.0,11.0,2.0,5.0,4.0,5.0,3.0,,experienced2,,experienced2,,,
2025-11-20 15:36:47.987Z,AGENT_OBSERVE,,5.0,11.0,2.0,5.0,4.0,6.0,3.0,,experienced2,,experienced2,,,
2025-11-20 15:36:49.194Z,AGENT_OBSERVE,,5.0,11.0,2.0,5.0,4.0,7.0,3.0,,experienced2,,experienced2,,,
2025-11-20 15:36:50.597Z,AGENT_OBSERVE,,5.0,11.0,2.0,5.0,4.0,8.0,3.0,,experienced2,,experienced2,,,
2025-11-20 15:36:52.704Z,GAME_ACTION,up,5.0,11.0,,5.0,4.0,8.0,3.0,,experienced2,,experienced2,,,
2025-11-20 15:36:52.876Z,GAME_ACTION,up,5.0,10.0,,5.0,4.0,8.0,3.0,,experienced2,,experienced2,,,
2025-11-20 15:36:53.056Z,GAME_ACTION,up,5.0,9.0,,5.0,4.0,8.0,3.0,,experienced2,,experienced2,,,
2025-11-20 15:36:53.222Z,GAME_ACTION,up,5.0,8.0,,5.0,4.0,8.0,3.0,,experienced2,,experienced2,,,
2025-11-20 15:36:53.379Z,GAME_ACTION,up,5.0,7.0,,5.0,4.0,8.0,3.0,,experienced2,,experienced2,,,
2025-11-20 15:36:53.551Z,GAME_ACTION,up,5.0,6.0,,5.0,4.0,8.0,3.0,,experienced2,,experienced2,,,
2025-11-20 15:36:53.731Z,GAME_ACTION,up,5.0,5.0,,5.0,4.0,8.0,3.0,,experienced2,,experienced2,,,
2025-11-20 15:36:53.994Z,GAME_ACTION,up,5.0,4.0,,5.0,4.0,8.0,3.0,,experienced2,,experienced2,,,
2025-11-20 15:36:59.418Z,GAME_ACTION,right,5.0,3.0,,5.0,4.0,8.0,3.0,,experienced2,,experienced2,,,
2025-11-20 15:36:59.581Z,GAME_ACTION,right,6.0,3.0,,5.0,4.0,8.0,3.0,,experienced2,,experienced2,,,
2025-11-20 15:36:59.769Z,GAME_ACTION,right,7.0,3.0,,5.0,4.0,8.0,3.0,,experienced2,,experienced2,,,
2025-11-20 15:36:59.941Z,GAME_ACTION,right,8.0,3.0,,5.0,4.0,8.0,3.0,,experienced2,,experienced2,,,
2025-11-20 15:37:00.091Z,GAME_ACTION,right,9.0,3.0,,5.0,4.0,8.0,3.0,,experienced2,,experienced2,,,
2025-11-20 15:37:00.308Z,GAME_ACTION,right,10.0,3.0,,5.0,4.0,8.0,3.0,,experienced2,,experienced2,,,
2025-11-20 15:37:00.758Z,GAME_ACTION,up,10.0,3.0,,5.0,4.0,8.0,3.0,,experienced2,,experienced2,,,
2025-11-20 15:37:00.945Z,GAME_ACTION,up,10.0,2.0,,5.0,4.0,8.0,3.0,,experienced2,,experienced2,,,
2025-11-20 15:37:01.125Z,GAME_ACTION,up,10.0,1.0,,5.0,4.0,8.0,3.0,,experienced2,,experienced2,,,
2025-11-20 15:37:01.125Z,INTERACTION,,10.0,1.0,,5.0,4.0,8.0,3.0,,experienced2,,experienced2,,wizard_interaction,blueAmulet
2025-11-20 15:37:02.806Z,GAME_ACTION,down,10.0,1.0,,5.0,4.0,8.0,3.0,,experienced2,,experienced2,,,
2025-11-20 15:37:03.022Z,GAME_ACTION,down,10.0,2.0,,5.0,4.0,8.0,3.0,,experienced2,,experienced2,,,
2025-11-20 15:37:03.256Z,GAME_ACTION,down,10.0,3.0,,5.0,4.0,8.0,3.0,,experienced2,,experienced2,,,
2025-11-20 15:37:03.893Z,GAME_ACTION,left,10.0,3.0,,5.0,4.0,8.0,3.0,,experienced2,,experienced2,,,
2025-11-20 15:37:04.073Z,GAME_ACTION,left,9.0,3.0,,5.0,4.0,8.0,3.0,,experienced2,,experienced2,,,
2025-11-20 15:37:04.246Z,GAME_ACTION,left,8.0,3.0,,5.0,4.0,8.0,3.0,,experienced2,,experienced2,,,
2025-11-20 15:37:04.418Z,GAME_ACTION,left,7.0,3.0,,5.0,4.0,8.0,3.0,,experienced2,,experienced2,,,
2025-11-20 15:37:04.651Z,GAME_ACTION,left,6.0,3.0,,5.0,4.0,8.0,3.0,,experienced2,,experienced2,,,
2025-11-20 15:37:06.143Z,GAME_ACTION,down,5.0,3.0,,5.0,4.0,8.0,3.0,,experienced2,,experienced2,,,
2025-11-20 15:37:06.316Z,GAME_ACTION,down,5.0,4.0,,5.0,4.0,8.0,3.0,,experienced2,,experienced2,,,
2025-11-20 15:37:06.480Z,GAME_ACTION,down,5.0,5.0,,5.0,4.0,8.0,3.0,,experienced2,,experienced2,,,
2025-11-20 15:37:06.661Z,GAME_ACTION,down,5.0,6.0,,5.0,4.0,8.0,3.0,,experienced2,,experienced2,,,
2025-11-20 15:37:06.840Z,GAME_ACTION,down,5.0,7.0,,5.0,4.0,8.0,3.0,,experienced2,,experienced2,,,
2025-11-20 15:37:07.193Z,GAME_ACTION,down,5.0,8.0,,5.0,4.0,8.0,3.0,,experienced2,,experienced2,,,
2025-11-20 15:37:08.033Z,GAME_ACTION,right,5.0,9.0,,5.0,4.0,8.0,3.0,,experienced2,,experienced2,,,
2025-11-20 15:37:08.213Z,GAME_ACTION,right,6.0,9.0,,5.0,4.0,8.0,3.0,,experienced2,,experienced2,,,
2025-11-20 15:37:08.378Z,GAME_ACTION,right,7.0,9.0,,5.0,4.0,8.0,3.0,,experienced2,,experienced2,,,
2025-11-20 15:37:08.543Z,GAME_ACTION,right,8.0,9.0,,5.0,4.0,8.0,3.0,,experienced2,,experienced2,,,
2025-11-20 15:37:08.722Z,GAME_ACTION,right,9.0,9.0,,5.0,4.0,8.0,3.0,,experienced2,,experienced2,,,
2025-11-20 15:37:08.723Z,INTERACTION,,9.0,9.0,,5.0,4.0,8.0,3.0,,experienced2,,experienced2,,treasure_interaction,C
2025-11-20 15:37:08.723Z,LEVEL_COMPLETE,,9.0,9.0,,5.0,4.0,8.0,3.0,,experienced2,,experienced2,,,
2025-11-20 15:37:11.724Z,LEVEL_COMPLETE,,9.0,9.0,,5.0,4.0,8.0,3.0,28.0,experienced2,,experienced2,,,

Level: sm361_1
Timestamp,Type,Player Action,Player X,Player Y,Observed Agent ID,NPC 1 X,NPC 1 Y,NPC 2 X,NPC 2 Y,Steps Remaining,NPC 1 Path Type,NPC 1 Path Index,NPC 2 Path Type,NPC 2 Path Index,Interaction Type,Interaction Details
2025-11-20 15:38:07.568Z,LEVEL_START,,,,,,,,,,,,,,,
2025-11-20 15:38:07.568Z,LEVEL_START,,,,,,,,,,,,,,,
2025-11-20 15:38:25.646Z,AGENT_OBSERVE,,10.0,9.0,2.0,,,5.0,3.0,,,,experienced1,,,
2025-11-20 15:38:27.207Z,AGENT_OBSERVE,,10.0,9.0,2.0,,,6.0,3.0,,,,experienced1,,,
2025-11-20 15:38:28.587Z,AGENT_OBSERVE,,10.0,9.0,2.0,,,7.0,3.0,,,,experienced1,,,
2025-11-20 15:38:30.042Z,AGENT_OBSERVE,,10.0,9.0,2.0,,,8.0,3.0,,,,experienced1,,,
2025-11-20 15:38:32.321Z,GAME_ACTION,left,10.0,9.0,,,,8.0,3.0,,,,experienced1,,,
2025-11-20 15:38:32.681Z,GAME_ACTION,left,9.0,9.0,,,,8.0,3.0,,,,experienced1,,,
2025-11-20 15:38:32.860Z,GAME_ACTION,left,8.0,9.0,,,,8.0,3.0,,,,experienced1,,,
2025-11-20 15:38:33.041Z,GAME_ACTION,left,7.0,9.0,,,,8.0,3.0,,,,experienced1,,,
2025-11-20 15:38:33.227Z,GAME_ACTION,left,6.0,9.0,,,,8.0,3.0,,,,experienced1,,,
2025-11-20 15:38:33.491Z,GAME_ACTION,left,5.0,9.0,,,,8.0,3.0,,,,experienced1,,,
2025-11-20 15:38:34.354Z,GAME_ACTION,up,4.0,9.0,,,,8.0,3.0,,,,experienced1,,,
2025-11-20 15:38:34.525Z,GAME_ACTION,up,4.0,8.0,,,,8.0,3.0,,,,experienced1,,,
2025-11-20 15:38:34.706Z,GAME_ACTION,up,4.0,7.0,,,,8.0,3.0,,,,experienced1,,,
2025-11-20 15:38:34.870Z,GAME_ACTION,up,4.0,6.0,,,,8.0,3.0,,,,experienced1,,,
2025-11-20 15:38:35.043Z,GAME_ACTION,up,4.0,5.0,,,,8.0,3.0,,,,experienced1,,,
2025-11-20 15:38:35.208Z,GAME_ACTION,up,4.0,4.0,,,,8.0,3.0,,,,experienced1,,,
2025-11-20 15:38:35.456Z,GAME_ACTION,up,4.0,3.0,,,,8.0,3.0,,,,experienced1,,,
2025-11-20 15:38:36.154Z,GAME_ACTION,right,4.0,3.0,,,,8.0,3.0,,,,experienced1,,,
2025-11-20 15:38:36.325Z,GAME_ACTION,right,5.0,3.0,,,,8.0,3.0,,,,experienced1,,,
2025-11-20 15:38:36.490Z,GAME_ACTION,right,6.0,3.0,,,,8.0,3.0,,,,experienced1,,,
2025-11-20 15:38:36.647Z,GAME_ACTION,right,7.0,3.0,,,,8.0,3.0,,,,experienced1,,,
2025-11-20 15:38:36.798Z,GAME_ACTION,right,8.0,3.0,,,,8.0,3.0,,,,experienced1,,,
2025-11-20 15:38:36.948Z,GAME_ACTION,right,9.0,3.0,,,,8.0,3.0,,,,experienced1,,,
2025-11-20 15:38:37.113Z,GAME_ACTION,right,10.0,3.0,,,,8.0,3.0,,,,experienced1,,,
2025-11-20 15:38:39.370Z,GAME_ACTION,down,10.0,1.0,,,,8.0,3.0,,,,experienced1,,,
2025-11-20 15:38:39.549Z,GAME_ACTION,down,10.0,2.0,,,,8.0,3.0,,,,experienced1,,,
2025-11-20 15:38:41.035Z,GAME_ACTION,left,10.0,3.0,,,,8.0,3.0,,,,experienced1,,,
2025-11-20 15:38:41.207Z,GAME_ACTION,left,9.0,3.0,,,,8.0,3.0,,,,experienced1,,,
2025-11-20 15:38:41.380Z,GAME_ACTION,left,8.0,3.0,,,,8.0,3.0,,,,experienced1,,,
2025-11-20 15:38:41.544Z,GAME_ACTION,left,7.0,3.0,,,,8.0,3.0,,,,experienced1,,,
2025-11-20 15:38:41.702Z,GAME_ACTION,left,6.0,3.0,,,,8.0,3.0,,,,experienced1,,,
2025-11-20 15:38:41.912Z,GAME_ACTION,left,5.0,3.0,,,,8.0,3.0,,,,experienced1,,,
2025-11-20 15:38:43.120Z,GAME_ACTION,down,4.0,3.0,,,,8.0,3.0,,,,experienced1,,,
2025-11-20 15:38:43.300Z,GAME_ACTION,down,4.0,4.0,,,,8.0,3.0,,,,experienced1,,,
2025-11-20 15:38:43.472Z,GAME_ACTION,down,4.0,5.0,,,,8.0,3.0,,,,experienced1,,,
2025-11-20 15:38:43.622Z,GAME_ACTION,down,4.0,6.0,,,,8.0,3.0,,,,experienced1,,,
2025-11-20 15:38:43.795Z,GAME_ACTION,down,4.0,7.0,,,,8.0,3.0,,,,experienced1,,,
2025-11-20 15:38:43.975Z,GAME_ACTION,down,4.0,8.0,,,,8.0,3.0,,,,experienced1,,,
2025-11-20 15:38:44.747Z,GAME_ACTION,right,4.0,9.0,,,,8.0,3.0,,,,experienced1,,,
2025-11-20 15:38:44.995Z,GAME_ACTION,right,5.0,9.0,,,,8.0,3.0,,,,experienced1,,,
2025-11-20 15:38:45.265Z,GAME_ACTION,right,6.0,9.0,,,,8.0,3.0,,,,experienced1,,,
2025-11-20 15:38:46.180Z,GAME_ACTION,down,7.0,9.0,,,,8.0,3.0,,,,experienced1,,,
2025-11-20 15:38:46.548Z,GAME_ACTION,down,7.0,10.0,,,,8.0,3.0,,,,experienced1,,,
2025-11-20 15:38:47.163Z,GAME_ACTION,right,7.0,11.0,,,,8.0,3.0,,,,experienced1,,,
2025-11-20 15:38:47.364Z,GAME_ACTION,right,8.0,11.0,,,,8.0,3.0,,,,experienced1,,,
2025-11-20 15:38:47.545Z,GAME_ACTION,right,9.0,11.0,,,,8.0,3.0,,,,experienced1,,,
2025-11-20 15:38:47.545Z,INTERACTION,,9.0,11.0,,,,8.0,3.0,,,,experienced1,,treasure_interaction,C
2025-11-20 15:38:47.545Z,LEVEL_COMPLETE,,9.0,11.0,,,,8.0,3.0,,,,experienced1,,,
2025-11-20 15:38:50.547Z,LEVEL_COMPLETE,,9.0,11.0,,,,8.0,3.0,29.0,,,experienced1,,,

Level: sm371_2
Timestamp,Type,Player Action,Player X,Player Y,Observed Agent ID,NPC 1 X,NPC 1 Y,NPC 2 X,NPC 2 Y,Steps Remaining,NPC 1 Path Type,NPC 1 Path Index,NPC 2 Path Type,NPC 2 Path Index,Interaction Type,Interaction Details
2025-11-20 15:37:11.836Z,LEVEL_START,,,,,,,,,,,,,,,
2025-11-20 15:37:11.836Z,LEVEL_START,,,,,,,,,,,,,,,
2025-11-20 15:37:55.476Z,GAME_ACTION,up,0.0,3.0,,,,,,,,,,,,
2025-11-20 15:37:55.889Z,GAME_ACTION,up,0.0,2.0,,,,,,,,,,,,
2025-11-20 15:37:55.889Z,INTERACTION,,0.0,2.0,,,,,,,,,,,wizard_interaction,
2025-11-20 15:37:57.306Z,GAME_ACTION,down,0.0,2.0,,,,,,,,,,,,
2025-11-20 15:37:57.666Z,GAME_ACTION,down,0.0,3.0,,,,,,,,,,,,
2025-11-20 15:37:58.123Z,GAME_ACTION,down,0.0,4.0,,,,,,,,,,,,
2025-11-20 15:37:58.123Z,INTERACTION,,0.0,4.0,,,,,,,,,,,wizard_interaction,blueAmulet
2025-11-20 15:37:59.315Z,GAME_ACTION,up,0.0,4.0,,,,,,,,,,,,
2025-11-20 15:38:00.553Z,GAME_ACTION,right,0.0,3.0,,,,,,,,,,,,
2025-11-20 15:38:00.732Z,GAME_ACTION,right,1.0,3.0,,,,,,,,,,,,
2025-11-20 15:38:00.890Z,GAME_ACTION,right,2.0,3.0,,,,,,,,,,,,
2025-11-20 15:38:01.047Z,GAME_ACTION,right,3.0,3.0,,,,,,,,,,,,
2025-11-20 15:38:01.197Z,GAME_ACTION,right,4.0,3.0,,,,,,,,,,,,
2025-11-20 15:38:01.355Z,GAME_ACTION,right,5.0,3.0,,,,,,,,,,,,
2025-11-20 15:38:01.513Z,GAME_ACTION,right,6.0,3.0,,,,,,,,,,,,
2025-11-20 15:38:01.670Z,GAME_ACTION,right,7.0,3.0,,,,,,,,,,,,
2025-11-20 15:38:01.843Z,GAME_ACTION,right,8.0,3.0,,,,,,,,,,,,
2025-11-20 15:38:02.031Z,GAME_ACTION,right,9.0,3.0,,,,,,,,,,,,
2025-11-20 15:38:04.093Z,GAME_ACTION,up,9.0,3.0,,,,,,,,,,,,
2025-11-20 15:38:04.272Z,GAME_ACTION,up,9.0,2.0,,,,,,,,,,,,
2025-11-20 15:38:04.438Z,GAME_ACTION,up,9.0,1.0,,,,,,,,,,,,
2025-11-20 15:38:04.438Z,INTERACTION,,9.0,1.0,,,,,,,,,,,treasure_interaction,A
2025-11-20 15:38:04.438Z,LEVEL_COMPLETE,,9.0,1.0,,,,,,,,,,,,
2025-11-20 15:38:07.450Z,LEVEL_COMPLETE,,9.0,1.0,,,,,,21.0,,,,,,

Level: sm411_1
Timestamp,Type,Player Action,Player X,Player Y,Observed Agent ID,NPC 1 X,NPC 1 Y,NPC 2 X,NPC 2 Y,Steps Remaining,NPC 1 Path Type,NPC 1 Path Index,NPC 2 Path Type,NPC 2 Path Index,Interaction Type,Interaction Details
2025-11-20 15:34:17.138Z,LEVEL_START,,,,,,,,,,,,,,,
2025-11-20 15:34:17.138Z,LEVEL_START,,,,,,,,,,,,,,,
2025-11-20 15:34:30.334Z,AGENT_OBSERVE,,4.0,9.0,3.0,2.0,4.0,,,,experienced1,,,,,
2025-11-20 15:34:32.569Z,AGENT_OBSERVE,,4.0,9.0,3.0,2.0,3.0,,,,experienced1,,,,,
2025-11-20 15:34:34.362Z,AGENT_OBSERVE,,4.0,9.0,3.0,3.0,3.0,,,,experienced1,,,,,
2025-11-20 15:34:36.304Z,AGENT_OBSERVE,,4.0,9.0,3.0,4.0,3.0,,,,experienced1,,,,,
2025-11-20 15:34:39.148Z,AGENT_OBSERVE,,4.0,9.0,3.0,5.0,3.0,,,,experienced1,,,,,
2025-11-20 15:34:41.456Z,AGENT_OBSERVE,,4.0,9.0,3.0,6.0,3.0,,,,experienced1,,,,,
2025-11-20 15:34:42.618Z,AGENT_OBSERVE,,4.0,9.0,3.0,7.0,3.0,,,,experienced1,,,,,
2025-11-20 15:34:45.138Z,GAME_ACTION,left,4.0,9.0,,7.0,3.0,,,,experienced1,,,,,
2025-11-20 15:34:45.520Z,GAME_ACTION,left,3.0,9.0,,7.0,3.0,,,,experienced1,,,,,
2025-11-20 15:34:46.796Z,GAME_ACTION,up,2.0,9.0,,7.0,3.0,,,,experienced1,,,,,
2025-11-20 15:34:46.990Z,GAME_ACTION,up,2.0,8.0,,7.0,3.0,,,,experienced1,,,,,
2025-11-20 15:34:47.163Z,GAME_ACTION,up,2.0,7.0,,7.0,3.0,,,,experienced1,,,,,
2025-11-20 15:34:47.365Z,GAME_ACTION,up,2.0,6.0,,7.0,3.0,,,,experienced1,,,,,
2025-11-20 15:34:47.606Z,GAME_ACTION,up,2.0,5.0,,7.0,3.0,,,,experienced1,,,,,
2025-11-20 15:34:47.876Z,GAME_ACTION,up,2.0,4.0,,7.0,3.0,,,,experienced1,,,,,
2025-11-20 15:34:48.933Z,GAME_ACTION,right,2.0,3.0,,7.0,3.0,,,,experienced1,,,,,
2025-11-20 15:34:49.112Z,GAME_ACTION,right,3.0,3.0,,7.0,3.0,,,,experienced1,,,,,
2025-11-20 15:34:49.263Z,GAME_ACTION,right,4.0,3.0,,7.0,3.0,,,,experienced1,,,,,
2025-11-20 15:34:49.405Z,GAME_ACTION,right,5.0,3.0,,7.0,3.0,,,,experienced1,,,,,
2025-11-20 15:34:49.720Z,GAME_ACTION,right,6.0,3.0,,7.0,3.0,,,,experienced1,,,,,
2025-11-20 15:34:49.884Z,GAME_ACTION,right,7.0,3.0,,7.0,3.0,,,,experienced1,,,,,
2025-11-20 15:34:50.065Z,GAME_ACTION,right,8.0,3.0,,7.0,3.0,,,,experienced1,,,,,
2025-11-20 15:34:50.305Z,GAME_ACTION,right,9.0,3.0,,7.0,3.0,,,,experienced1,,,,,
2025-11-20 15:34:50.860Z,GAME_ACTION,up,10.0,3.0,,7.0,3.0,,,,experienced1,,,,,
2025-11-20 15:34:51.040Z,GAME_ACTION,up,10.0,2.0,,7.0,3.0,,,,experienced1,,,,,
2025-11-20 15:34:51.213Z,GAME_ACTION,up,10.0,1.0,,7.0,3.0,,,,experienced1,,,,,
2025-11-20 15:34:51.213Z,INTERACTION,,10.0,1.0,,7.0,3.0,,,,experienced1,,,,wizard_interaction,blueAmulet
2025-11-20 15:34:52.623Z,GAME_ACTION,down,10.0,1.0,,7.0,3.0,,,,experienced1,,,,,
2025-11-20 15:34:52.832Z,GAME_ACTION,down,10.0,2.0,,7.0,3.0,,,,experienced1,,,,,
2025-11-20 15:34:54.167Z,GAME_ACTION,left,10.0,3.0,,7.0,3.0,,,,experienced1,,,,,
2025-11-20 15:34:54.354Z,GAME_ACTION,left,9.0,3.0,,7.0,3.0,,,,experienced1,,,,,
2025-11-20 15:34:54.519Z,GAME_ACTION,left,8.0,3.0,,7.0,3.0,,,,experienced1,,,,,
2025-11-20 15:34:54.692Z,GAME_ACTION,left,7.0,3.0,,7.0,3.0,,,,experienced1,,,,,
2025-11-20 15:34:54.857Z,GAME_ACTION,left,6.0,3.0,,7.0,3.0,,,,experienced1,,,,,
2025-11-20 15:34:55.022Z,GAME_ACTION,left,5.0,3.0,,7.0,3.0,,,,experienced1,,,,,
2025-11-20 15:34:55.187Z,GAME_ACTION,left,4.0,3.0,,7.0,3.0,,,,experienced1,,,,,
2025-11-20 15:34:55.359Z,GAME_ACTION,left,3.0,3.0,,7.0,3.0,,,,experienced1,,,,,
2025-11-20 15:34:56.417Z,GAME_ACTION,down,2.0,3.0,,7.0,3.0,,,,experienced1,,,,,
2025-11-20 15:34:56.613Z,GAME_ACTION,down,2.0,4.0,,7.0,3.0,,,,experienced1,,,,,
2025-11-20 15:34:56.792Z,GAME_ACTION,down,2.0,5.0,,7.0,3.0,,,,experienced1,,,,,
2025-11-20 15:34:56.949Z,GAME_ACTION,down,2.0,6.0,,7.0,3.0,,,,experienced1,,,,,
2025-11-20 15:34:57.122Z,GAME_ACTION,down,2.0,7.0,,7.0,3.0,,,,experienced1,,,,,
2025-11-20 15:34:57.272Z,GAME_ACTION,down,2.0,8.0,,7.0,3.0,,,,experienced1,,,,,
2025-11-20 15:34:57.460Z,GAME_ACTION,down,2.0,9.0,,7.0,3.0,,,,experienced1,,,,,
2025-11-20 15:34:58.315Z,GAME_ACTION,left,2.0,9.0,,7.0,3.0,,,,experienced1,,,,,
2025-11-20 15:34:58.502Z,GAME_ACTION,left,1.0,9.0,,7.0,3.0,,,,experienced1,,,,,
2025-11-20 15:34:59.477Z,GAME_ACTION,down,0.0,9.0,,7.0,3.0,,,,experienced1,,,,,
2025-11-20 15:34:59.844Z,GAME_ACTION,down,0.0,10.0,,7.0,3.0,,,,experienced1,,,,,
2025-11-20 15:34:59.844Z,INTERACTION,,0.0,10.0,,7.0,3.0,,,,experienced1,,,,treasure_interaction,B
2025-11-20 15:34:59.844Z,LEVEL_COMPLETE,,0.0,10.0,,7.0,3.0,,,,experienced1,,,,,
2025-11-20 15:35:02.860Z,LEVEL_COMPLETE,,0.0,10.0,,7.0,3.0,,,28.0,experienced1,,,,,

Level: sm421_2
Timestamp,Type,Player Action,Player X,Player Y,Observed Agent ID,NPC 1 X,NPC 1 Y,NPC 2 X,NPC 2 Y,Steps Remaining,NPC 1 Path Type,NPC 1 Path Index,NPC 2 Path Type,NPC 2 Path Index,Interaction Type,Interaction Details
2025-11-20 15:35:02.973Z,LEVEL_START,,,,,,,,,,,,,,,
2025-11-20 15:35:02.974Z,LEVEL_START,,,,,,,,,,,,,,,
2025-11-20 15:35:16.598Z,AGENT_OBSERVE,,0.0,9.0,3.0,4.0,10.0,,,,experienced2,,,,,
2025-11-20 15:35:18.780Z,AGENT_OBSERVE,,0.0,9.0,2.0,4.0,10.0,4.0,10.0,,experienced2,,experienced2,,,
2025-11-20 15:35:20.813Z,AGENT_OBSERVE,,0.0,9.0,2.0,4.0,10.0,4.0,9.0,,experienced2,,experienced2,,,
2025-11-20 15:35:22.553Z,AGENT_OBSERVE,,0.0,9.0,2.0,4.0,10.0,4.0,8.0,,experienced2,,experienced2,,,
2025-11-20 15:35:24.188Z,AGENT_OBSERVE,,0.0,9.0,2.0,4.0,10.0,4.0,7.0,,experienced2,,experienced2,,,
2025-11-20 15:35:25.845Z,AGENT_OBSERVE,,0.0,9.0,2.0,4.0,10.0,4.0,6.0,,experienced2,,experienced2,,,
2025-11-20 15:35:27.270Z,AGENT_OBSERVE,,0.0,9.0,2.0,4.0,10.0,4.0,5.0,,experienced2,,experienced2,,,
2025-11-20 15:35:28.695Z,AGENT_OBSERVE,,0.0,9.0,2.0,4.0,10.0,4.0,4.0,,experienced2,,experienced2,,,
2025-11-20 15:35:29.850Z,GAME_ACTION,right,0.0,9.0,,4.0,10.0,4.0,4.0,,experienced2,,experienced2,,,
2025-11-20 15:35:30.038Z,GAME_ACTION,right,1.0,9.0,,4.0,10.0,4.0,4.0,,experienced2,,experienced2,,,
2025-11-20 15:35:30.232Z,GAME_ACTION,right,2.0,9.0,,4.0,10.0,4.0,4.0,,experienced2,,experienced2,,,
2025-11-20 15:35:30.434Z,GAME_ACTION,right,3.0,9.0,,4.0,10.0,4.0,4.0,,experienced2,,experienced2,,,
2025-11-20 15:35:31.334Z,GAME_ACTION,up,4.0,9.0,,4.0,10.0,4.0,4.0,,experienced2,,experienced2,,,
2025-11-20 15:35:31.514Z,GAME_ACTION,up,4.0,8.0,,4.0,10.0,4.0,4.0,,experienced2,,experienced2,,,
2025-11-20 15:35:31.672Z,GAME_ACTION,up,4.0,7.0,,4.0,10.0,4.0,4.0,,experienced2,,experienced2,,,
2025-11-20 15:35:31.837Z,GAME_ACTION,up,4.0,6.0,,4.0,10.0,4.0,4.0,,experienced2,,experienced2,,,
2025-11-20 15:35:31.987Z,GAME_ACTION,up,4.0,5.0,,4.0,10.0,4.0,4.0,,experienced2,,experienced2,,,
2025-11-20 15:35:32.137Z,GAME_ACTION,up,4.0,4.0,,4.0,10.0,4.0,4.0,,experienced2,,experienced2,,,
2025-11-20 15:35:32.317Z,GAME_ACTION,up,4.0,3.0,,4.0,10.0,4.0,4.0,,experienced2,,experienced2,,,
2025-11-20 15:35:33.053Z,GAME_ACTION,left,3.0,3.0,,4.0,10.0,4.0,4.0,,experienced2,,experienced2,,,
2025-11-20 15:35:33.209Z,GAME_ACTION,left,2.0,3.0,,4.0,10.0,4.0,4.0,,experienced2,,experienced2,,,
2025-11-20 15:35:33.367Z,GAME_ACTION,left,1.0,3.0,,4.0,10.0,4.0,4.0,,experienced2,,experienced2,,,
2025-11-20 15:35:33.554Z,GAME_ACTION,left,0.0,3.0,,4.0,10.0,4.0,4.0,,experienced2,,experienced2,,,
2025-11-20 15:35:34.004Z,GAME_ACTION,up,0.0,3.0,,4.0,10.0,4.0,4.0,,experienced2,,experienced2,,,
2025-11-20 15:35:34.185Z,GAME_ACTION,up,0.0,2.0,,4.0,10.0,4.0,4.0,,experienced2,,experienced2,,,
2025-11-20 15:35:34.349Z,GAME_ACTION,up,0.0,1.0,,4.0,10.0,4.0,4.0,,experienced2,,experienced2,,,
2025-11-20 15:35:34.349Z,INTERACTION,,0.0,1.0,,4.0,10.0,4.0,4.0,,experienced2,,experienced2,,wizard_interaction,blueAmulet
2025-11-20 15:35:35.752Z,GAME_ACTION,down,0.0,1.0,,4.0,10.0,4.0,4.0,,experienced2,,experienced2,,,
2025-11-20 15:35:35.954Z,GAME_ACTION,down,0.0,2.0,,4.0,10.0,4.0,4.0,,experienced2,,experienced2,,,
2025-11-20 15:35:36.396Z,GAME_ACTION,down,0.0,3.0,,4.0,10.0,4.0,4.0,,experienced2,,experienced2,,,
2025-11-20 15:35:37.304Z,GAME_ACTION,right,0.0,3.0,,4.0,10.0,4.0,4.0,,experienced2,,experienced2,,,
2025-11-20 15:35:37.499Z,GAME_ACTION,right,1.0,3.0,,4.0,10.0,4.0,4.0,,experienced2,,experienced2,,,
2025-11-20 15:35:37.671Z,GAME_ACTION,right,2.0,3.0,,4.0,10.0,4.0,4.0,,experienced2,,experienced2,,,
2025-11-20 15:35:37.972Z,GAME_ACTION,right,3.0,3.0,,4.0,10.0,4.0,4.0,,experienced2,,experienced2,,,
2025-11-20 15:35:38.827Z,GAME_ACTION,down,4.0,3.0,,4.0,10.0,4.0,4.0,,experienced2,,experienced2,,,
2025-11-20 15:35:39.015Z,GAME_ACTION,down,4.0,4.0,,4.0,10.0,4.0,4.0,,experienced2,,experienced2,,,
2025-11-20 15:35:39.179Z,GAME_ACTION,down,4.0,5.0,,4.0,10.0,4.0,4.0,,experienced2,,experienced2,,,
2025-11-20 15:35:39.336Z,GAME_ACTION,down,4.0,6.0,,4.0,10.0,4.0,4.0,,experienced2,,experienced2,,,
2025-11-20 15:35:39.509Z,GAME_ACTION,down,4.0,7.0,,4.0,10.0,4.0,4.0,,experienced2,,experienced2,,,
2025-11-20 15:35:39.809Z,GAME_ACTION,down,4.0,8.0,,4.0,10.0,4.0,4.0,,experienced2,,experienced2,,,
2025-11-20 15:35:40.754Z,GAME_ACTION,left,4.0,9.0,,4.0,10.0,4.0,4.0,,experienced2,,experienced2,,,
2025-11-20 15:35:40.942Z,GAME_ACTION,left,3.0,9.0,,4.0,10.0,4.0,4.0,,experienced2,,experienced2,,,
2025-11-20 15:35:41.114Z,GAME_ACTION,left,2.0,9.0,,4.0,10.0,4.0,4.0,,experienced2,,experienced2,,,
2025-11-20 15:35:41.294Z,GAME_ACTION,left,1.0,9.0,,4.0,10.0,4.0,4.0,,experienced2,,experienced2,,,
2025-11-20 15:35:41.519Z,GAME_ACTION,left,0.0,9.0,,4.0,10.0,4.0,4.0,,experienced2,,experienced2,,,
2025-11-20 15:35:42.261Z,GAME_ACTION,down,0.0,9.0,,4.0,10.0,4.0,4.0,,experienced2,,experienced2,,,
2025-11-20 15:35:42.441Z,GAME_ACTION,down,0.0,10.0,,4.0,10.0,4.0,4.0,,experienced2,,experienced2,,,
2025-11-20 15:35:42.441Z,INTERACTION,,0.0,10.0,,4.0,10.0,4.0,4.0,,experienced2,,experienced2,,treasure_interaction,B
2025-11-20 15:35:42.441Z,LEVEL_COMPLETE,,0.0,10.0,,4.0,10.0,4.0,4.0,,experienced2,,experienced2,,,
2025-11-20 15:35:45.442Z,LEVEL_COMPLETE,,0.0,10.0,,4.0,10.0,4.0,4.0,24.0,experienced2,,experienced2,,,

Level: sm432_1
Timestamp,Type,Player Action,Player X,Player Y,Observed Agent ID,NPC 1 X,NPC 1 Y,NPC 2 X,NPC 2 Y,Steps Remaining,NPC 1 Path Type,NPC 1 Path Index,NPC 2 Path Type,NPC 2 Path Index,Interaction Type,Interaction Details
2025-11-20 15:32:32.951Z,LEVEL_START,,,,,,,,,,,,,,,
2025-11-20 15:32:32.954Z,LEVEL_START,,,,,,,,,,,,,,,
2025-11-20 15:32:48.304Z,AGENT_OBSERVE,,3.0,5.0,2.0,,,0.0,4.0,,,,experienced1,,,
2025-11-20 15:32:51.295Z,AGENT_OBSERVE,,3.0,5.0,3.0,6.0,9.0,0.0,4.0,,experienced1,,experienced1,,,
2025-11-20 15:32:59.478Z,GAME_ACTION,left,3.0,5.0,,6.0,9.0,0.0,4.0,,experienced1,,experienced1,,,
2025-11-20 15:32:59.680Z,GAME_ACTION,left,2.0,5.0,,6.0,9.0,0.0,4.0,,experienced1,,experienced1,,,
2025-11-20 15:33:00.123Z,GAME_ACTION,left,1.0,5.0,,6.0,9.0,0.0,4.0,,experienced1,,experienced1,,,
2025-11-20 15:33:01.900Z,GAME_ACTION,up,0.0,5.0,,6.0,9.0,0.0,4.0,,experienced1,,experienced1,,,
2025-11-20 15:33:02.447Z,GAME_ACTION,up,0.0,4.0,,6.0,9.0,0.0,4.0,,experienced1,,experienced1,,,
2025-11-20 15:33:03.685Z,GAME_ACTION,right,0.0,3.0,,6.0,9.0,0.0,4.0,,experienced1,,experienced1,,,
2025-11-20 15:33:03.970Z,GAME_ACTION,right,1.0,3.0,,6.0,9.0,0.0,4.0,,experienced1,,experienced1,,,
2025-11-20 15:33:04.787Z,GAME_ACTION,up,2.0,3.0,,6.0,9.0,0.0,4.0,,experienced1,,experienced1,,,
2025-11-20 15:33:04.989Z,GAME_ACTION,up,2.0,2.0,,6.0,9.0,0.0,4.0,,experienced1,,experienced1,,,
2025-11-20 15:33:05.267Z,GAME_ACTION,up,2.0,1.0,,6.0,9.0,0.0,4.0,,experienced1,,experienced1,,,
2025-11-20 15:33:05.267Z,INTERACTION,,2.0,1.0,,6.0,9.0,0.0,4.0,,experienced1,,experienced1,,wizard_interaction,
2025-11-20 15:33:07.119Z,GAME_ACTION,down,2.0,1.0,,6.0,9.0,0.0,4.0,,experienced1,,experienced1,,,
2025-11-20 15:33:07.555Z,GAME_ACTION,down,2.0,2.0,,6.0,9.0,0.0,4.0,,experienced1,,experienced1,,,
2025-11-20 15:33:08.845Z,GAME_ACTION,right,2.0,3.0,,6.0,9.0,0.0,4.0,,experienced1,,experienced1,,,
2025-11-20 15:33:09.182Z,GAME_ACTION,right,3.0,3.0,,6.0,9.0,0.0,4.0,,experienced1,,experienced1,,,
2025-11-20 15:33:09.842Z,GAME_ACTION,up,4.0,3.0,,6.0,9.0,0.0,4.0,,experienced1,,experienced1,,,
2025-11-20 15:33:10.074Z,GAME_ACTION,up,4.0,2.0,,6.0,9.0,0.0,4.0,,experienced1,,experienced1,,,
2025-11-20 15:33:10.689Z,INTERACTION,,4.0,2.0,,6.0,9.0,0.0,4.0,,experienced1,,experienced1,,wizard_interaction,blueAmulet
2025-11-20 15:33:10.689Z,GAME_ACTION,up,4.0,1.0,,6.0,9.0,0.0,4.0,,experienced1,,experienced1,,,
2025-11-20 15:33:12.414Z,GAME_ACTION,down,4.0,1.0,,6.0,9.0,0.0,4.0,,experienced1,,experienced1,,,
2025-11-20 15:33:12.872Z,GAME_ACTION,down,4.0,2.0,,6.0,9.0,0.0,4.0,,experienced1,,experienced1,,,
2025-11-20 15:33:14.837Z,GAME_ACTION,left,4.0,3.0,,6.0,9.0,0.0,4.0,,experienced1,,experienced1,,,
2025-11-20 15:33:15.257Z,GAME_ACTION,left,3.0,3.0,,6.0,9.0,0.0,4.0,,experienced1,,experienced1,,,
2025-11-20 15:33:15.458Z,GAME_ACTION,left,2.0,3.0,,6.0,9.0,0.0,4.0,,experienced1,,experienced1,,,
2025-11-20 15:33:15.706Z,GAME_ACTION,left,1.0,3.0,,6.0,9.0,0.0,4.0,,experienced1,,experienced1,,,
2025-11-20 15:33:16.689Z,GAME_ACTION,down,0.0,3.0,,6.0,9.0,0.0,4.0,,experienced1,,experienced1,,,
2025-11-20 15:33:16.959Z,GAME_ACTION,down,0.0,4.0,,6.0,9.0,0.0,4.0,,experienced1,,experienced1,,,
2025-11-20 15:33:18.069Z,GAME_ACTION,right,0.0,5.0,,6.0,9.0,0.0,4.0,,experienced1,,experienced1,,,
2025-11-20 15:33:18.331Z,GAME_ACTION,right,1.0,5.0,,6.0,9.0,0.0,4.0,,experienced1,,experienced1,,,
2025-11-20 15:33:18.571Z,GAME_ACTION,right,2.0,5.0,,6.0,9.0,0.0,4.0,,experienced1,,experienced1,,,
2025-11-20 15:33:20.161Z,GAME_ACTION,down,3.0,5.0,,6.0,9.0,0.0,4.0,,experienced1,,experienced1,,,
2025-11-20 15:33:20.415Z,GAME_ACTION,down,3.0,6.0,,6.0,9.0,0.0,4.0,,experienced1,,experienced1,,,
2025-11-20 15:33:20.626Z,GAME_ACTION,down,3.0,7.0,,6.0,9.0,0.0,4.0,,experienced1,,experienced1,,,
2025-11-20 15:33:20.866Z,GAME_ACTION,down,3.0,8.0,,6.0,9.0,0.0,4.0,,experienced1,,experienced1,,,
2025-11-20 15:33:21.863Z,GAME_ACTION,left,3.0,9.0,,6.0,9.0,0.0,4.0,,experienced1,,experienced1,,,
2025-11-20 15:33:22.096Z,GAME_ACTION,left,2.0,9.0,,6.0,9.0,0.0,4.0,,experienced1,,experienced1,,,
2025-11-20 15:33:22.456Z,GAME_ACTION,left,1.0,9.0,,6.0,9.0,0.0,4.0,,experienced1,,experienced1,,,
2025-11-20 15:33:23.505Z,GAME_ACTION,down,0.0,9.0,,6.0,9.0,0.0,4.0,,experienced1,,experienced1,,,
2025-11-20 15:33:23.888Z,INTERACTION,,0.0,9.0,,6.0,9.0,0.0,4.0,,experienced1,,experienced1,,treasure_interaction,B
2025-11-20 15:33:23.888Z,LEVEL_COMPLETE,,0.0,9.0,,6.0,9.0,0.0,4.0,,experienced1,,experienced1,,,
2025-11-20 15:33:23.888Z,GAME_ACTION,down,0.0,10.0,,6.0,9.0,0.0,4.0,,experienced1,,experienced1,,,
2025-11-20 15:33:26.897Z,LEVEL_COMPLETE,,0.0,10.0,,6.0,9.0,0.0,4.0,17.0,experienced1,,experienced1,,,

