plan_id,true_goal,act_temperature,timestep,is_judgment,action,goal_probs_1,goal_probs_2,goal_probs_3,goal_probs_4,true_goal_probs,lml_est,n_init_states,state_probs_1,state_probs_2,state_probs_3,state_probs_4,state_probs_5,state_probs_6,state_probs_7,state_probs_8,state_probs_9,state_probs_10,state_probs_11,state_probs_12,state_probs_13,state_probs_14,state_probs_15,state_probs_16,state_probs_17,state_probs_18,n_statements,statement_probs_1,statement_probs_2
1_1,4,"(Gen.InverseGamma(), (0.5, 1.0), 2, -3.0:0.25:5.0)",0,false,(--),0.25,0.25,0.25,0.25,0.25,-4.440892098500626e-16,18,0.05555555555555555,0.05555555555555555,0.05555555555555555,0.05555555555555555,0.05555555555555555,0.05555555555555555,0.05555555555555555,0.05555555555555555,0.05555555555555555,0.05555555555555555,0.05555555555555555,0.05555555555555555,0.05555555555555555,0.05555555555555555,0.05555555555555555,0.05555555555555555,0.05555555555555555,0.05555555555555555,2,0.1111111111111111,0.8888888888888888
1_1,4,"(Gen.InverseGamma(), (0.5, 1.0), 2, -3.0:0.25:5.0)",1,false,(right human),0.25,0.25,0.25,0.25,0.25,-0.8460753668780139,18,0.05225390404288077,0.05225390404288077,0.052253904042880765,0.05225390404288077,0.05225390404288077,0.05225390404288077,0.05225390404288077,0.06215885858090512,0.06215885858090513,0.05225390404288077,0.05225390404288077,0.06215885858090513,0.06215885858090513,0.05225390404288077,0.05225390404288077,0.06215885858090513,0.06215885858090512,0.05225390404288077,2,0.10450780808576154,0.8954921919142385
1_1,4,"(Gen.InverseGamma(), (0.5, 1.0), 2, -3.0:0.25:5.0)",2,false,(right human),0.25,0.25,0.25,0.25,0.25,-1.304739745871145,18,0.05080693447459912,0.050806934474599115,0.05080693447459911,0.050806934474599115,0.05080693447459912,0.050806934474599115,0.05080693447459912,0.06505279771746841,0.06505279771746841,0.050806934474599115,0.05080693447459912,0.06505279771746841,0.06505279771746841,0.050806934474599115,0.05080693447459912,0.06505279771746841,0.06505279771746841,0.050806934474599115,2,0.10161386894919824,0.8983861310508017
1_1,4,"(Gen.InverseGamma(), (0.5, 1.0), 2, -3.0:0.25:5.0)",3,true,(down human),0.25,0.25,0.25,0.25,0.25,-2.4350099730327677,18,0.049523146357460385,0.04952314635746038,0.04952314635746037,0.04952314635746037,0.049523146357460385,0.049523146357460385,0.049523146357460385,0.06762037395174589,0.0676203739517459,0.04952314635746038,0.049523146357460385,0.0676203739517459,0.06762037395174592,0.04952314635746038,0.049523146357460385,0.0676203739517459,0.0676203739517459,0.049523146357460385,2,0.09904629271492076,0.9009537072850793
1_1,4,"(Gen.InverseGamma(), (0.5, 1.0), 2, -3.0:0.25:5.0)",4,false,(down human),0.25,0.25,0.25,0.25,0.25,-3.1409162498662457,18,0.04910952209425177,0.04910952209425177,0.04910952209425176,0.04910952209425176,0.049109522094251776,0.049109522094251776,0.04910952209425177,0.0684476224781631,0.06844762247816312,0.04910952209425177,0.04910952209425177,0.06844762247816313,0.06844762247816313,0.04910952209425177,0.049109522094251776,0.06844762247816312,0.06844762247816312,0.049109522094251776,2,0.09821904418850352,0.9017809558114964
1_1,4,"(Gen.InverseGamma(), (0.5, 1.0), 2, -3.0:0.25:5.0)",5,true,(down human),0.25,0.25,0.25,0.25,0.25,-4.165429744732888,18,0.030267726272230847,0.030267726272230847,0.062240133758127786,0.06224013375812778,0.06224013375812781,0.06224013375812781,0.030267726272230847,0.06350133747434236,0.06350133747434236,0.030267726272230847,0.030267726272230847,0.06350133747434239,0.06350133747434239,0.030267726272230847,0.06224013375812781,0.09547374496023932,0.09547374496023933,0.06224013375812781,2,0.06053545254446169,0.9394645474555383
1_2,4,"(Gen.InverseGamma(), (0.5, 1.0), 2, -3.0:0.25:5.0)",0,false,(--),0.25,0.25,0.25,0.25,0.25,-4.440892098500626e-16,18,0.05555555555555555,0.05555555555555555,0.05555555555555555,0.05555555555555555,0.05555555555555555,0.05555555555555555,0.05555555555555555,0.05555555555555555,0.05555555555555555,0.05555555555555555,0.05555555555555555,0.05555555555555555,0.05555555555555555,0.05555555555555555,0.05555555555555555,0.05555555555555555,0.05555555555555555,0.05555555555555555,2,0.2777777777777778,0.2777777777777778
1_2,4,"(Gen.InverseGamma(), (0.5, 1.0), 2, -3.0:0.25:5.0)",1,false,(right human),0.25,0.25,0.25,0.25,0.25,-0.8460753668780139,18,0.06215885858090512,0.04234894950485642,0.06215885858090513,0.04234894950485642,0.06215885858090511,0.04234894950485642,0.06215885858090512,0.06215885858090513,0.06215885858090513,0.04234894950485642,0.06215885858090512,0.06215885858090512,0.06215885858090513,0.04234894950485642,0.06215885858090513,0.06215885858090512,0.06215885858090513,0.04234894950485642,2,0.3107942929045256,0.31079429290452565
1_2,4,"(Gen.InverseGamma(), (0.5, 1.0), 2, -3.0:0.25:5.0)",2,false,(right human),0.25,0.25,0.25,0.25,0.25,-1.304739745871145,18,0.06505279771746841,0.036561071231729816,0.06505279771746843,0.036561071231729816,0.06505279771746841,0.036561071231729816,0.06505279771746841,0.06505279771746841,0.06505279771746841,0.036561071231729816,0.06505279771746841,0.06505279771746841,0.06505279771746843,0.036561071231729816,0.06505279771746843,0.06505279771746841,0.06505279771746843,0.036561071231729816,2,0.3252639885873421,0.3252639885873421
1_2,4,"(Gen.InverseGamma(), (0.5, 1.0), 2, -3.0:0.25:5.0)",3,false,(right human),0.25,0.25,0.25,0.25,0.25,-2.593506485397802,18,0.0721265521835664,0.047709019513550145,0.07212655218356641,0.047709019513550145,0.07212655218356638,0.047709019513550145,0.0721265521835664,0.04581775839478729,0.045817758394787286,0.047709019513550145,0.0721265521835664,0.045817758394787286,0.051897777843364315,0.047709019513550145,0.07212655218356641,0.045817758394787286,0.0458177583947873,0.047709019513550145,2,0.3140951927888508,0.30801517334027384
1_2,4,"(Gen.InverseGamma(), (0.5, 1.0), 2, -3.0:0.25:5.0)",4,false,(right human),0.25,0.25,0.25,0.25,0.25,-3.2236404353228636,18,0.07231999496663463,0.054997571781156586,0.07231999496663466,0.054997571781156586,0.07231999496663463,0.054997571781156586,0.07231999496663463,0.03777534836647395,0.03777534836647395,0.054997571781156586,0.07231999496663463,0.03777534836647394,0.04655361092836161,0.054997571781156586,0.07231999496663466,0.03777534836647394,0.03843959511899519,0.054997571781156586,2,0.3012889441947395,0.2931749283853731
1_2,4,"(Gen.InverseGamma(), (0.5, 1.0), 2, -3.0:0.25:5.0)",5,false,(right human),0.25,0.25,0.25,0.25,0.25,-3.74106308517115,18,0.07151458701143165,0.05921121873940108,0.07151458701143168,0.05921121873940108,0.07151458701143168,0.05921121873940108,0.07151458701143165,0.03416840993218841,0.03429792982654572,0.05921121873940108,0.07151458701143165,0.03416840993218841,0.04368107605946486,0.05921121873940108,0.07151458701143168,0.03416840993218841,0.03516092981242775,0.05921121873940108,2,0.29252276692030554,0.28387310077891115
1_2,4,"(Gen.InverseGamma(), (0.5, 1.0), 2, -3.0:0.25:5.0)",6,false,(right human),0.25,0.25,0.25,0.25,0.25,-4.2110796460758495,18,0.07085344073191671,0.06177584577803461,0.07085344073191674,0.06177584577803461,0.07085344073191673,0.06177584577803461,0.07085344073191671,0.032269115664113945,0.03243887916703634,0.06177584577803461,0.07085344073191671,0.032269115664113945,0.04171753291453576,0.06177584577803461,0.07085344073191674,0.032269115664113945,0.03326052186637807,0.06177584577803461,2,0.28671673427732225,0.2780899597262422
1_2,4,"(Gen.InverseGamma(), (0.5, 1.0), 2, -3.0:0.25:5.0)",7,false,(up human),0.25,0.25,0.25,0.25,0.25,-5.642594816010136,18,0.07086003535246155,0.06279161436544158,0.07086003535246159,0.06279161436544158,0.07086003535246158,0.06279161436544158,0.07086003535246155,0.03137278253438606,0.03150064017492982,0.06279161436544158,0.07086003535246155,0.03137278253438606,0.04030675547642126,0.06279161436544158,0.07086003535246159,0.03137278253438606,0.03216435843807187,0.06279161436544158,2,0.2843875017087357,0.27611724702984264
1_2,4,"(Gen.InverseGamma(), (0.5, 1.0), 2, -3.0:0.25:5.0)",8,false,(up human),0.25,0.25,0.25,0.25,0.25,-6.570684675982642,18,0.07033081105654551,0.06420545508999766,0.07033081105654554,0.06420545508999766,0.07033081105654551,0.06420545508999766,0.07033081105654551,0.030554255345034472,0.030658891215475596,0.06420545508999766,0.07033081105654551,0.030554255345034472,0.03920975695296762,0.06420545508999766,0.07033081105654554,0.030554255345034472,0.031250988917194286,0.06420545508999766,2,0.28086108133807974,0.27279767743186534
1_2,4,"(Gen.InverseGamma(), (0.5, 1.0), 2, -3.0:0.25:5.0)",9,false,(pickup human key1),0.25,0.25,0.25,0.25,0.25,-7.236295929380907,18,0.07021917672603356,0.06467504681957283,0.07021917672603359,0.06467504681957283,0.07021917672603356,0.06467504681957283,0.07021917672603356,0.0302565241671788,0.030342960921739888,0.06467504681957283,0.07021917672603356,0.0302565241671788,0.038647919484441726,0.06467504681957283,0.07021917672603359,0.0302565241671788,0.030874205818643512,0.06467504681957283,2,0.27964841058428225,0.27178826016392305
1_2,4,"(Gen.InverseGamma(), (0.5, 1.0), 2, -3.0:0.25:5.0)",10,false,(down human),0.25,0.25,0.25,0.25,0.25,-7.236295929380907,18,0.07021917672603356,0.06467504681957283,0.07021917672603359,0.06467504681957283,0.07021917672603357,0.06467504681957283,0.07021917672603356,0.0302565241671788,0.030342960921739888,0.06467504681957283,0.07021917672603356,0.0302565241671788,0.038647919484441726,0.06467504681957283,0.07021917672603359,0.0302565241671788,0.030874205818643512,0.06467504681957283,2,0.27964841058428225,0.27178826016392305
1_2,4,"(Gen.InverseGamma(), (0.5, 1.0), 2, -3.0:0.25:5.0)",11,false,(down human),0.25,0.25,0.25,0.25,0.25,-7.614586088038335,18,0.07078370224360461,0.06372618713104518,0.07078370224360464,0.06372618713104518,0.07078370224360464,0.06372618713104518,0.07078370224360461,0.030695114053886093,0.030767229633376334,0.06372618713104518,0.07078370224360461,0.030695114053886093,0.038841303543748894,0.06372618713104518,0.07078370224360464,0.030695114053886093,0.031246788413317697,0.06372618713104518,2,0.2819596399079391,0.2742930091980177
1_2,4,"(Gen.InverseGamma(), (0.5, 1.0), 2, -3.0:0.25:5.0)",12,false,(left human),0.25,0.25,0.25,0.25,0.25,-8.559376714466778,18,0.0717301975505855,0.06206542114177443,0.07173019755058554,0.06206542114177443,0.07173019755058553,0.06206542114177443,0.0717301975505855,0.031496156711000284,0.03154964237401012,0.06206542114177443,0.0717301975505855,0.031496156711000284,0.039234729706857395,0.06206542114177443,0.07173019755058554,0.031496156711000284,0.031953445631971895,0.06206542114177443,2,0.28597496473262407,0.2786401949947288
1_2,4,"(Gen.InverseGamma(), (0.5, 1.0), 2, -3.0:0.25:5.0)",13,false,(left human),0.25,0.25,0.25,0.25,0.25,-9.205474601332922,18,0.07252178976929036,0.06058123232464859,0.0725217897692904,0.06058123232464859,0.07252178976929038,0.06058123232464859,0.07252178976929036,0.032229146667526236,0.03227490327323964,0.06058123232464859,0.07252178976929036,0.032229146667526236,0.03977447290894136,0.06058123232464859,0.0725217897692904,0.032229146667526236,0.03264505125160642,0.06058123232464859,2,0.28961474549005206,0.2824395672270038
1_2,4,"(Gen.InverseGamma(), (0.5, 1.0), 2, -3.0:0.25:5.0)",14,false,(left human),0.25,0.25,0.25,0.25,0.25,-9.81019085304011,18,0.07346096287039888,0.058787374400334054,0.07346096287039891,0.058787374400334054,0.0734609628703989,0.058787374400334054,0.07346096287039888,0.03312041749436419,0.03315990185819367,0.058787374400334054,0.07346096287039888,0.03312041749436419,0.04048793324255772,0.058787374400334054,0.07346096287039891,0.03312041749436419,0.033500888791758325,0.058787374400334054,2,0.29403072371194805,0.28700419489731926
1_2,4,"(Gen.InverseGamma(), (0.5, 1.0), 2, -3.0:0.25:5.0)",15,false,(left human),0.25,0.25,0.25,0.25,0.25,-10.383423042621965,18,0.07456856777029815,0.05664607349137479,0.07456856777029817,0.05664607349137479,0.07456856777029816,0.05664607349137479,0.07456856777029815,0.034187417715904195,0.034221762671736766,0.05664607349137479,0.07456856777029815,0.034187417715904195,0.041390827283404576,0.05664607349137479,0.07456856777029817,0.034187417715904195,0.03453730932710833,0.05664607349137479,2,0.29931829326603576,0.29243043035390703
1_2,4,"(Gen.InverseGamma(), (0.5, 1.0), 2, -3.0:0.25:5.0)",16,true,(down human),0.25,0.25,0.25,0.25,0.25,-11.295715109262702,18,0.07646981281534264,0.05296221108656424,0.07646981281534267,0.05296221108656424,0.07646981281534265,0.05296221108656424,0.07646981281534264,0.03602559752991119,0.03605273065007896,0.05296221108656424,0.07646981281534264,0.03602559752991119,0.04294954736373556,0.05296221108656424,0.07646981281534267,0.03602559752991119,0.03632878598501059,0.05296221108656424,2,0.30841171645984244,0.30176382196094975
1_2,4,"(Gen.InverseGamma(), (0.5, 1.0), 2, -3.0:0.25:5.0)",17,false,(down human),0.25,0.25,0.25,0.25,0.25,-11.926527732662088,18,0.07798809991867711,0.04998080865162439,0.07798809991867714,0.04998080865162439,0.07798809991867713,0.04998080865162439,0.07798809991867711,0.03751493711987889,0.03753897525153549,0.04998080865162439,0.07798809991867711,0.03751493711987889,0.0443056563310828,0.04998080865162439,0.07798809991867714,0.03751493711987889,0.03779710563593595,0.04998080865162439,2,0.3158089313386496,0.30927634251184627
1_2,4,"(Gen.InverseGamma(), (0.5, 1.0), 2, -3.0:0.25:5.0)",18,false,(down human),0.25,0.25,0.25,0.25,0.25,-12.997586193188253,18,0.03575236506657522,0.04798242263947729,0.12299831063102064,0.04798242263947729,0.12299831063102058,0.04798242263947729,0.03575236506657522,0.04164132462069413,0.034141100136096336,0.04798242263947729,0.03575236506657522,0.04164132462069413,0.034647069891542946,0.04798242263947729,0.12299831063102064,0.04164132462069413,0.04214129318062712,0.04798242263947729,2,0.17604526522736497,0.36553160412993774
1_2,4,"(Gen.InverseGamma(), (0.5, 1.0), 2, -3.0:0.25:5.0)",19,true,(right human),0.25,0.25,0.25,0.25,0.25,-13.996431383022845,18,0.032390344707848934,0.0467425864001244,0.1716103561251448,0.0467425864001244,0.03898169812961762,0.0467425864001244,0.03610939016818409,0.0488708528595216,0.03224534307780013,0.0467425864001244,0.032390344707848934,0.03674601163447202,0.032301518240781604,0.0467425864001244,0.1716103561251448,0.03674601163447202,0.049542254188417026,0.0467425864001244,2,0.1654369409024637,0.47774320946641236
1_3,4,"(Gen.InverseGamma(), (0.5, 1.0), 2, -3.0:0.25:5.0)",0,false,(--),0.25,0.25,0.25,0.25,0.25,-4.440892098500626e-16,18,0.05555555555555555,0.05555555555555555,0.05555555555555555,0.05555555555555555,0.05555555555555555,0.05555555555555555,0.05555555555555555,0.05555555555555555,0.05555555555555555,0.05555555555555555,0.05555555555555555,0.05555555555555555,0.05555555555555555,0.05555555555555555,0.05555555555555555,0.05555555555555555,0.05555555555555555,0.05555555555555555,2,0.2777777777777778,0.2777777777777778
1_3,4,"(Gen.InverseGamma(), (0.5, 1.0), 2, -3.0:0.25:5.0)",1,false,(right human),0.25,0.25,0.25,0.25,0.25,-0.8460753668780139,18,0.06215885858090512,0.04234894950485642,0.06215885858090513,0.04234894950485642,0.06215885858090511,0.04234894950485642,0.06215885858090512,0.06215885858090513,0.06215885858090513,0.04234894950485642,0.06215885858090512,0.06215885858090512,0.06215885858090513,0.04234894950485642,0.06215885858090513,0.06215885858090512,0.06215885858090513,0.04234894950485642,2,0.3107942929045256,0.31079429290452565
1_3,4,"(Gen.InverseGamma(), (0.5, 1.0), 2, -3.0:0.25:5.0)",2,false,(right human),0.25,0.25,0.25,0.25,0.25,-1.304739745871145,18,0.06505279771746841,0.036561071231729816,0.06505279771746843,0.036561071231729816,0.06505279771746841,0.036561071231729816,0.06505279771746841,0.06505279771746841,0.06505279771746841,0.036561071231729816,0.06505279771746841,0.06505279771746841,0.06505279771746843,0.036561071231729816,0.06505279771746843,0.06505279771746841,0.06505279771746843,0.036561071231729816,2,0.3252639885873421,0.3252639885873421
1_3,4,"(Gen.InverseGamma(), (0.5, 1.0), 2, -3.0:0.25:5.0)",3,false,(right human),0.25,0.25,0.25,0.25,0.25,-2.593506485397802,18,0.0721265521835664,0.047709019513550145,0.07212655218356641,0.047709019513550145,0.07212655218356638,0.047709019513550145,0.0721265521835664,0.04581775839478729,0.045817758394787286,0.047709019513550145,0.0721265521835664,0.045817758394787286,0.051897777843364315,0.047709019513550145,0.07212655218356641,0.045817758394787286,0.0458177583947873,0.047709019513550145,2,0.3140951927888508,0.30801517334027373
1_3,4,"(Gen.InverseGamma(), (0.5, 1.0), 2, -3.0:0.25:5.0)",4,false,(right human),0.25,0.25,0.25,0.25,0.25,-3.2236404353228636,18,0.07231999496663463,0.054997571781156586,0.07231999496663466,0.054997571781156586,0.07231999496663463,0.054997571781156586,0.07231999496663463,0.03777534836647395,0.03777534836647395,0.054997571781156586,0.07231999496663463,0.03777534836647394,0.04655361092836161,0.054997571781156586,0.07231999496663466,0.03777534836647394,0.03843959511899519,0.054997571781156586,2,0.3012889441947395,0.2925106816328518
1_3,4,"(Gen.InverseGamma(), (0.5, 1.0), 2, -3.0:0.25:5.0)",5,false,(right human),0.25,0.25,0.25,0.25,0.25,-3.74106308517115,18,0.07151458701143165,0.05921121873940108,0.07151458701143168,0.05921121873940108,0.07151458701143168,0.05921121873940108,0.07151458701143165,0.03416840993218841,0.03429792982654572,0.05921121873940108,0.07151458701143165,0.03416840993218841,0.04368107605946486,0.05921121873940108,0.07151458701143168,0.03416840993218841,0.03516092981242775,0.05921121873940108,2,0.29252276692030554,0.28288058089867185
1_3,4,"(Gen.InverseGamma(), (0.5, 1.0), 2, -3.0:0.25:5.0)",6,false,(right human),0.25,0.25,0.25,0.25,0.25,-4.2110796460758495,18,0.07085344073191671,0.06177584577803461,0.07085344073191674,0.06177584577803461,0.07085344073191673,0.06177584577803461,0.07085344073191671,0.032269115664113945,0.03243887916703634,0.06177584577803461,0.07085344073191671,0.032269115664113945,0.04171753291453576,0.06177584577803461,0.07085344073191674,0.032269115664113945,0.03326052186637807,0.06177584577803461,2,0.28671673427732225,0.27709855352397805
1_3,4,"(Gen.InverseGamma(), (0.5, 1.0), 2, -3.0:0.25:5.0)",7,false,(up human),0.25,0.25,0.25,0.25,0.25,-5.642594816010136,18,0.07086003535246155,0.06279161436544158,0.07086003535246159,0.06279161436544158,0.07086003535246158,0.06279161436544158,0.07086003535246155,0.03137278253438606,0.03150064017492982,0.06279161436544158,0.07086003535246155,0.03137278253438606,0.04030675547642126,0.06279161436544158,0.07086003535246159,0.03137278253438606,0.03216435843807187,0.06279161436544158,2,0.2843875017087357,0.27532567112615686
1_3,4,"(Gen.InverseGamma(), (0.5, 1.0), 2, -3.0:0.25:5.0)",8,false,(up human),0.25,0.25,0.25,0.25,0.25,-6.570684675982642,18,0.07033081105654551,0.06420545508999766,0.07033081105654554,0.06420545508999766,0.07033081105654551,0.06420545508999766,0.07033081105654551,0.030554255345034472,0.030658891215475596,0.06420545508999766,0.07033081105654551,0.030554255345034472,0.03920975695296762,0.06420545508999766,0.07033081105654554,0.030554255345034472,0.031250988917194286,0.06420545508999766,2,0.28086108133807974,0.2721009438597055
1_3,4,"(Gen.InverseGamma(), (0.5, 1.0), 2, -3.0:0.25:5.0)",9,false,(pickup human key1),0.25,0.25,0.25,0.25,0.25,-7.236295929380907,18,0.07021917672603356,0.06467504681957283,0.07021917672603359,0.06467504681957283,0.07021917672603356,0.06467504681957283,0.07021917672603356,0.0302565241671788,0.030342960921739888,0.06467504681957283,0.07021917672603356,0.0302565241671788,0.038647919484441726,0.06467504681957283,0.07021917672603359,0.0302565241671788,0.030874205818643512,0.06467504681957283,2,0.27964841058428225,0.2711705785124583
1_3,4,"(Gen.InverseGamma(), (0.5, 1.0), 2, -3.0:0.25:5.0)",10,false,(down human),0.25,0.25,0.25,0.25,0.25,-7.236295929380907,18,0.07021917672603356,0.06467504681957283,0.07021917672603359,0.06467504681957283,0.07021917672603357,0.06467504681957283,0.07021917672603356,0.0302565241671788,0.030342960921739888,0.06467504681957283,0.07021917672603356,0.0302565241671788,0.038647919484441726,0.06467504681957283,0.07021917672603359,0.0302565241671788,0.030874205818643512,0.06467504681957283,2,0.27964841058428225,0.2711705785124583
1_3,4,"(Gen.InverseGamma(), (0.5, 1.0), 2, -3.0:0.25:5.0)",11,false,(down human),0.25,0.25,0.25,0.25,0.25,-7.614586088038335,18,0.07078370224360461,0.06372618713104518,0.07078370224360464,0.06372618713104518,0.07078370224360464,0.06372618713104518,0.07078370224360461,0.030695114053886093,0.030767229633376334,0.06372618713104518,0.07078370224360461,0.030695114053886093,0.038841303543748894,0.06372618713104518,0.07078370224360464,0.030695114053886093,0.031246788413317697,0.06372618713104518,2,0.2819596399079391,0.2737413348385861
1_3,4,"(Gen.InverseGamma(), (0.5, 1.0), 2, -3.0:0.25:5.0)",12,false,(left human),0.25,0.25,0.25,0.25,0.25,-8.559376714466778,18,0.0717301975505855,0.06206542114177443,0.07173019755058554,0.06206542114177443,0.07173019755058553,0.06206542114177443,0.0717301975505855,0.031496156711000284,0.03154964237401012,0.06206542114177443,0.0717301975505855,0.031496156711000284,0.039234729706857395,0.06206542114177443,0.07173019755058554,0.031496156711000284,0.031953445631971895,0.06206542114177443,2,0.28597496473262407,0.2781829060737572
1_3,4,"(Gen.InverseGamma(), (0.5, 1.0), 2, -3.0:0.25:5.0)",13,false,(left human),0.25,0.25,0.25,0.25,0.25,-9.205474601332922,18,0.07252178976929036,0.06058123232464859,0.0725217897692904,0.06058123232464859,0.07252178976929038,0.06058123232464859,0.07252178976929036,0.032229146667526236,0.03227490327323964,0.06058123232464859,0.07252178976929036,0.032229146667526236,0.03977447290894136,0.06058123232464859,0.0725217897692904,0.032229146667526236,0.03264505125160642,0.06058123232464859,2,0.28961474549005206,0.28202366264292367
1_3,4,"(Gen.InverseGamma(), (0.5, 1.0), 2, -3.0:0.25:5.0)",14,false,(left human),0.25,0.25,0.25,0.25,0.25,-9.81019085304011,18,0.07346096287039888,0.058787374400334054,0.07346096287039891,0.058787374400334054,0.0734609628703989,0.058787374400334054,0.07346096287039888,0.03312041749436419,0.03315990185819367,0.058787374400334054,0.07346096287039888,0.03312041749436419,0.04048793324255772,0.058787374400334054,0.07346096287039891,0.03312041749436419,0.033500888791758325,0.058787374400334054,2,0.29403072371194805,0.28662372359992505
1_3,4,"(Gen.InverseGamma(), (0.5, 1.0), 2, -3.0:0.25:5.0)",15,true,(left human),0.25,0.25,0.25,0.25,0.25,-10.383423042621965,18,0.07456856777029815,0.05664607349137479,0.07456856777029817,0.05664607349137479,0.07456856777029816,0.05664607349137479,0.07456856777029815,0.034187417715904195,0.034221762671736766,0.05664607349137479,0.07456856777029815,0.034187417715904195,0.041390827283404576,0.05664607349137479,0.07456856777029817,0.034187417715904195,0.03453730932710833,0.05664607349137479,2,0.29931829326603576,0.2920805387427029
1_3,4,"(Gen.InverseGamma(), (0.5, 1.0), 2, -3.0:0.25:5.0)",16,false,(down human),0.25,0.25,0.25,0.25,0.25,-11.295715109262702,18,0.07646981281534264,0.05296221108656424,0.07646981281534267,0.05296221108656424,0.07646981281534265,0.05296221108656424,0.07646981281534264,0.03602559752991119,0.03605273065007896,0.05296221108656424,0.07646981281534264,0.03602559752991119,0.04294954736373556,0.05296221108656424,0.07646981281534267,0.03602559752991119,0.03632878598501059,0.05296221108656424,2,0.30841171645984244,0.3014606335058504
1_3,4,"(Gen.InverseGamma(), (0.5, 1.0), 2, -3.0:0.25:5.0)",17,false,(down human),0.25,0.25,0.25,0.25,0.25,-11.926527732662088,18,0.07798809991867711,0.04998080865162439,0.07798809991867714,0.04998080865162439,0.07798809991867713,0.04998080865162439,0.07798809991867711,0.03751493711987889,0.03753897525153549,0.04998080865162439,0.07798809991867711,0.03751493711987889,0.0443056563310828,0.04998080865162439,0.07798809991867714,0.03751493711987889,0.03779710563593595,0.04998080865162439,2,0.3158089313386496,0.30899417399578916
1_3,4,"(Gen.InverseGamma(), (0.5, 1.0), 2, -3.0:0.25:5.0)",18,true,(down human),0.25,0.25,0.25,0.25,0.25,-12.997586193188253,18,0.03575236506657522,0.04798242263947729,0.12299831063102064,0.04798242263947729,0.12299831063102058,0.04798242263947729,0.03575236506657522,0.04164132462069413,0.034141100136096336,0.04798242263947729,0.03575236506657522,0.04164132462069413,0.034647069891542946,0.04798242263947729,0.12299831063102064,0.04164132462069413,0.04214129318062712,0.04798242263947729,2,0.17604526522736497,0.36503163557000473
1_3,4,"(Gen.InverseGamma(), (0.5, 1.0), 2, -3.0:0.25:5.0)",19,false,(down human),0.25,0.25,0.25,0.25,0.25,-14.180355976016129,18,0.03282684145756162,0.04800032656647242,0.04171779225481659,0.04800032656647242,0.290497215713435,0.04800032656647242,0.03186945089404565,0.037342204467802585,0.03254305061170005,0.04800032656647242,0.03282684145756162,0.050276830324271556,0.03265299418277273,0.04800032656647242,0.04171779225481659,0.050276830324271556,0.03745019665810988,0.04800032656647242,2,0.1627191786036417,0.4655955100743564
1_3,4,"(Gen.InverseGamma(), (0.5, 1.0), 2, -3.0:0.25:5.0)",20,true,(down human),0.25,0.25,0.25,0.25,0.25,-14.80827971131653,18,0.031053231846405908,0.047350423650766436,0.03402349398648,0.047350423650766436,0.30808134930807796,0.047350423650766436,0.030527686143463028,0.03375221951557916,0.0310228939057028,0.047350423650766436,0.031053231846405908,0.05877913941992722,0.03103628388025647,0.047350423650766436,0.03402349398648,0.05877913941992722,0.03376529483669572,0.047350423650766436,2,0.15469332762223412,0.4907163539808183
2_1,1,"(Gen.InverseGamma(), (0.5, 1.0), 2, -3.0:0.25:5.0)",0,false,(--),0.25,0.25,0.25,0.25,0.25,0.0,8,0.125,0.125,0.125,0.125,0.125,0.125,0.125,0.125,-1.0,-1.0,-1.0,-1.0,-1.0,-1.0,-1.0,-1.0,-1.0,-1.0,2,0.375,0.375
2_1,1,"(Gen.InverseGamma(), (0.5, 1.0), 2, -3.0:0.25:5.0)",1,false,(right human),0.25,0.25,0.25,0.25,0.25,0.0,8,0.125,0.125,0.125,0.125,0.125,0.125,0.125,0.125,-1.0,-1.0,-1.0,-1.0,-1.0,-1.0,-1.0,-1.0,-1.0,-1.0,2,0.375,0.375
2_1,1,"(Gen.InverseGamma(), (0.5, 1.0), 2, -3.0:0.25:5.0)",2,false,(right human),0.25,0.25,0.25,0.25,0.25,-0.27355697970938736,8,0.09558851271565914,0.14264689237060452,0.09558851271565914,0.14264689237060452,0.09558851271565914,0.14264689237060452,0.14264689237060452,0.14264689237060452,-1.0,-1.0,-1.0,-1.0,-1.0,-1.0,-1.0,-1.0,-1.0,-1.0,2,0.42794067711181355,0.42794067711181355
2_1,1,"(Gen.InverseGamma(), (0.5, 1.0), 2, -3.0:0.25:5.0)",3,false,(up human),0.25,0.25,0.25,0.25,0.25,-1.146983706206087,8,0.06221707348895476,0.16266975590662716,0.06221707348895476,0.16266975590662713,0.06221707348895476,0.16266975590662716,0.16266975590662713,0.16266975590662713,-1.0,-1.0,-1.0,-1.0,-1.0,-1.0,-1.0,-1.0,-1.0,-1.0,2,0.4880092677198814,0.4880092677198814
2_1,1,"(Gen.InverseGamma(), (0.5, 1.0), 2, -3.0:0.25:5.0)",4,true,(up human),0.25,0.25,0.25,0.25,0.25,-1.6180466136850569,8,0.04918856727278426,0.17048685963632945,0.04918856727278426,0.17048685963632942,0.04918856727278426,0.17048685963632945,0.17048685963632942,0.17048685963632942,-1.0,-1.0,-1.0,-1.0,-1.0,-1.0,-1.0,-1.0,-1.0,-1.0,2,0.5114605789089883,0.5114605789089883
2_1,1,"(Gen.InverseGamma(), (0.5, 1.0), 2, -3.0:0.25:5.0)",5,false,(up human),0.25,0.25,0.25,0.25,0.25,-2.920548612259158,8,0.0460119348659475,0.36222167319107085,0.04389793270477451,0.04795428516784493,0.04389793270477451,0.3601076710298978,0.04795428516784493,0.04795428516784493,-1.0,-1.0,-1.0,-1.0,-1.0,-1.0,-1.0,-1.0,-1.0,-1.0,2,0.7702836293888137,0.1438628555035348
2_1,1,"(Gen.InverseGamma(), (0.5, 1.0), 2, -3.0:0.25:5.0)",6,false,(up human),0.25,0.25,0.25,0.25,0.25,-3.29242045526278,8,0.03991028257672733,0.3896209193318418,0.038096755638373475,0.035489298140398695,0.038096755638373475,0.38780739239348794,0.035489298140398695,0.035489298140398695,-1.0,-1.0,-1.0,-1.0,-1.0,-1.0,-1.0,-1.0,-1.0,-1.0,2,0.8129176098657284,0.10646789442119609
2_1,1,"(Gen.InverseGamma(), (0.5, 1.0), 2, -3.0:0.25:5.0)",7,false,(left human),0.25,0.25,0.25,0.25,0.25,-3.711959296036675,8,0.03485184954506256,0.4011505247226861,0.03321186246101808,0.03268778772385784,0.03321186246101808,0.3995105376386416,0.03268778772385784,0.03268778772385784,-1.0,-1.0,-1.0,-1.0,-1.0,-1.0,-1.0,-1.0,-1.0,-1.0,2,0.8333488500851856,0.0980633631715735
2_1,1,"(Gen.InverseGamma(), (0.5, 1.0), 2, -3.0:0.25:5.0)",8,false,(left human),0.25,0.25,0.25,0.25,0.25,-3.988649660975449,8,0.03336152323153267,0.4039701967621224,0.03190191872661588,0.032062807143815535,0.03190191872661588,0.40251059225720565,0.032062807143815535,0.032228236008276435,-1.0,-1.0,-1.0,-1.0,-1.0,-1.0,-1.0,-1.0,-1.0,-1.0,2,0.8387090250276046,0.0963538502959075
2_1,1,"(Gen.InverseGamma(), (0.5, 1.0), 2, -3.0:0.25:5.0)",9,true,(up human),0.25,0.25,0.25,0.25,0.25,-4.249851865594797,8,0.03255706898357465,0.4052759053883356,0.031239099150799175,0.03183838783833978,0.031239099150799175,0.4039579355555601,0.03183838783833978,0.032054116094251836,-1.0,-1.0,-1.0,-1.0,-1.0,-1.0,-1.0,-1.0,-1.0,-1.0,2,0.8412879570381475,0.0957308917709314
2_2,1,"(Gen.InverseGamma(), (0.5, 1.0), 2, -3.0:0.25:5.0)",0,false,(--),0.25,0.25,0.25,0.25,0.25,0.0,8,0.125,0.125,0.125,0.125,0.125,0.125,0.125,0.125,-1.0,-1.0,-1.0,-1.0,-1.0,-1.0,-1.0,-1.0,-1.0,-1.0,2,0.375,0.375
2_2,1,"(Gen.InverseGamma(), (0.5, 1.0), 2, -3.0:0.25:5.0)",1,false,(right human),0.25,0.25,0.25,0.25,0.25,0.0,8,0.125,0.125,0.125,0.125,0.125,0.125,0.125,0.125,-1.0,-1.0,-1.0,-1.0,-1.0,-1.0,-1.0,-1.0,-1.0,-1.0,2,0.375,0.375
2_2,1,"(Gen.InverseGamma(), (0.5, 1.0), 2, -3.0:0.25:5.0)",2,false,(right human),0.25,0.25,0.25,0.25,0.25,-0.27355697970938736,8,0.09558851271565914,0.14264689237060452,0.09558851271565914,0.14264689237060452,0.09558851271565914,0.14264689237060452,0.14264689237060452,0.14264689237060452,-1.0,-1.0,-1.0,-1.0,-1.0,-1.0,-1.0,-1.0,-1.0,-1.0,2,0.42794067711181355,0.42794067711181355
2_2,1,"(Gen.InverseGamma(), (0.5, 1.0), 2, -3.0:0.25:5.0)",3,false,(up human),0.25,0.25,0.25,0.25,0.25,-1.146983706206087,8,0.062217073488954756,0.16266975590662713,0.062217073488954756,0.16266975590662713,0.062217073488954756,0.16266975590662713,0.16266975590662713,0.16266975590662713,-1.0,-1.0,-1.0,-1.0,-1.0,-1.0,-1.0,-1.0,-1.0,-1.0,2,0.4880092677198814,0.4880092677198814
2_2,1,"(Gen.InverseGamma(), (0.5, 1.0), 2, -3.0:0.25:5.0)",4,false,(up human),0.25,0.25,0.25,0.25,0.25,-1.6180466136850569,8,0.04918856727278426,0.17048685963632945,0.04918856727278426,0.17048685963632942,0.04918856727278426,0.17048685963632945,0.17048685963632942,0.17048685963632942,-1.0,-1.0,-1.0,-1.0,-1.0,-1.0,-1.0,-1.0,-1.0,-1.0,2,0.5114605789089883,0.5114605789089883
2_2,1,"(Gen.InverseGamma(), (0.5, 1.0), 2, -3.0:0.25:5.0)",5,true,(right human),0.25,0.25,0.25,0.25,0.25,-2.4576306072530203,8,0.04242982607516108,0.04738171749064216,0.04242982607516108,0.25931569559774414,0.04242982607516108,0.04738171749064216,0.25931569559774414,0.25931569559774414,-1.0,-1.0,-1.0,-1.0,-1.0,-1.0,-1.0,-1.0,-1.0,-1.0,2,0.35407913057902846,0.7779470867932324
3_1,3,"(Gen.InverseGamma(), (0.5, 1.0), 2, -3.0:0.25:5.0)",0,false,(--),0.25,0.25,0.25,0.25,0.25,0.0,6,0.16666666666666666,0.16666666666666666,0.16666666666666666,0.16666666666666666,0.16666666666666666,0.16666666666666666,-1.0,-1.0,-1.0,-1.0,-1.0,-1.0,-1.0,-1.0,-1.0,-1.0,-1.0,-1.0,2,0.5,0.16666666666666666
3_1,3,"(Gen.InverseGamma(), (0.5, 1.0), 2, -3.0:0.25:5.0)",1,false,(left human),0.25,0.25,0.25,0.25,0.25,-1.2132123951553275,6,0.13619089506122772,0.13619089506122772,0.13619089506122772,0.1971424382721056,0.1971424382721056,0.1971424382721056,-1.0,-1.0,-1.0,-1.0,-1.0,-1.0,-1.0,-1.0,-1.0,-1.0,-1.0,-1.0,2,0.5304757716054389,0.1971424382721056
3_1,3,"(Gen.InverseGamma(), (0.5, 1.0), 2, -3.0:0.25:5.0)",2,false,(left human),0.25,0.25,0.25,0.25,0.25,-2.68021315086564,6,0.12812367183555595,0.12812367183555595,0.12812367183555595,0.20520966149777733,0.20520966149777733,0.20520966149777733,-1.0,-1.0,-1.0,-1.0,-1.0,-1.0,-1.0,-1.0,-1.0,-1.0,-1.0,-1.0,2,0.5385429948311107,0.20520966149777733
3_1,3,"(Gen.InverseGamma(), (0.5, 1.0), 2, -3.0:0.25:5.0)",3,true,(left human),0.25,0.25,0.25,0.25,0.25,-3.6381474207842213,6,0.12612250295136954,0.12612250295136954,0.12612250295136954,0.20721083038196378,0.20721083038196378,0.20721083038196378,-1.0,-1.0,-1.0,-1.0,-1.0,-1.0,-1.0,-1.0,-1.0,-1.0,-1.0,-1.0,2,0.5405441637152971,0.20721083038196378
3_1,3,"(Gen.InverseGamma(), (0.5, 1.0), 2, -3.0:0.25:5.0)",4,false,(down human),0.25,0.25,0.25,0.25,0.25,-4.959260423740236,6,0.1257438138961937,0.12587552122036108,0.12587552122036108,0.14033705830835402,0.14033705830835402,0.341831027046376,-1.0,-1.0,-1.0,-1.0,-1.0,-1.0,-1.0,-1.0,-1.0,-1.0,-1.0,-1.0,2,0.4064179305129018,0.341831027046376
3_1,3,"(Gen.InverseGamma(), (0.5, 1.0), 2, -3.0:0.25:5.0)",5,true,(down human),0.25,0.25,0.25,0.25,0.25,-5.765564846041975,6,0.12533721806510378,0.12538835629857123,0.12538835629857123,0.12834687937083317,0.12834687937083317,0.3671923105960874,-1.0,-1.0,-1.0,-1.0,-1.0,-1.0,-1.0,-1.0,-1.0,-1.0,-1.0,-1.0,2,0.3820309768067702,0.3671923105960874
4_1,3,"(Gen.InverseGamma(), (0.5, 1.0), 2, -3.0:0.25:5.0)",0,false,(--),0.25,0.25,0.25,0.25,0.25,-4.440892098500626e-16,18,0.05555555555555555,0.05555555555555555,0.05555555555555555,0.05555555555555555,0.05555555555555555,0.05555555555555555,0.05555555555555555,0.05555555555555555,0.05555555555555555,0.05555555555555555,0.05555555555555555,0.05555555555555555,0.05555555555555555,0.05555555555555555,0.05555555555555555,0.05555555555555555,0.05555555555555555,0.05555555555555555,2,0.2777777777777778,0.2777777777777778
4_1,3,"(Gen.InverseGamma(), (0.5, 1.0), 2, -3.0:0.25:5.0)",1,false,(up human),0.25,0.25,0.25,0.25,0.25,-1.2920472720902252,18,0.05885720706823034,0.048952252530205985,0.05885720706823034,0.048952252530205985,0.05885720706823034,0.048952252530205985,0.05885720706823034,0.05885720706823034,0.05885720706823034,0.048952252530205985,0.05885720706823034,0.05885720706823034,0.05885720706823034,0.048952252530205985,0.05885720706823034,0.05885720706823034,0.05885720706823034,0.048952252530205985,2,0.2942860353411517,0.2942860353411517
4_1,3,"(Gen.InverseGamma(), (0.5, 1.0), 2, -3.0:0.25:5.0)",2,false,(up human),0.25,0.25,0.25,0.25,0.25,-2.0426266808431537,18,0.06030417663651199,0.046058313393642684,0.06030417663651198,0.046058313393642684,0.06030417663651199,0.046058313393642684,0.06030417663651199,0.06030417663651198,0.06030417663651199,0.046058313393642684,0.06030417663651199,0.06030417663651199,0.06030417663651199,0.046058313393642684,0.06030417663651199,0.06030417663651199,0.06030417663651198,0.046058313393642684,2,0.30152088318256,0.30152088318256
4_1,3,"(Gen.InverseGamma(), (0.5, 1.0), 2, -3.0:0.25:5.0)",3,false,(up human),0.25,0.25,0.25,0.25,0.25,-2.6683055351027427,18,0.061239188055016595,0.04418829055663348,0.06123918805501659,0.04418829055663348,0.06123918805501659,0.04418829055663348,0.061239188055016595,0.06123918805501659,0.061239188055016595,0.04418829055663348,0.06123918805501659,0.06123918805501659,0.061239188055016595,0.04418829055663348,0.06123918805501659,0.06123918805501659,0.06123918805501659,0.04418829055663348,2,0.306195940275083,0.30619594027508296
4_1,3,"(Gen.InverseGamma(), (0.5, 1.0), 2, -3.0:0.25:5.0)",4,false,(right human),0.25,0.25,0.25,0.25,0.25,-4.081547485123413,18,0.06200158901685935,0.042663488632947985,0.06200158901685934,0.042663488632947985,0.062001589016859336,0.042663488632947985,0.06200158901685935,0.06200158901685934,0.06200158901685935,0.042663488632947985,0.062001589016859336,0.062001589016859336,0.06200158901685935,0.042663488632947985,0.062001589016859336,0.062001589016859336,0.06200158901685934,0.042663488632947985,2,0.31000794508429674,0.31000794508429674
4_1,3,"(Gen.InverseGamma(), (0.5, 1.0), 2, -3.0:0.25:5.0)",5,true,(right human),0.25,0.25,0.25,0.25,0.25,-5.013783409324722,18,0.0622325282239514,0.042201610218763876,0.06223252822395139,0.042201610218763876,0.06223252822395139,0.042201610218763876,0.0622325282239514,0.06223252822395139,0.0622325282239514,0.042201610218763876,0.06223252822395139,0.06223252822395139,0.0622325282239514,0.042201610218763876,0.06223252822395139,0.06223252822395139,0.06223252822395139,0.042201610218763876,2,0.311162641119757,0.31116264111975694
4_1,3,"(Gen.InverseGamma(), (0.5, 1.0), 2, -3.0:0.25:5.0)",6,false,(right human),0.25,0.25,0.25,0.25,0.25,-6.467078362193865,18,0.07666129007596487,0.0422540416575968,0.07666129007596485,0.0422540416575968,0.04307387114332295,0.041149514418806876,0.07666129007596487,0.07666129007596485,0.07666129007596487,0.0422540416575968,0.04307387114332295,0.04307387114332295,0.07555676283717495,0.041149514418806876,0.04307387114332295,0.04307387114332295,0.07555676283717494,0.041149514418806876,2,0.3486145042083926,0.21536935571661478
4_1,3,"(Gen.InverseGamma(), (0.5, 1.0), 2, -3.0:0.25:5.0)",7,false,(right human),0.25,0.25,0.25,0.25,0.25,-7.240219143398264,18,0.0773893558413298,0.0420788259846932,0.07738935584132979,0.0420788259846932,0.04210757700791279,0.04113155961728685,0.0773893558413298,0.07738935584132979,0.0773893558413298,0.0420788259846932,0.04210757700791279,0.04210757700791279,0.07644208947392345,0.04113155961728685,0.04210757700791279,0.04210757700791279,0.07644208947392343,0.04113155961728685,2,0.3507177340058257,0.21053788503956397
4_1,3,"(Gen.InverseGamma(), (0.5, 1.0), 2, -3.0:0.25:5.0)",8,true,(right human),0.25,0.25,0.25,0.25,0.25,-8.68381129223145,18,0.043789779727875976,0.041378729731553654,0.12298202600516633,0.042245195315077345,0.04220851925975795,0.041378729731553654,0.043789779727875976,0.12211556042164265,0.043789779727875976,0.041378729731553654,0.0421891945685808,0.04134205367623427,0.042923314144352284,0.04057727955818727,0.04220851925975795,0.04220851925975795,0.12211556042164265,0.041378729731553654,2,0.21648184789656105,0.21015680602408893
4_2,4,"(Gen.InverseGamma(), (0.5, 1.0), 2, -3.0:0.25:5.0)",0,false,(--),0.25,0.25,0.25,0.25,0.25,-4.440892098500626e-16,18,0.05555555555555555,0.05555555555555555,0.05555555555555555,0.05555555555555555,0.05555555555555555,0.05555555555555555,0.05555555555555555,0.05555555555555555,0.05555555555555555,0.05555555555555555,0.05555555555555555,0.05555555555555555,0.05555555555555555,0.05555555555555555,0.05555555555555555,0.05555555555555555,0.05555555555555555,0.05555555555555555,2,0.2777777777777778,0.2777777777777778
4_2,4,"(Gen.InverseGamma(), (0.5, 1.0), 2, -3.0:0.25:5.0)",1,false,(up human),0.25,0.25,0.25,0.25,0.25,-1.2920472720902252,18,0.048952252530205985,0.05885720706823033,0.048952252530205985,0.05885720706823035,0.048952252530205985,0.05885720706823033,0.048952252530205985,0.05885720706823033,0.05885720706823035,0.05885720706823033,0.048952252530205985,0.05885720706823033,0.05885720706823033,0.05885720706823033,0.048952252530205985,0.05885720706823035,0.05885720706823033,0.05885720706823033,2,0.2942860353411517,0.2942860353411517
4_2,4,"(Gen.InverseGamma(), (0.5, 1.0), 2, -3.0:0.25:5.0)",2,false,(up human),0.25,0.25,0.25,0.25,0.25,-2.0426266808431537,18,0.046058313393642684,0.06030417663651198,0.046058313393642684,0.06030417663651199,0.046058313393642684,0.06030417663651198,0.046058313393642684,0.06030417663651198,0.06030417663651199,0.06030417663651198,0.046058313393642684,0.06030417663651198,0.06030417663651198,0.06030417663651198,0.046058313393642684,0.06030417663651199,0.06030417663651198,0.06030417663651198,2,0.30152088318255993,0.30152088318255993
4_2,4,"(Gen.InverseGamma(), (0.5, 1.0), 2, -3.0:0.25:5.0)",3,false,(up human),0.25,0.25,0.25,0.25,0.25,-2.6683055351027427,18,0.044188290556633474,0.06123918805501659,0.044188290556633474,0.061239188055016595,0.044188290556633474,0.06123918805501659,0.044188290556633474,0.06123918805501659,0.061239188055016595,0.06123918805501659,0.044188290556633474,0.06123918805501659,0.06123918805501659,0.06123918805501659,0.044188290556633474,0.061239188055016595,0.06123918805501659,0.06123918805501659,2,0.30619594027508296,0.306195940275083
4_2,4,"(Gen.InverseGamma(), (0.5, 1.0), 2, -3.0:0.25:5.0)",4,false,(right human),0.25,0.25,0.25,0.25,0.25,-4.081547485123413,18,0.042663488632947985,0.06200158901685933,0.042663488632947985,0.06200158901685934,0.042663488632947985,0.06200158901685934,0.042663488632947985,0.06200158901685933,0.06200158901685934,0.06200158901685933,0.042663488632947985,0.06200158901685933,0.06200158901685934,0.06200158901685934,0.042663488632947985,0.06200158901685934,0.06200158901685934,0.06200158901685934,2,0.3100079450842967,0.31000794508429674
4_2,4,"(Gen.InverseGamma(), (0.5, 1.0), 2, -3.0:0.25:5.0)",5,true,(right human),0.25,0.25,0.25,0.25,0.25,-5.013783409324723,18,0.042201610218763876,0.06223252822395138,0.042201610218763876,0.062232528223951394,0.042201610218763876,0.062232528223951394,0.042201610218763876,0.06223252822395138,0.062232528223951394,0.06223252822395138,0.042201610218763876,0.06223252822395138,0.062232528223951394,0.062232528223951394,0.042201610218763876,0.062232528223951394,0.062232528223951394,0.062232528223951394,2,0.31116264111975694,0.311162641119757
4_2,4,"(Gen.InverseGamma(), (0.5, 1.0), 2, -3.0:0.25:5.0)",6,false,(right human),0.25,0.25,0.25,0.25,0.25,-6.467078362193867,18,0.0422540416575968,0.07666129007596485,0.0422540416575968,0.07666129007596488,0.041149514418806876,0.04307387114332296,0.0422540416575968,0.07666129007596485,0.07666129007596488,0.07666129007596485,0.041149514418806876,0.07555676283717493,0.04307387114332296,0.04307387114332296,0.041149514418806876,0.07555676283717495,0.04307387114332296,0.04307387114332296,2,0.34861450420839246,0.2153693557166148
4_2,4,"(Gen.InverseGamma(), (0.5, 1.0), 2, -3.0:0.25:5.0)",7,false,(right human),0.25,0.25,0.25,0.25,0.25,-7.240219143398264,18,0.0420788259846932,0.07738935584132978,0.0420788259846932,0.07738935584132983,0.04113155961728685,0.042107577007912796,0.0420788259846932,0.07738935584132978,0.07738935584132983,0.07738935584132978,0.04113155961728685,0.07644208947392343,0.042107577007912796,0.042107577007912796,0.04113155961728685,0.07644208947392347,0.042107577007912796,0.042107577007912796,2,0.35071773400582557,0.21053788503956397
4_2,4,"(Gen.InverseGamma(), (0.5, 1.0), 2, -3.0:0.25:5.0)",8,true,(right human),0.25,0.25,0.25,0.25,0.25,-8.68381129223145,18,0.04137872973155365,0.04378977972787597,0.04224519531507734,0.12298202600516633,0.04137872973155365,0.042208519259757944,0.04137872973155365,0.04378977972787597,0.12211556042164265,0.04378977972787597,0.04057727955818726,0.04292331414435228,0.04134205367623425,0.04218919456858079,0.04137872973155365,0.12211556042164265,0.042208519259757944,0.042208519259757944,2,0.216481847896561,0.21015680602408893
5_1,4,"(Gen.InverseGamma(), (0.5, 1.0), 2, -3.0:0.25:5.0)",0,false,(--),0.25,0.25,0.25,0.25,0.25,-4.440892098500626e-16,18,0.05555555555555555,0.05555555555555555,0.05555555555555555,0.05555555555555555,0.05555555555555555,0.05555555555555555,0.05555555555555555,0.05555555555555555,0.05555555555555555,0.05555555555555555,0.05555555555555555,0.05555555555555555,0.05555555555555555,0.05555555555555555,0.05555555555555555,0.05555555555555555,0.05555555555555555,0.05555555555555555,2,0.2777777777777778,0.5
5_1,4,"(Gen.InverseGamma(), (0.5, 1.0), 2, -3.0:0.25:5.0)",1,false,(right human),0.25,0.25,0.25,0.25,0.25,-4.440892098500626e-16,18,0.05555555555555555,0.05555555555555555,0.05555555555555555,0.05555555555555555,0.05555555555555555,0.05555555555555555,0.05555555555555555,0.05555555555555555,0.05555555555555555,0.05555555555555555,0.05555555555555555,0.05555555555555555,0.05555555555555555,0.05555555555555555,0.05555555555555555,0.05555555555555555,0.05555555555555555,0.05555555555555555,2,0.2777777777777778,0.5
5_1,4,"(Gen.InverseGamma(), (0.5, 1.0), 2, -3.0:0.25:5.0)",2,false,(right human),0.25,0.25,0.25,0.25,0.25,-0.22009047679108618,18,0.04645050381310063,0.06010808142678302,0.04645050381310063,0.06010808142678302,0.04645050381310063,0.06010808142678302,0.04645050381310063,0.06010808142678302,0.06010808142678302,0.06010808142678302,0.04645050381310063,0.06010808142678302,0.06010808142678302,0.06010808142678302,0.04645050381310063,0.06010808142678302,0.06010808142678302,0.06010808142678302,2,0.30054040713391506,0.5409727328410472
5_1,4,"(Gen.InverseGamma(), (0.5, 1.0), 2, -3.0:0.25:5.0)",3,true,(right human),0.25,0.25,0.25,0.25,0.25,-1.5341503575332345,18,0.03844633324835097,0.08745203592442856,0.03725460238090476,0.032623280675225075,0.03844633324835097,0.08745203592442856,0.03725460238090476,0.08626030505698234,0.032623280675225075,0.032623280675225075,0.03844633324835097,0.08745203592442856,0.08745203592442856,0.08745203592442856,0.03725460238090476,0.032623280675225075,0.08626030505698234,0.032623280675225075,2,0.16311640337612537,0.6750273510865575
5_1,4,"(Gen.InverseGamma(), (0.5, 1.0), 2, -3.0:0.25:5.0)",4,false,(right human),0.25,0.25,0.25,0.25,0.25,-2.0098888830316586,18,0.03417079182952032,0.09329858881145614,0.033207187715905584,0.029340629582151764,0.03417079182952032,0.09329858881145614,0.033207187715905584,0.0923349846978414,0.029340629582151764,0.029340629582151764,0.03417079182952032,0.09329858881145614,0.09329858881145614,0.09329858881145614,0.033207187715905584,0.029340629582151764,0.0923349846978414,0.029340629582151764,2,0.14670314791075884,0.709844172617267
5_1,4,"(Gen.InverseGamma(), (0.5, 1.0), 2, -3.0:0.25:5.0)",5,false,(right human),0.25,0.25,0.25,0.25,0.25,-3.2038744950435767,18,0.030424605522782908,0.09711152239778527,0.029599283004387092,0.02835966453415694,0.030424605522782908,0.09711152239778527,0.029599283004387092,0.09628619987938945,0.02835966453415694,0.02835966453415694,0.030424605522782908,0.09711152239778527,0.09711152239778527,0.09711152239778527,0.029599283004387092,0.02835966453415694,0.09628619987938945,0.02835966453415694,2,0.14179832267078468,0.734849340816019
5_1,4,"(Gen.InverseGamma(), (0.5, 1.0), 2, -3.0:0.25:5.0)",6,false,(right human),0.25,0.25,0.25,0.25,0.25,-3.951031444265559,18,0.02926340333902832,0.09820199473661034,0.028564758673303586,0.028099768027636262,0.02926340333902832,0.09820199473661034,0.028564758673303586,0.09750335007088562,0.028099768027636262,0.028099768027636262,0.02926340333902832,0.09820199473661034,0.09820199473661034,0.09820199473661034,0.028564758673303586,0.028099768027636262,0.09750335007088562,0.028099768027636262,2,0.1404988401381813,0.7422162098800955
5_1,4,"(Gen.InverseGamma(), (0.5, 1.0), 2, -3.0:0.25:5.0)",7,true,(right human),0.25,0.25,0.25,0.25,0.25,-4.5765385087495485,18,0.02862683909546875,0.09875617086210187,0.028020383116891204,0.027995609857072452,0.02862683909546875,0.09875617086210187,0.028020383116891204,0.09814971488352431,0.027995609857072452,0.027995609857072452,0.02862683909546875,0.09875617086210187,0.09875617086210187,0.09875617086210187,0.028020383116891204,0.027995609857072452,0.09814971488352431,0.027995609857072452,2,0.13997804928536228,0.7460715037917028
5_2,2,"(Gen.InverseGamma(), (0.5, 1.0), 2, -3.0:0.25:5.0)",0,false,(--),0.25,0.25,0.25,0.25,0.25,-4.440892098500626e-16,18,0.05555555555555555,0.05555555555555555,0.05555555555555555,0.05555555555555555,0.05555555555555555,0.05555555555555555,0.05555555555555555,0.05555555555555555,0.05555555555555555,0.05555555555555555,0.05555555555555555,0.05555555555555555,0.05555555555555555,0.05555555555555555,0.05555555555555555,0.05555555555555555,0.05555555555555555,0.05555555555555555,2,0.2777777777777778,0.49999999999999994
5_2,2,"(Gen.InverseGamma(), (0.5, 1.0), 2, -3.0:0.25:5.0)",1,false,(left human),0.25,0.25,0.25,0.25,0.25,-1.056213181556106,18,0.04540948196970026,0.05011420361273421,0.08048118940922272,0.05011420361273421,0.04540948196970026,0.05011420361273421,0.08048118940922272,0.08048118940922272,0.04540948196970026,0.05011420361273421,0.04540948196970026,0.034930710714489964,0.034930710714489964,0.05011420361273421,0.08048118940922272,0.04540948196970026,0.08048118940922272,0.05011420361273421,2,0.40240594704611354,0.45787121009592663
5_2,2,"(Gen.InverseGamma(), (0.5, 1.0), 2, -3.0:0.25:5.0)",2,true,(left human),0.25,0.25,0.25,0.25,0.25,-1.5689420234924587,18,0.04452952217249276,0.04288645462313819,0.09189680484042823,0.04288645462313819,0.04452952217249276,0.04288645462313819,0.09189680484042823,0.09189680484042823,0.04452952217249276,0.04288645462313819,0.04452952217249276,0.03027481859828295,0.03027481859828295,0.04288645462313819,0.09189680484042823,0.04452952217249276,0.09189680484042823,0.04288645462313819,2,0.4594840242021411,0.46699085773988613
5_2,2,"(Gen.InverseGamma(), (0.5, 1.0), 2, -3.0:0.25:5.0)",3,false,(left human),0.25,0.25,0.25,0.25,0.25,-3.0135690118021543,18,0.06670148406905227,0.06115544103299174,0.07480457106105354,0.043429511527400405,0.06670148406905227,0.06115544103299174,0.07480457106105354,0.07480457106105354,0.0200338813709544,0.043429511527400405,0.06670148406905227,0.03602503603224515,0.03602503603224515,0.06115544103299174,0.07480457106105354,0.0200338813709544,0.07480457106105354,0.043429511527400405,2,0.3740228553052677,0.461831429135663
5_2,2,"(Gen.InverseGamma(), (0.5, 1.0), 2, -3.0:0.25:5.0)",4,false,(left human),0.25,0.25,0.25,0.25,0.25,-3.567575445402253,18,0.06900009744591896,0.06632127720149528,0.068869434209222,0.04762140797274307,0.06900009744591896,0.06632127720149528,0.068869434209222,0.068869434209222,0.01767683974920551,0.04762140797274307,0.06900009744591896,0.03573540079750355,0.03573540079750355,0.06632127720149528,0.068869434209222,0.01767683974920551,0.068869434209222,0.04762140797274307,2,0.34434717104610996,0.451563641849619
5_2,2,"(Gen.InverseGamma(), (0.5, 1.0), 2, -3.0:0.25:5.0)",5,false,(up human),0.25,0.25,0.25,0.25,0.25,-4.052041410407959,18,0.06991918931687433,0.06860174557941674,0.06619716138374412,0.04973309662922159,0.06991918931687433,0.06860174557941674,0.06619716138374412,0.06619716138374412,0.016861056235523204,0.04973309662922159,0.06991918931687433,0.03526499301684748,0.03526499301684748,0.06860174557941674,0.06619716138374412,0.016861056235523204,0.06619716138374412,0.04973309662922159,2,0.33098580691872065,0.44640398922285257
5_2,2,"(Gen.InverseGamma(), (0.5, 1.0), 2, -3.0:0.25:5.0)",6,false,(pickup human key1),0.25,0.25,0.25,0.25,0.25,-4.466987724989406,18,0.070544891069179,0.06897491600875312,0.0656413198458691,0.05003470613756979,0.070544891069179,0.06897491600875312,0.0656413198458691,0.0656413198458691,0.01650795001301541,0.05003470613756979,0.070544891069179,0.035056980549058966,0.035056980549058966,0.06897491600875312,0.0656413198458691,0.01650795001301541,0.0656413198458691,0.05003470613756979,2,0.32820659922934553,0.446047174023424
5_2,2,"(Gen.InverseGamma(), (0.5, 1.0), 2, -3.0:0.25:5.0)",7,false,(down human),0.25,0.25,0.25,0.25,0.25,-4.466987724989407,18,0.07054489106917901,0.06897491600875312,0.06564131984586911,0.05003470613756979,0.07054489106917901,0.06897491600875312,0.06564131984586911,0.06564131984586911,0.016507950013015412,0.05003470613756979,0.07054489106917901,0.035056980549058966,0.035056980549058966,0.06897491600875312,0.06564131984586911,0.016507950013015412,0.06564131984586911,0.05003470613756979,2,0.32820659922934553,0.446047174023424
5_2,2,"(Gen.InverseGamma(), (0.5, 1.0), 2, -3.0:0.25:5.0)",8,false,(right human),0.25,0.25,0.25,0.25,0.25,-4.782532208714891,18,0.07134811190760092,0.0671712239968877,0.0671798451179008,0.04817805283625318,0.07134811190760092,0.0671712239968877,0.0671798451179008,0.0671798451179008,0.016670965238803206,0.04817805283625318,0.07134811190760092,0.035333338855332116,0.035333338855332116,0.0671712239968877,0.0671798451179008,0.016670965238803206,0.0671798451179008,0.04817805283625318,2,0.335899225589504,0.45241263414687505
5_2,2,"(Gen.InverseGamma(), (0.5, 1.0), 2, -3.0:0.25:5.0)",9,true,(right human),0.25,0.25,0.25,0.25,0.25,-5.0879996460243335,18,0.07201697605665519,0.06515731846734246,0.06899383711365356,0.04612433316007247,0.07201697605665519,0.06515731846734246,0.06899383711365356,0.06899383711365356,0.016908225115773296,0.04612433316007247,0.07201697605665519,0.03565924057398756,0.03565924057398756,0.06515731846734246,0.06899383711365356,0.016908225115773296,0.06899383711365356,0.04612433316007247,2,0.34496918556826783,0.4591735337767945
5_2,2,"(Gen.InverseGamma(), (0.5, 1.0), 2, -3.0:0.25:5.0)",10,false,(right human),0.25,0.25,0.25,0.25,0.25,-6.001943386081017,18,0.1166910425981589,0.06627985339386235,0.040049763162472614,0.047177862346672164,0.1166910425981589,0.06627985339386235,0.040049763162472614,0.040049763162472614,0.017980992055618473,0.047177862346672164,0.1166910425981589,0.036671462530159855,0.036671462530159855,0.06627985339386235,0.040049763162472614,0.017980992055618473,0.040049763162472614,0.047177862346672164,2,0.20024881581236306,0.5394775632909786
5_2,2,"(Gen.InverseGamma(), (0.5, 1.0), 2, -3.0:0.25:5.0)",11,false,(right human),0.25,0.25,0.25,0.25,0.25,-6.313530386860039,18,0.12008739577396088,0.06645303437042682,0.03707915524533623,0.04733401398044577,0.12008739577396088,0.06645303437042682,0.03707915524533623,0.03707915524533623,0.018870664543309327,0.04733401398044577,0.12008739577396088,0.03761978115609989,0.03761978115609989,0.06645303437042682,0.03707915524533623,0.018870664543309327,0.03707915524533623,0.04733401398044577,2,0.18539577622668119,0.5474013892113736
5_2,2,"(Gen.InverseGamma(), (0.5, 1.0), 2, -3.0:0.25:5.0)",12,false,(right human),0.25,0.25,0.25,0.25,0.25,-7.875546438470559,18,0.12212037416935022,0.06501504996421166,0.03589926785049694,0.04637479843220939,0.12212037416935022,0.06501504996421166,0.03589926785049694,0.03589926785049694,0.02082206206140297,0.04637479843220939,0.12212037416935022,0.03916443446369773,0.03916443446369773,0.06501504996421166,0.03589926785049694,0.02082206206140297,0.03589926785049694,0.04637479843220939,2,0.1794963392524847,0.5581326512592459
5_2,2,"(Gen.InverseGamma(), (0.5, 1.0), 2, -3.0:0.25:5.0)",13,true,(right human),0.25,0.25,0.25,0.25,0.25,-8.910252120706087,18,0.12362225413722316,0.06353346812055782,0.03487229832638967,0.045694247987031214,0.12362225413722316,0.06353346812055782,0.03487229832638967,0.03487229832638967,0.022985931435713397,0.045694247987031214,0.12362225413722316,0.040558367381094106,0.040558367381094106,0.06353346812055782,0.03487229832638967,0.022985931435713397,0.03487229832638967,0.045694247987031214,2,0.17436149163194836,0.5676999566980638
6_1,2,"(Gen.InverseGamma(), (0.5, 1.0), 2, -3.0:0.25:5.0)",0,false,(--),0.25,0.25,0.25,0.25,0.25,-4.440892098500626e-16,18,0.05555555555555555,0.05555555555555555,0.05555555555555555,0.05555555555555555,0.05555555555555555,0.05555555555555555,0.05555555555555555,0.05555555555555555,0.05555555555555555,0.05555555555555555,0.05555555555555555,0.05555555555555555,0.05555555555555555,0.05555555555555555,0.05555555555555555,0.05555555555555555,0.05555555555555555,0.05555555555555555,2,0.49999999999999994,0.2777777777777778
6_1,2,"(Gen.InverseGamma(), (0.5, 1.0), 2, -3.0:0.25:5.0)",1,false,(right human),0.25,0.25,0.25,0.25,0.25,-4.440892098500626e-16,18,0.05555555555555555,0.05555555555555555,0.05555555555555555,0.05555555555555555,0.05555555555555555,0.05555555555555555,0.05555555555555555,0.05555555555555555,0.05555555555555555,0.05555555555555555,0.05555555555555555,0.05555555555555555,0.05555555555555555,0.05555555555555555,0.05555555555555555,0.05555555555555555,0.05555555555555555,0.05555555555555555,2,0.49999999999999994,0.2777777777777778
6_1,2,"(Gen.InverseGamma(), (0.5, 1.0), 2, -3.0:0.25:5.0)",2,true,(right human),0.25,0.25,0.25,0.25,0.25,-0.18214831595563108,18,0.05100302968432809,0.057831818491169286,0.05100302968432809,0.057831818491169286,0.05100302968432809,0.057831818491169286,0.05100302968432809,0.057831818491169286,0.057831818491169286,0.057831818491169286,0.05100302968432809,0.057831818491169286,0.057831818491169286,0.057831818491169286,0.05100302968432809,0.057831818491169286,0.057831818491169286,0.057831818491169286,2,0.5204863664205235,0.2891590924558464
6_1,2,"(Gen.InverseGamma(), (0.5, 1.0), 2, -3.0:0.25:5.0)",3,false,(up human),0.25,0.25,0.25,0.25,0.25,-1.2072314592572613,18,0.048231278238033644,0.06952592339102522,0.048231278238033644,0.06952592339102522,0.048231278238033644,0.04478617336692432,0.048231278238033644,0.06952592339102522,0.06952592339102522,0.06952592339102522,0.048231278238033644,0.06952592339102522,0.04478617336692432,0.04478617336692432,0.048231278238033644,0.06952592339102522,0.04478617336692432,0.04478617336692432,2,0.5762538104710252,0.22393086683462163
6_1,2,"(Gen.InverseGamma(), (0.5, 1.0), 2, -3.0:0.25:5.0)",4,false,(up human),0.25,0.25,0.25,0.25,0.25,-1.4786486707413293,18,0.04565332856064766,0.07261062523976286,0.04565332856064766,0.07261062523976286,0.04565332856064766,0.04356113039155479,0.04565332856064766,0.07261062523976286,0.07261062523976286,0.07261062523976286,0.04565332856064766,0.07261062523976286,0.04356113039155479,0.04356113039155479,0.04565332856064766,0.07261062523976286,0.04356113039155479,0.04356113039155479,2,0.5953966374614496,0.217805651957774
6_1,2,"(Gen.InverseGamma(), (0.5, 1.0), 2, -3.0:0.25:5.0)",5,false,(up human),0.25,0.25,0.25,0.25,0.25,-3.4427618496867987,18,0.042986857398674826,0.0759805609092136,0.042986857398674826,0.0759805609092136,0.042986857398674826,0.042042985848691164,0.042986857398674826,0.0759805609092136,0.0759805609092136,0.0759805609092136,0.042986857398674826,0.0759805609092136,0.042042985848691164,0.042042985848691164,0.042986857398674826,0.0759805609092136,0.042042985848691164,0.042042985848691164,2,0.6159498980618775,0.21021492924345586
6_1,2,"(Gen.InverseGamma(), (0.5, 1.0), 2, -3.0:0.25:5.0)",6,true,(up human),0.25,0.25,0.25,0.25,0.25,-4.615652380783651,18,0.04237839299155991,0.07668748778642454,0.04237839299155991,0.07668748778642454,0.04237839299155991,0.04178344550913375,0.04237839299155991,0.07668748778642454,0.07668748778642454,0.07668748778642454,0.04237839299155991,0.07668748778642454,0.04178344550913375,0.04178344550913375,0.04237839299155991,0.07668748778642454,0.04178344550913375,0.04178344550913375,2,0.6203793055232393,0.2089172275456688
6_2,3,"(Gen.InverseGamma(), (0.5, 1.0), 2, -3.0:0.25:5.0)",0,false,(--),0.25,0.25,0.25,0.25,0.25,-4.440892098500626e-16,18,0.05555555555555555,0.05555555555555555,0.05555555555555555,0.05555555555555555,0.05555555555555555,0.05555555555555555,0.05555555555555555,0.05555555555555555,0.05555555555555555,0.05555555555555555,0.05555555555555555,0.05555555555555555,0.05555555555555555,0.05555555555555555,0.05555555555555555,0.05555555555555555,0.05555555555555555,0.05555555555555555,2,0.2777777777777778,0.2777777777777778
6_2,3,"(Gen.InverseGamma(), (0.5, 1.0), 2, -3.0:0.25:5.0)",1,false,(up human),0.25,0.25,0.25,0.25,0.25,-1.1621640680977374,18,0.060914169458596755,0.06701829621875921,0.05180611551871054,0.039288922924154084,0.05180611551871054,0.03928892292415408,0.060914169458596755,0.07260314548966437,0.053981826134945475,0.06701829621875921,0.060914169458596755,0.07260314548966437,0.053981826134945475,0.06701829621875921,0.05180611551871054,0.04487377219505926,0.04487377219505925,0.039288922924154084,2,0.2907061606456812,0.2820033181807415
6_2,3,"(Gen.InverseGamma(), (0.5, 1.0), 2, -3.0:0.25:5.0)",2,false,(up human),0.25,0.25,0.25,0.25,0.25,-1.6603317222715672,18,0.05973549020280471,0.07167825477582909,0.04938013952299508,0.03372418094058735,0.04938013952299508,0.03372418094058735,0.05973549020280471,0.08125856627578318,0.053659843120351054,0.07167825477582909,0.05973549020280471,0.08125856627578318,0.053659843120351054,0.07167825477582909,0.04938013952299508,0.04330449244054142,0.04330449244054142,0.03372418094058735,2,0.28652615684911625,0.2830588279651195
6_2,3,"(Gen.InverseGamma(), (0.5, 1.0), 2, -3.0:0.25:5.0)",3,false,(right human),0.25,0.25,0.25,0.25,0.25,-2.9871003125487903,18,0.0663699446828098,0.049396906281486165,0.07241018896421422,0.03335101494431403,0.07241018896421421,0.03335101494431403,0.0663699446828098,0.06861331488217079,0.04652717926359424,0.049396906281486165,0.0663699446828098,0.06861331488217078,0.04652717926359424,0.049396906281486165,0.07241018896421422,0.05256742354499864,0.052567423544998645,0.03335101494431403,2,0.2921641925756179,0.33237106103840763
6_2,3,"(Gen.InverseGamma(), (0.5, 1.0), 2, -3.0:0.25:5.0)",4,true,(pickup human key2),0.25,0.25,0.25,0.25,0.25,-3.4579449991032423,18,0.07071532079985188,0.043627273190080515,0.07703444774164583,0.03219537352043114,0.07703444774164583,0.03219537352043114,0.07071532079985188,0.06460810113435955,0.046857074522916216,0.043627273190080515,0.07071532079985188,0.06460810113435952,0.046857074522916216,0.043627273190080515,0.07703444774164583,0.053176201464710166,0.05317620146471017,0.03219537352043114,2,0.3058601114453881,0.3425685188822133
6_2,3,"(Gen.InverseGamma(), (0.5, 1.0), 2, -3.0:0.25:5.0)",5,false,(left human),0.25,0.25,0.25,0.25,0.25,-3.4579449991032427,18,0.07071532079985188,0.043627273190080515,0.07703444774164583,0.03219537352043114,0.07703444774164583,0.03219537352043114,0.07071532079985188,0.06460810113435955,0.04685707452291621,0.043627273190080515,0.07071532079985188,0.06460810113435954,0.04685707452291621,0.043627273190080515,0.07703444774164583,0.05317620146471017,0.05317620146471018,0.03219537352043114,2,0.30586011144538805,0.3425685188822133
6_2,3,"(Gen.InverseGamma(), (0.5, 1.0), 2, -3.0:0.25:5.0)",6,false,(down human),0.25,0.25,0.25,0.25,0.25,-4.308759748513734,18,0.05810419100132816,0.036481679252502966,0.09247251210769683,0.03316343952595914,0.0924725121076968,0.03316343952595914,0.05810419100132816,0.07022402257607524,0.03253746174316273,0.036481679252502966,0.05810419100132816,0.07022402257607521,0.03253746174316273,0.036481679252502966,0.09247251210769683,0.06690578284953139,0.06690578284953141,0.03316343952595914,2,0.23938749649030994,0.38017902064232856
6_2,3,"(Gen.InverseGamma(), (0.5, 1.0), 2, -3.0:0.25:5.0)",7,false,(down human),0.25,0.25,0.25,0.25,0.25,-4.616076500058128,18,0.057908648479748775,0.033199275938222673,0.09399001368673851,0.03442184417835974,0.09399001368673848,0.03442184417835974,0.057908648479748775,0.06811885176737037,0.033260054800517705,0.033199275938222673,0.057908648479748775,0.06811885176737034,0.033260054800517705,0.033199275938222673,0.09399001368673851,0.0693414200075074,0.06934142000750743,0.03442184417835974,2,0.24024605504028174,0.38334894762810356
6_2,3,"(Gen.InverseGamma(), (0.5, 1.0), 2, -3.0:0.25:5.0)",8,true,(down human),0.25,0.25,0.25,0.25,0.25,-6.2899965185991915,18,0.05462879463279674,0.0317669824795212,0.0917533542373429,0.03760250897700441,0.09175335423734288,0.03760250897700441,0.05462879463279674,0.0672753487065273,0.03598631559946435,0.0317669824795212,0.05462879463279674,0.0672753487065273,0.03598631559946435,0.0317669824795212,0.0917533542373429,0.0731108752040105,0.0731108752040105,0.03760250897700441,2,0.2358590150973189,0.37852172701802034
6_2,3,"(Gen.InverseGamma(), (0.5, 1.0), 2, -3.0:0.25:5.0)",9,false,(down human),0.25,0.25,0.25,0.25,0.25,-7.284179683296809,18,0.05231201165433547,0.030518487278219954,0.08949653006880084,0.040251159068852654,0.08949653006880084,0.040251159068852654,0.052319908298735014,0.0661310806502323,0.038679234026399625,0.03142789218819977,0.05231201165433547,0.0661310806502323,0.038679234026399625,0.030518487278219954,0.08949653006880084,0.07586375244086499,0.07586375244086499,0.040251159068852654,2,0.23430239966020522,0.37330780152743404
6_2,3,"(Gen.InverseGamma(), (0.5, 1.0), 2, -3.0:0.25:5.0)",10,false,(right human),0.25,0.25,0.25,0.25,0.25,-8.587260689817054,18,0.05177874806720745,0.030009232369232,0.05525198905018561,0.0357430123433318,0.133664366203022,0.04826560624240876,0.05178228404473378,0.032039850118849286,0.03430038910997092,0.030624099102556472,0.05177874806720745,0.11045222727168569,0.046822983009047886,0.030009232369232,0.05525198905018561,0.11618600724578548,0.050296223992026046,0.0357430123433318,2,0.2364631522981675,0.24462233625598032
6_2,3,"(Gen.InverseGamma(), (0.5, 1.0), 2, -3.0:0.25:5.0)",11,false,(right human),0.25,0.25,0.25,0.25,0.25,-9.374392079772687,18,0.05042846770425033,0.0294616485108565,0.05186986922647112,0.0325764540883524,0.13468859294591437,0.05615313091421907,0.05042948023659073,0.029641657306571534,0.03131506136184664,0.029838752647824093,0.05042846770425033,0.11246038102601477,0.05489173818771331,0.0294616485108565,0.05186986922647112,0.11557518660351068,0.0563331397099341,0.0325764540883524,2,0.23749321519465133,0.24014401570603863
6_2,3,"(Gen.InverseGamma(), (0.5, 1.0), 2, -3.0:0.25:5.0)",12,false,(right human),0.25,0.25,0.25,0.25,0.25,-10.07955720610831,18,0.0475744656960966,0.029015257076398872,0.04869561230843102,0.030739331648869106,0.13193121267681923,0.06511175793387841,0.047574778323934974,0.02903661115181147,0.02963953911194729,0.029243192322900062,0.0475744656960966,0.1122722115201997,0.0640119653969566,0.029015257076398872,0.04869561230843102,0.11399628609266993,0.065133112009291,0.030739331648869106,2,0.23637521422503208,0.2391357261018995
6_2,3,"(Gen.InverseGamma(), (0.5, 1.0), 2, -3.0:0.25:5.0)",13,false,(right human),0.25,0.25,0.25,0.25,0.25,-10.728597114422044,18,0.04389606938491322,0.02866982929337037,0.04486230099462117,0.02962308633811118,0.1281680263448802,0.0745851150072794,0.04389617311885935,0.02867125628468738,0.02865828171972024,0.028804502800422953,0.04389606938491322,0.1119769816349464,0.07362031038888847,0.02866982929337037,0.04486230099462117,0.11293023867968724,0.0745865419985964,0.02962308633811118,2,0.2339669039972945,0.2368785733913855
6_2,3,"(Gen.InverseGamma(), (0.5, 1.0), 2, -3.0:0.25:5.0)",14,true,(right human),0.25,0.25,0.25,0.25,0.25,-11.33369647919304,18,0.040024879743765236,0.02841424058234958,0.040878072152642414,0.028933368175486765,0.1242013991360966,0.0837171835504176,0.04002491612496781,0.02841325094226422,0.028079186126524228,0.02849146395488028,0.040024879743765236,0.1117365779257184,0.08286300150145506,0.02841424058234958,0.040878072152642414,0.11225570551885558,0.08371619391033225,0.028933368175486765,2,0.23101686324047757,0.2339105052828491
7_1,2,"(Gen.InverseGamma(), (0.5, 1.0), 2, -3.0:0.25:5.0)",0,false,(--),0.25,0.25,0.25,0.25,0.25,-4.440892098500626e-16,18,0.05555555555555555,0.05555555555555555,0.05555555555555555,0.05555555555555555,0.05555555555555555,0.05555555555555555,0.05555555555555555,0.05555555555555555,0.05555555555555555,0.05555555555555555,0.05555555555555555,0.05555555555555555,0.05555555555555555,0.05555555555555555,0.05555555555555555,0.05555555555555555,0.05555555555555555,0.05555555555555555,2,0.2777777777777778,0.2777777777777778
7_1,2,"(Gen.InverseGamma(), (0.5, 1.0), 2, -3.0:0.25:5.0)",1,false,(down human),0.25,0.25,0.25,0.25,0.25,-0.26190763738805045,18,0.05451165938401568,0.04511659384015675,0.05451165938401568,0.06390672492787458,0.05451165938401568,0.06390672492787458,0.05451165938401568,0.04511659384015675,0.06390672492787458,0.04511659384015675,0.05451165938401568,0.04511659384015675,0.06390672492787458,0.04511659384015675,0.05451165938401568,0.06390672492787458,0.06390672492787458,0.06390672492787458,2,0.2725582969200784,0.30074349355165514
7_1,2,"(Gen.InverseGamma(), (0.5, 1.0), 2, -3.0:0.25:5.0)",2,false,(down human),0.25,0.25,0.25,0.25,0.25,-0.43228114049091665,18,0.05052380675338659,0.042955451968465806,0.05052380675338659,0.06886855709105019,0.05052380675338659,0.0688685570910502,0.05052380675338659,0.042955451968465806,0.06886855709105019,0.042955451968465806,0.05052380675338659,0.042955451968465806,0.0688685570910502,0.042955451968465806,0.05052380675338659,0.06886855709105019,0.0688685570910502,0.06886855709105019,2,0.26339542931967574,0.3184296803326666
7_1,2,"(Gen.InverseGamma(), (0.5, 1.0), 2, -3.0:0.25:5.0)",3,true,(right human),0.25,0.25,0.25,0.25,0.25,-1.235558445133748,18,0.04576964849475577,0.04210150168952985,0.04576964849475577,0.07351348565732192,0.04576964849475577,0.07351348565732194,0.04576964849475577,0.04210150168952985,0.07351348565732192,0.042381702672092486,0.04576964849475577,0.04210150168952985,0.07351348565732194,0.04210150168952985,0.04576964849475577,0.07351348565732192,0.07351348565732194,0.07351348565732192,2,0.25292393283111914,0.3361554443188176
7_1,2,"(Gen.InverseGamma(), (0.5, 1.0), 2, -3.0:0.25:5.0)",4,false,(right human),0.25,0.25,0.25,0.25,0.25,-1.689500340186862,18,0.04399806423513181,0.041842599361913854,0.04399806423513181,0.07520311720303026,0.04399806423513181,0.07520311720303027,0.04399806423513181,0.041842599361913854,0.07520311720303026,0.04221939672034187,0.04399806423513181,0.041842599361913854,0.07520311720303027,0.041842599361913854,0.04399806423513181,0.07520311720303026,0.07520311720303027,0.07520311720303026,2,0.24903990927033956,0.3426550681740349
7_1,2,"(Gen.InverseGamma(), (0.5, 1.0), 2, -3.0:0.25:5.0)",5,false,(right human),0.25,0.25,0.25,0.25,0.25,-2.3602460653242368,18,0.043935560987990126,0.04214701142610311,0.04262932533041667,0.046517474641799304,0.043935560987990126,0.11530748950225173,0.04262932533041667,0.04084077576852966,0.046517474641799304,0.04233739958156165,0.043935560987990126,0.04214701142610311,0.11530748950225173,0.04214701142610311,0.04262932533041667,0.046517474641799304,0.1140012538446783,0.046517474641799304,2,0.21916493337429935,0.4332807189170841
7_1,2,"(Gen.InverseGamma(), (0.5, 1.0), 2, -3.0:0.25:5.0)",6,true,(right human),0.25,0.25,0.25,0.25,0.25,-2.703125372985821,18,0.04307511164980924,0.04203313643719269,0.04194597794396819,0.04284200421232101,0.04307511164980924,0.12186515747179563,0.04194597794396819,0.04090400273135164,0.04284200421232101,0.042098963616908076,0.04307511164980924,0.04203313643719269,0.12186515747179563,0.04203313643719269,0.04194597794396819,0.04284200421232101,0.12073602376595458,0.04284200421232101,2,0.21297134189310038,0.44934147935905955
7_2,3,"(Gen.InverseGamma(), (0.5, 1.0), 2, -3.0:0.25:5.0)",0,false,(--),0.25,0.25,0.25,0.25,0.25,0.0,8,0.125,0.125,0.125,0.125,0.125,0.125,0.125,0.125,-1.0,-1.0,-1.0,-1.0,-1.0,-1.0,-1.0,-1.0,-1.0,-1.0,2,0.375,0.375
7_2,3,"(Gen.InverseGamma(), (0.5, 1.0), 2, -3.0:0.25:5.0)",1,false,(right human),0.25,0.25,0.25,0.25,0.25,0.0,8,0.125,0.125,0.125,0.125,0.125,0.125,0.125,0.125,-1.0,-1.0,-1.0,-1.0,-1.0,-1.0,-1.0,-1.0,-1.0,-1.0,2,0.375,0.375
7_2,3,"(Gen.InverseGamma(), (0.5, 1.0), 2, -3.0:0.25:5.0)",2,true,(right human),0.25,0.25,0.25,0.25,0.25,-1.336659065034932,8,0.13998497951045827,0.10002503414923622,0.13998497951045827,0.10002503414923622,0.13998497951045827,0.13998497951045827,0.13998497951045827,0.10002503414923622,-1.0,-1.0,-1.0,-1.0,-1.0,-1.0,-1.0,-1.0,-1.0,-1.0,2,0.41995493853137483,0.41995493853137483
7_2,3,"(Gen.InverseGamma(), (0.5, 1.0), 2, -3.0:0.25:5.0)",3,false,(right human),0.25,0.25,0.25,0.25,0.25,-2.3989959368641225,8,0.10237203912644585,0.09654690906993246,0.1812495540206442,0.09654690906993246,0.1431160864960226,0.1812495540206442,0.10237203912644585,0.09654690906993246,-1.0,-1.0,-1.0,-1.0,-1.0,-1.0,-1.0,-1.0,-1.0,-1.0,2,0.3478601647489143,0.505615194537311
7_2,3,"(Gen.InverseGamma(), (0.5, 1.0), 2, -3.0:0.25:5.0)",4,false,(right human),0.25,0.25,0.25,0.25,0.25,-3.042115075592829,8,0.09601097699347613,0.09477330256174078,0.18863315492491267,0.09477330256174078,0.14639182847800003,0.18863315492491267,0.09601097699347613,0.09477330256174078,-1.0,-1.0,-1.0,-1.0,-1.0,-1.0,-1.0,-1.0,-1.0,-1.0,2,0.33841378246495235,0.5236581383278254
7_2,3,"(Gen.InverseGamma(), (0.5, 1.0), 2, -3.0:0.25:5.0)",5,false,(right human),0.25,0.25,0.25,0.25,0.25,-4.480485574986675,8,0.09432979577664875,0.09405261230428011,0.1912504564328718,0.09405261230428011,0.14668165866811847,0.1912504564328718,0.09432979577664875,0.09405261230428011,-1.0,-1.0,-1.0,-1.0,-1.0,-1.0,-1.0,-1.0,-1.0,-1.0,2,0.33534125022141603,0.5291825715338621
7_2,3,"(Gen.InverseGamma(), (0.5, 1.0), 2, -3.0:0.25:5.0)",6,true,(right human),0.25,0.25,0.25,0.25,0.25,-5.432716170141546,8,0.09395290552377558,0.09386879294092865,0.19195805915580616,0.09386879294092865,0.1465716918180506,0.19195805915580616,0.09395290552377558,0.09386879294092865,-1.0,-1.0,-1.0,-1.0,-1.0,-1.0,-1.0,-1.0,-1.0,-1.0,2,0.33447750286560174,0.5304878101296628
8_1,4,"(Gen.InverseGamma(), (0.5, 1.0), 2, -3.0:0.25:5.0)",0,false,(--),0.25,0.25,0.25,0.25,0.25,-4.440892098500626e-16,18,0.05555555555555555,0.05555555555555555,0.05555555555555555,0.05555555555555555,0.05555555555555555,0.05555555555555555,0.05555555555555555,0.05555555555555555,0.05555555555555555,0.05555555555555555,0.05555555555555555,0.05555555555555555,0.05555555555555555,0.05555555555555555,0.05555555555555555,0.05555555555555555,0.05555555555555555,0.05555555555555555,2,0.5,0.5
8_1,4,"(Gen.InverseGamma(), (0.5, 1.0), 2, -3.0:0.25:5.0)",1,false,(right human),0.25,0.25,0.25,0.25,0.25,-0.29376537870541997,18,0.06525957664591822,0.04992672179040819,0.06525957664591822,0.06525957664591822,0.06525957664591822,0.06525957664591822,0.06525957664591822,0.033592037565578554,0.04892489242108859,0.04992672179040819,0.06525957664591822,0.033592037565578554,0.04892489242108859,0.04992672179040819,0.06525957664591822,0.04892489242108859,0.04892489242108859,0.06525957664591822,2,0.4913317432029254,0.4913317432029254
8_1,4,"(Gen.InverseGamma(), (0.5, 1.0), 2, -3.0:0.25:5.0)",2,false,(right human),0.25,0.25,0.25,0.25,0.25,-0.43658581694619725,18,0.06701561346263576,0.049023825110710885,0.06701561346263576,0.06701561346263578,0.06701561346263576,0.06701561346263578,0.06701561346263576,0.02963680834940765,0.047628596701332536,0.049023825110710885,0.06701561346263576,0.02963680834940765,0.047628596701332536,0.049023825110710885,0.06701561346263576,0.047628596701332536,0.047628596701332536,0.06701561346263578,2,0.48960887741465925,0.48960887741465925
8_1,4,"(Gen.InverseGamma(), (0.5, 1.0), 2, -3.0:0.25:5.0)",3,false,(right human),0.25,0.25,0.25,0.25,0.25,-1.3460275683570226,18,0.049580647480134854,0.06787391356102235,0.049580647480134854,0.08369499492335022,0.049580647480134854,0.08369499492335022,0.049580647480134854,0.030754177369460258,0.046575258731788124,0.06787391356102235,0.049580647480134854,0.030754177369460258,0.046575258731788124,0.06787391356102235,0.049580647480134854,0.046575258731788124,0.046575258731788124,0.08369499492335022,2,0.573133846819248,0.40256210960317107
8_1,4,"(Gen.InverseGamma(), (0.5, 1.0), 2, -3.0:0.25:5.0)",4,false,(right human),0.25,0.25,0.25,0.25,0.25,-1.797714144769758,18,0.0463583657118043,0.07233290790359145,0.046358365711804295,0.0860486487339085,0.046358365711804295,0.0860486487339085,0.0463583657118043,0.03197369541590102,0.045689436246218046,0.07233290790359145,0.0463583657118043,0.03197369541590102,0.045689436246218046,0.07233290790359145,0.046358365711804295,0.045689436246218046,0.045689436246218046,0.0860486487339085,2,0.5855695069937806,0.3871180918832597
8_1,4,"(Gen.InverseGamma(), (0.5, 1.0), 2, -3.0:0.25:5.0)",5,false,(right human),0.25,0.25,0.25,0.25,0.25,-2.1570525439175423,18,0.04529490544293121,0.07420216598246981,0.04538481190239788,0.08627552214760338,0.04538481190239788,0.08627552214760338,0.04529490544293121,0.03304799229888624,0.045107949744005164,0.07420216598246981,0.04529490544293121,0.03304799229888624,0.045107949744005164,0.07420216598246981,0.04538481190239788,0.045107949744005164,0.045107949744005164,0.08627552214760338,2,0.5876626973837704,0.3830561306788388
8_1,4,"(Gen.InverseGamma(), (0.5, 1.0), 2, -3.0:0.25:5.0)",6,false,(right human),0.25,0.25,0.25,0.25,0.25,-2.473329645379456,18,0.044783184655569186,0.07531738137426125,0.044898722668413604,0.08610734744345179,0.044898722668413604,0.08610734744345179,0.044783184655569186,0.033933954398133626,0.04470541607761236,0.07531738137426125,0.044783184655569186,0.033933954398133626,0.04470541607761236,0.07531738137426125,0.044898722668413604,0.04470067531171025,0.04470067531171025,0.08610734744345179,2,0.5877689878575231,0.381531796736067
8_1,4,"(Gen.InverseGamma(), (0.5, 1.0), 2, -3.0:0.25:5.0)",7,true,(right human),0.25,0.25,0.25,0.25,0.25,-2.764144740691595,18,0.04445386739655535,0.07612661223443007,0.044554706591926375,0.08589646885246,0.044554706591926375,0.08589646885246,0.04445386739655535,0.034649817003470244,0.04440464560067391,0.07612661223443007,0.04445386739655535,0.034649817003470244,0.04440464560067391,0.07612661223443007,0.044554706591926375,0.04439805478279814,0.04439805478279814,0.08589646885246,2,0.5875480317931843,0.38066759814142664
8_1,4,"(Gen.InverseGamma(), (0.5, 1.0), 2, -3.0:0.25:5.0)",8,false,(right human),0.25,0.25,0.25,0.25,0.25,-3.0378249693537396,18,0.04420208671244605,0.07676579031593288,0.044282418302044775,0.08570940869376617,0.044282418302044775,0.08570940869376617,0.04420208671244605,0.03523315357309132,0.044166262868827334,0.07676579031593288,0.04420208671244605,0.03523315357309132,0.044166262868827334,0.07676579031593288,0.044282418302044775,0.04416102752179653,0.04416102752179653,0.08570940869376617,2,0.587314387494412,0.38003979052080217
8_1,4,"(Gen.InverseGamma(), (0.5, 1.0), 2, -3.0:0.25:5.0)",9,false,(pickup human key2),0.25,0.25,0.25,0.25,0.25,-3.269806573577413,18,0.044097324077098494,0.07702799688727724,0.0441621165349333,0.08564834117720818,0.0441621165349333,0.08564834117720818,0.044097324077098494,0.035458008921221626,0.04407092787883641,0.07702799688727724,0.044097324077098494,0.035458008921221626,0.04407092787883641,0.07702799688727724,0.0441621165349333,0.044067395185166156,0.044067395185166156,0.08564834117720818,2,0.5872776634341841,0.3797318059717725
8_1,4,"(Gen.InverseGamma(), (0.5, 1.0), 2, -3.0:0.25:5.0)",10,false,(left human),0.25,0.25,0.25,0.25,0.25,-3.269806573577413,18,0.044097324077098494,0.07702799688727721,0.0441621165349333,0.08564834117720818,0.0441621165349333,0.08564834117720818,0.044097324077098494,0.035458008921221626,0.04407092787883641,0.07702799688727721,0.044097324077098494,0.035458008921221626,0.04407092787883641,0.07702799688727721,0.0441621165349333,0.044067395185166156,0.044067395185166156,0.08564834117720818,2,0.5872776634341841,0.3797318059717725
8_1,4,"(Gen.InverseGamma(), (0.5, 1.0), 2, -3.0:0.25:5.0)",11,false,(left human),0.25,0.25,0.25,0.25,0.25,-3.427172874392803,18,0.04420531090144641,0.07674071985749449,0.04425821163323246,0.08578639582271722,0.04425821163323246,0.08578639582271722,0.04420531090144641,0.03514523659692908,0.04418560611329013,0.07674071985749449,0.04420531090144641,0.03514523659692908,0.04418560611329013,0.07674071985749449,0.04425821163323246,0.04418319996744491,0.04418319996744491,0.08578639582271722,2,0.5875782393446107,0.3798421298313382
8_1,4,"(Gen.InverseGamma(), (0.5, 1.0), 2, -3.0:0.25:5.0)",12,false,(left human),0.25,0.25,0.25,0.25,0.25,-3.579452174286019,18,0.04432291968214816,0.0764307874982715,0.04436662109148346,0.08592500097355214,0.04436662109148346,0.08592500097355214,0.04432291968214816,0.03481763711318499,0.044308012434948266,0.0764307874982715,0.04432291968214816,0.03481763711318499,0.044308012434948266,0.0764307874982715,0.04436662109148346,0.04430635658368386,0.04430635658368386,0.08592500097355214,2,0.5878653159544637,0.3799936900324844
8_1,4,"(Gen.InverseGamma(), (0.5, 1.0), 2, -3.0:0.25:5.0)",13,false,(left human),0.25,0.25,0.25,0.25,0.25,-5.5862265984488655,18,0.044464578675689405,0.0760591093516998,0.044501063126421346,0.08608310695643703,0.044501063126421346,0.08608310695643703,0.044464578675689405,0.03443231969192518,0.04445351621659602,0.0760591093516998,0.044464578675689405,0.03443231969192518,0.04445351621659602,0.0760591093516998,0.044501063126421346,0.04445237692610747,0.04445237692610747,0.08608310695643703,2,0.5881793258581176,0.38020173996670814
8_1,4,"(Gen.InverseGamma(), (0.5, 1.0), 2, -3.0:0.25:5.0)",14,false,(left human),0.25,0.25,0.25,0.25,0.25,-6.895468902102053,18,0.04459814524152137,0.07571045027776585,0.044628944087206,0.08622685951865094,0.044628944087206,0.08622685951865094,0.04459814524152137,0.034075181087225466,0.04458951169435161,0.07571045027776585,0.04459814524152137,0.034075181087225466,0.04458951169435161,0.07571045027776585,0.044628944087206,0.04458870853070671,0.04458870853070671,0.08622685951865094,2,0.5884579195616011,0.3804109019805251
8_1,4,"(Gen.InverseGamma(), (0.5, 1.0), 2, -3.0:0.25:5.0)",15,false,(left human),0.25,0.25,0.25,0.25,0.25,-7.963748298309701,18,0.04473622301693017,0.07535060754437074,0.04476247281168613,0.08637247734437972,0.04476247281168613,0.08637247734437972,0.04473622301693017,0.033709095243313315,0.04472940329061416,0.07535060754437074,0.04473622301693017,0.033709095243313315,0.04472940329061416,0.07535060754437074,0.04476247281168613,0.044728830390022394,0.044728830390022394,0.08637247734437972,2,0.5887351144831536,0.3806357157355901
8_1,4,"(Gen.InverseGamma(), (0.5, 1.0), 2, -3.0:0.25:5.0)",16,false,(left human),0.25,0.25,0.25,0.25,0.25,-9.206241490424734,18,0.043712268692744874,0.0780145680383597,0.043715998887966144,0.08537315627942599,0.043715998887966144,0.08537315627942599,0.043712268692744874,0.03635370701246412,0.043711317625280945,0.0780145680383597,0.043712268692744874,0.03635370701246412,0.043711317625280945,0.0780145680383597,0.043715998887966144,0.04371098751450985,0.04371098751450985,0.08537315627942599,2,0.586993215194579,0.3787019231033361
8_1,4,"(Gen.InverseGamma(), (0.5, 1.0), 2, -3.0:0.25:5.0)",17,true,(left human),0.25,0.25,0.25,0.25,0.25,-10.159079338079998,18,0.04216821182380141,0.08202901982195371,0.04216896908392488,0.08383305797224502,0.04216896908392488,0.08383305797224502,0.04216821182380141,0.0403649309336336,0.04216821182380141,0.08202901982195371,0.04216821182380141,0.0403649309336336,0.04216821182380141,0.08202901982195371,0.04216896908392488,0.042167969189677426,0.042167969189677426,0.08383305797224502,2,0.5842295755876001,0.37590913114599955
8_1,4,"(Gen.InverseGamma(), (0.5, 1.0), 2, -3.0:0.25:5.0)",18,false,(down human),0.25,0.25,0.25,0.25,0.25,-11.024014582210775,18,0.040328207724093894,0.08681300114336578,0.04032838863426907,0.081994084493202,0.04032838863426907,0.081994084493202,0.040328207724093894,0.04514789236158129,0.04032838254482328,0.08681300114336578,0.040328207724093894,0.04514789236158129,0.04032838254482328,0.08681300114336578,0.04032838863426907,0.04032820210119931,0.04032820210119931,0.081994084493202,2,0.5809214250583827,0.3725937702765562
8_1,4,"(Gen.InverseGamma(), (0.5, 1.0), 2, -3.0:0.25:5.0)",19,false,(down human),0.25,0.25,0.25,0.25,0.25,-11.819892109808482,18,0.038302491464338576,0.09207990028712226,0.038302540140837,0.07996871618095966,0.038302540140837,0.07996871618095966,0.038302491464338576,0.050414323694350345,0.038302669968685685,0.09207990028712226,0.038302491464338576,0.050414323694350345,0.038302669968685685,0.09207990028712226,0.038302540140837,0.038302534227077766,0.038302534227077766,0.07996871618095966,2,0.5772763575086504,0.3689463191940443
8_1,4,"(Gen.InverseGamma(), (0.5, 1.0), 2, -3.0:0.25:5.0)",20,false,(right human),0.25,0.25,0.25,0.25,0.25,-13.016008862311022,18,0.03814772298520105,0.05037093262663133,0.038147744914837946,0.12134924000053227,0.038147744914837946,0.12134924000053227,0.03814772298520105,0.04879896493829318,0.03958887026992453,0.05037093262663133,0.03814772298520105,0.04879896493829318,0.03958887026992453,0.05037093262663133,0.038147744914837946,0.039588704000978386,0.039588704000978386,0.12134924000053227,2,0.6231447337966654,0.36751401859345906
8_1,4,"(Gen.InverseGamma(), (0.5, 1.0), 2, -3.0:0.25:5.0)",21,false,(right human),0.25,0.25,0.25,0.25,0.25,-13.765959227112338,18,0.037369115620189616,0.04606398593513795,0.03736912252774025,0.12504015319695932,0.03736912252774025,0.12504015319695932,0.037369115620189616,0.04596443822124856,0.042280699577590515,0.046774712800557776,0.037369115620189616,0.04596443822124856,0.042280699577590515,0.046774712800557776,0.03736912252774025,0.0422805694157004,0.0422805694157004,0.12504015319695932,2,0.6377924231785753,0.3633356140974979
8_1,4,"(Gen.InverseGamma(), (0.5, 1.0), 2, -3.0:0.25:5.0)",22,false,(right human),0.25,0.25,0.25,0.25,0.25,-14.467739636322431,18,0.03610745908530575,0.042735847740945805,0.0361074613648117,0.12848882475459547,0.0361074613648117,0.12848882475459547,0.03610745908530575,0.04272555995254169,0.0456755171930907,0.043499965729548944,0.03610745908530575,0.04272555995254169,0.0456755171930907,0.043499965729548944,0.0361074613648117,0.04567541544727638,0.04567541544727638,0.12848882475459547,2,0.6551682710036185,0.3573392530646827
8_1,4,"(Gen.InverseGamma(), (0.5, 1.0), 2, -3.0:0.25:5.0)",23,false,(right human),0.25,0.25,0.25,0.25,0.25,-15.136500155408285,18,0.03475297607720088,0.03973316785822558,0.0347529768653864,0.13181327366452741,0.0347529768653864,0.13181327366452741,0.03475297607720088,0.039731719267815185,0.0489749141480578,0.04047310886210059,0.03475297607720088,0.039731719267815185,0.0489749141480578,0.04047310886210059,0.0347529768653864,0.0489748338822416,0.0489748338822416,0.13181327366452741,2,0.6722855347783823,0.35117798905067454
8_1,4,"(Gen.InverseGamma(), (0.5, 1.0), 2, -3.0:0.25:5.0)",24,true,(down human),0.25,0.25,0.25,0.25,0.25,-16.03002490603891,18,0.03328315990909748,0.03694709398143416,0.033283160120125915,0.13509977008068974,0.033283160120125915,0.13509977008068974,0.03328315990909748,0.03694687917355287,0.05222388315925115,0.037632726156515604,0.03328315990909748,0.03694687917355287,0.05222388315925115,0.037632726156515604,0.033283160120125915,0.052223829355093565,0.052223829355093565,0.13509977008068974,2,0.6894601875837899,0.34475721723586555
8_2,3,"(Gen.InverseGamma(), (0.5, 1.0), 2, -3.0:0.25:5.0)",0,false,(--),0.25,0.25,0.25,0.25,0.25,-4.440892098500626e-16,18,0.05555555555555555,0.05555555555555555,0.05555555555555555,0.05555555555555555,0.05555555555555555,0.05555555555555555,0.05555555555555555,0.05555555555555555,0.05555555555555555,0.05555555555555555,0.05555555555555555,0.05555555555555555,0.05555555555555555,0.05555555555555555,0.05555555555555555,0.05555555555555555,0.05555555555555555,0.05555555555555555,2,0.2777777777777778,0.5
8_2,3,"(Gen.InverseGamma(), (0.5, 1.0), 2, -3.0:0.25:5.0)",1,false,(up human),0.25,0.25,0.25,0.25,0.25,-0.616576331250089,18,0.05592052880343841,0.05592052880343841,0.05592052880343841,0.05592052880343841,0.05592052880343841,0.05592052880343841,0.05592052880343841,0.054278149187965564,0.05592052880343841,0.05592052880343841,0.05592052880343841,0.054278149187965564,0.05592052880343841,0.05592052880343841,0.05592052880343841,0.054278149187965564,0.054278149187965564,0.05592052880343841,2,0.27960264401719204,0.4967152407690543
8_2,3,"(Gen.InverseGamma(), (0.5, 1.0), 2, -3.0:0.25:5.0)",2,false,(right human),0.25,0.25,0.25,0.25,0.25,-1.0329952812290184,18,0.05591381416619174,0.05591381416619174,0.05591381416619174,0.05591381416619174,0.05591381416619174,0.05591381416619174,0.05591381416619174,0.05430165041832889,0.05591381416619174,0.05591381416619174,0.05591381416619174,0.05430165041832889,0.05591381416619174,0.05591381416619174,0.05591381416619174,0.05430165041832889,0.05430165041832889,0.05591381416619174,2,0.2795690708309587,0.4967756725042743
8_2,3,"(Gen.InverseGamma(), (0.5, 1.0), 2, -3.0:0.25:5.0)",3,false,(right human),0.25,0.25,0.25,0.25,0.25,-1.3860964002910505,18,0.05590577987277888,0.05590577987277887,0.05590577987277887,0.05590577987277887,0.05590577987277887,0.05590577987277887,0.05590577987277888,0.05432977044527392,0.05590577987277888,0.05590577987277887,0.05590577987277888,0.05432977044527392,0.05590577987277888,0.05590577987277887,0.05590577987277887,0.05432977044527392,0.05432977044527392,0.05590577987277887,2,0.2795288993638944,0.49684798114499007
8_2,3,"(Gen.InverseGamma(), (0.5, 1.0), 2, -3.0:0.25:5.0)",4,true,(pickup human key1),0.25,0.25,0.25,0.25,0.25,-2.1319317941649523,18,0.05348889737780333,0.052838541378933415,0.060816947811639606,0.052838541378933415,0.060816947811639606,0.052838541378933415,0.05348889737780333,0.05762391027995099,0.05348889737780333,0.052838541378933415,0.05348889737780333,0.05762391027995099,0.05348889737780333,0.052838541378933415,0.060816947811639606,0.058912800421281004,0.058912800421281004,0.052838541378933415,2,0.2674444868890167,0.5225020595929895
8_2,3,"(Gen.InverseGamma(), (0.5, 1.0), 2, -3.0:0.25:5.0)",5,false,(down human),0.25,0.25,0.25,0.25,0.25,-4.250749654643519,18,0.05223900825941431,0.04259820572614607,0.07108172874966315,0.04259820572614607,0.07108172874966315,0.04259820572614607,0.05223900825941431,0.0665579570793255,0.05223900825941431,0.04259820572614607,0.05223900825941431,0.0665579570793255,0.05223900825941431,0.04259820572614607,0.07108172874966315,0.06842731196920576,0.06842731196920576,0.04259820572614607,2,0.2611950412970716,0.5876937408648806
8_2,3,"(Gen.InverseGamma(), (0.5, 1.0), 2, -3.0:0.25:5.0)",6,false,(down human),0.25,0.25,0.25,0.25,0.25,-5.6694078709583495,18,0.04246263081584665,0.04183239879340419,0.07909922957988388,0.04183239879340419,0.07909922957988388,0.04183239879340419,0.04246263081584665,0.07371942672789969,0.04246263081584665,0.04183239879340419,0.04246263081584665,0.07371942672789969,0.04246263081584665,0.04183239879340419,0.07909922957988388,0.07597795548244526,0.07597795548244526,0.04183239879340419,2,0.21231315407923326,0.6216177147920349
8_2,3,"(Gen.InverseGamma(), (0.5, 1.0), 2, -3.0:0.25:5.0)",7,true,(right human),0.25,0.25,0.25,0.25,0.25,-7.199078530134576,18,0.041740280515139706,0.04169403358320528,0.07956623765348689,0.04169403358320528,0.07956623765348689,0.04169403358320528,0.041740280515139706,0.07453502003032858,0.041740280515139706,0.04169403358320528,0.041740280515139706,0.07453502003032858,0.041740280515139706,0.04169403358320528,0.07956623765348689,0.07668282145197597,0.07668282145197597,0.04169403358320528,2,0.20870140257569855,0.6246149569553492
9_1,3,"(Gen.InverseGamma(), (0.5, 1.0), 2, -3.0:0.25:5.0)",0,false,(--),0.25,0.25,0.25,0.25,0.25,0.0,6,0.16666666666666666,0.16666666666666666,0.16666666666666666,0.16666666666666666,0.16666666666666666,0.16666666666666666,-1.0,-1.0,-1.0,-1.0,-1.0,-1.0,-1.0,-1.0,-1.0,-1.0,-1.0,-1.0,2,0.5,0.8333333333333333
9_1,3,"(Gen.InverseGamma(), (0.5, 1.0), 2, -3.0:0.25:5.0)",1,false,(up human),0.25,0.25,0.25,0.25,0.25,-0.9144953540918399,6,0.26579659739038036,0.1468406805219239,0.1468406805219239,0.1468406805219239,0.1468406805219239,0.1468406805219239,-1.0,-1.0,-1.0,-1.0,-1.0,-1.0,-1.0,-1.0,-1.0,-1.0,-1.0,-1.0,2,0.5594779584342282,0.7342034026096196
9_1,3,"(Gen.InverseGamma(), (0.5, 1.0), 2, -3.0:0.25:5.0)",2,true,(up human),0.25,0.25,0.25,0.25,0.25,-1.4057215888116965,6,0.3148196157100704,0.13399337240550788,0.13399337240550788,0.14160013353670298,0.14160013353670298,0.13399337240550788,-1.0,-1.0,-1.0,-1.0,-1.0,-1.0,-1.0,-1.0,-1.0,-1.0,-1.0,-1.0,2,0.5980198827834764,0.6851803842899296
9_1,3,"(Gen.InverseGamma(), (0.5, 1.0), 2, -3.0:0.25:5.0)",3,false,(right human),0.25,0.25,0.25,0.25,0.25,-2.511629622322788,6,0.33988616435821595,0.1279340459472296,0.1279340459472296,0.13815584890004767,0.13815584890004767,0.1279340459472296,-1.0,-1.0,-1.0,-1.0,-1.0,-1.0,-1.0,-1.0,-1.0,-1.0,-1.0,-1.0,2,0.6161978621583113,0.6601138356417842
9_1,3,"(Gen.InverseGamma(), (0.5, 1.0), 2, -3.0:0.25:5.0)",4,false,(right human),0.25,0.25,0.25,0.25,0.25,-3.2020413102072,6,0.3488827323098545,0.12617449198960004,0.12617449198960004,0.13629689586067267,0.13629689586067267,0.12617449198960004,-1.0,-1.0,-1.0,-1.0,-1.0,-1.0,-1.0,-1.0,-1.0,-1.0,-1.0,-1.0,2,0.6214765240311999,0.6511172676901454
9_1,3,"(Gen.InverseGamma(), (0.5, 1.0), 2, -3.0:0.25:5.0)",5,false,(right human),0.25,0.25,0.25,0.25,0.25,-3.795752263976122,6,0.3541605442909175,0.12548644316593222,0.12548644316593222,0.134690063105643,0.134690063105643,0.12548644316593222,-1.0,-1.0,-1.0,-1.0,-1.0,-1.0,-1.0,-1.0,-1.0,-1.0,-1.0,-1.0,2,0.6235406705022035,0.6458394557090826
9_1,3,"(Gen.InverseGamma(), (0.5, 1.0), 2, -3.0:0.25:5.0)",6,false,(right human),0.25,0.25,0.25,0.25,0.25,-4.337772478756483,6,0.35762206437903815,0.1252065349873052,0.1252065349873052,0.1333791653295231,0.1333791653295231,0.1252065349873052,-1.0,-1.0,-1.0,-1.0,-1.0,-1.0,-1.0,-1.0,-1.0,-1.0,-1.0,-1.0,2,0.6243803950380844,0.6423779356209618
9_1,3,"(Gen.InverseGamma(), (0.5, 1.0), 2, -3.0:0.25:5.0)",7,false,(right human),0.25,0.25,0.25,0.25,0.25,-4.84717604561951,6,0.3600817633971738,0.12508932919016597,0.12508932919016597,0.13232512451616416,0.13232512451616416,0.12508932919016597,-1.0,-1.0,-1.0,-1.0,-1.0,-1.0,-1.0,-1.0,-1.0,-1.0,-1.0,-1.0,2,0.624732012429502,0.6399182366028262
9_1,3,"(Gen.InverseGamma(), (0.5, 1.0), 2, -3.0:0.25:5.0)",8,true,(right human),0.25,0.25,0.25,0.25,0.25,-5.333980812410564,6,0.36192957783583973,0.12503918865995273,0.12503918865995273,0.131476428092151,0.131476428092151,0.12503918865995273,-1.0,-1.0,-1.0,-1.0,-1.0,-1.0,-1.0,-1.0,-1.0,-1.0,-1.0,-1.0,2,0.6248824340201418,0.6380704221641602
9_2,4,"(Gen.InverseGamma(), (0.5, 1.0), 2, -3.0:0.25:5.0)",0,false,(--),0.25,0.25,0.25,0.25,0.25,-4.440892098500626e-16,18,0.05555555555555555,0.05555555555555555,0.05555555555555555,0.05555555555555555,0.05555555555555555,0.05555555555555555,0.05555555555555555,0.05555555555555555,0.05555555555555555,0.05555555555555555,0.05555555555555555,0.05555555555555555,0.05555555555555555,0.05555555555555555,0.05555555555555555,0.05555555555555555,0.05555555555555555,0.05555555555555555,2,0.2777777777777778,0.5
9_2,4,"(Gen.InverseGamma(), (0.5, 1.0), 2, -3.0:0.25:5.0)",1,false,(down human),0.25,0.25,0.25,0.25,0.25,-0.8460753668780138,18,0.052253904042880765,0.052253904042880765,0.052253904042880765,0.05225390404288077,0.052253904042880765,0.05225390404288077,0.052253904042880765,0.06215885858090512,0.06215885858090512,0.05225390404288077,0.052253904042880765,0.06215885858090512,0.06215885858090512,0.05225390404288077,0.052253904042880765,0.06215885858090512,0.06215885858090512,0.05225390404288077,2,0.2810794292904526,0.5099049545380243
9_2,4,"(Gen.InverseGamma(), (0.5, 1.0), 2, -3.0:0.25:5.0)",2,false,(down human),0.25,0.25,0.25,0.25,0.25,-1.3047397458711447,18,0.050806934474599115,0.050806934474599115,0.05080693447459912,0.05080693447459913,0.05080693447459912,0.05080693447459913,0.05080693447459912,0.06505279771746841,0.06505279771746841,0.05080693447459913,0.05080693447459912,0.06505279771746841,0.06505279771746841,0.05080693447459913,0.05080693447459912,0.06505279771746841,0.06505279771746841,0.05080693447459913,2,0.2825263988587342,0.5142458632428692
9_2,4,"(Gen.InverseGamma(), (0.5, 1.0), 2, -3.0:0.25:5.0)",3,false,(right human),0.25,0.25,0.25,0.25,0.25,-1.6806333782696188,18,0.04987192305609451,0.04987192305609451,0.04987192305609451,0.049871923056094516,0.04987192305609451,0.049871923056094516,0.04987192305609451,0.06692282055447762,0.06692282055447762,0.049871923056094516,0.04987192305609451,0.06692282055447762,0.06692282055447762,0.049871923056094516,0.04987192305609451,0.06692282055447762,0.06692282055447762,0.049871923056094516,2,0.2834614102772388,0.5170508974983831
9_2,4,"(Gen.InverseGamma(), (0.5, 1.0), 2, -3.0:0.25:5.0)",4,false,(right human),0.25,0.25,0.25,0.25,0.25,-2.0101086862580564,18,0.04931093494950848,0.049310934949508486,0.04931093494950849,0.049310934949508486,0.04931093494950849,0.049310934949508486,0.04931093494950849,0.06804479676764968,0.06804479676764968,0.049310934949508486,0.04931093494950849,0.06804479676764968,0.06804479676764968,0.049310934949508486,0.04931093494950849,0.06804479676764968,0.06804479676764968,0.049310934949508486,2,0.2840223983838248,0.5187338618181412
9_2,4,"(Gen.InverseGamma(), (0.5, 1.0), 2, -3.0:0.25:5.0)",5,true,(right human),0.25,0.25,0.25,0.25,0.25,-2.3099899485657573,18,0.04899076442989534,0.04899076442989534,0.04899076442989535,0.04899076442989535,0.04899076442989535,0.04899076442989535,0.04899076442989535,0.06868513780687596,0.06868513780687596,0.04899076442989535,0.04899076442989535,0.06868513780687596,0.06868513780687596,0.04899076442989535,0.04899076442989535,0.06868513780687598,0.06868513780687598,0.04899076442989535,2,0.284342568903438,0.5196943733769807
9_2,4,"(Gen.InverseGamma(), (0.5, 1.0), 2, -3.0:0.25:5.0)",6,false,(right human),0.25,0.25,0.25,0.25,0.25,-3.319616825156425,18,0.09884536084872769,0.09884536084872766,0.032506888935750364,0.032506888935750364,0.032506888935750364,0.032506888935750364,0.032506888935750364,0.10165288879516593,0.10165288879516593,0.032506888935750364,0.032506888935750364,0.10165288879516593,0.10165288879516593,0.032506888935750364,0.032506888935750364,0.03531441688218863,0.03531441688218863,0.032506888935750364,2,0.36716491631056036,0.436469056033461
9_2,4,"(Gen.InverseGamma(), (0.5, 1.0), 2, -3.0:0.25:5.0)",7,true,(right human),0.25,0.25,0.25,0.25,0.25,-3.6479964913678122,18,0.10847714828861416,0.10847714828861416,0.029039269581463766,0.029039269581463766,0.029039269581463766,0.029039269581463766,0.029039269581463766,0.10858812750373917,0.10858812750373914,0.029039269581463766,0.029039269581463766,0.10858812750373917,0.10858812750373914,0.029039269581463766,0.029039269581463766,0.02915024879658876,0.02915024879658876,0.029039269581463766,2,0.38373194245902,0.4206731005079747
