Session ID,u1763663283679
Completed At,2025-11-20 18:58:37.186Z
Created At,2025-11-20 18:28:03.679Z

User Data
prolificId,58adfc6e7cf56d0001f931a2
age,28
gender,male
timestamp,1763665117034

Comprehension Check
Passed,TRUE

Level: comprehension_check
Timestamp,Type,Player Action,Player X,Player Y,Observed Agent ID,NPC 1 X,NPC 1 Y,NPC 2 X,NPC 2 Y,Steps Remaining,NPC 1 Path Type,NPC 1 Path Index,NPC 2 Path Type,NPC 2 Path Index,Interaction Type,Interaction Details
2025-11-20 18:38:21.426Z,INTERACTION,,,,,,,,,,,,,,comprehension_check,passed

Level: experiment
Timestamp,Type,Player Action,Player X,Player Y,Observed Agent ID,NPC 1 X,NPC 1 Y,NPC 2 X,NPC 2 Y,Steps Remaining,NPC 1 Path Type,NPC 1 Path Index,NPC 2 Path Type,NPC 2 Path Index,Interaction Type,Interaction Details
2025-11-20 18:58:17.456Z,EXPERIMENT_COMPLETE,,,,,,,,,,,,,,,

Level: s111_1
Timestamp,Type,Player Action,Player X,Player Y,Observed Agent ID,NPC 1 X,NPC 1 Y,NPC 2 X,NPC 2 Y,Steps Remaining,NPC 1 Path Type,NPC 1 Path Index,NPC 2 Path Type,NPC 2 Path Index,Interaction Type,Interaction Details
2025-11-20 18:28:03.760Z,LEVEL_START,,,,,,,,,,,,,,,

Level: sm111_1
Timestamp,Type,Player Action,Player X,Player Y,Observed Agent ID,NPC 1 X,NPC 1 Y,NPC 2 X,NPC 2 Y,Steps Remaining,NPC 1 Path Type,NPC 1 Path Index,NPC 2 Path Type,NPC 2 Path Index,Interaction Type,Interaction Details
2025-11-20 18:28:03.792Z,LEVEL_START,,,,,,,,,,,,,,,
2025-11-20 18:38:38.587Z,GAME_ACTION,up,5.0,7.0,,,,,,,,,,,,
2025-11-20 18:38:39.222Z,GAME_ACTION,up,5.0,6.0,,,,,,,,,,,,
2025-11-20 18:38:40.339Z,GAME_ACTION,left,5.0,5.0,,,,,,,,,,,,
2025-11-20 18:38:40.861Z,GAME_ACTION,left,4.0,5.0,,,,,,,,,,,,
2025-11-20 18:38:41.271Z,GAME_ACTION,left,3.0,5.0,,,,,,,,,,,,
2025-11-20 18:38:44.464Z,AGENT_OBSERVE,,2.0,5.0,2.0,,,5.0,4.0,,,,experienced1,,,
2025-11-20 18:38:46.727Z,AGENT_OBSERVE,,2.0,5.0,2.0,,,5.0,5.0,,,,experienced1,,,
2025-11-20 18:38:48.468Z,AGENT_OBSERVE,,2.0,5.0,2.0,,,5.0,6.0,,,,experienced1,,,
2025-11-20 18:38:50.170Z,GAME_ACTION,right,2.0,5.0,,,,5.0,6.0,,,,experienced1,,,
2025-11-20 18:38:50.615Z,GAME_ACTION,right,3.0,5.0,,,,5.0,6.0,,,,experienced1,,,
2025-11-20 18:38:51.025Z,GAME_ACTION,right,4.0,5.0,,,,5.0,6.0,,,,experienced1,,,
2025-11-20 18:38:51.868Z,GAME_ACTION,up,5.0,5.0,,,,5.0,6.0,,,,experienced1,,,
2025-11-20 18:38:52.314Z,GAME_ACTION,up,5.0,4.0,,,,5.0,6.0,,,,experienced1,,,
2025-11-20 18:38:52.706Z,GAME_ACTION,up,5.0,3.0,,,,5.0,6.0,,,,experienced1,,,
2025-11-20 18:38:53.135Z,INTERACTION,,5.0,3.0,,,,5.0,6.0,,,,experienced1,,wizard_interaction,redAmulet
2025-11-20 18:38:53.135Z,GAME_ACTION,up,5.0,2.0,,,,5.0,6.0,,,,experienced1,,,
2025-11-20 18:38:54.954Z,GAME_ACTION,right,5.0,2.0,,,,5.0,6.0,,,,experienced1,,,
2025-11-20 18:38:55.918Z,GAME_ACTION,down,5.0,2.0,,,,5.0,6.0,,,,experienced1,,,
2025-11-20 18:38:56.349Z,GAME_ACTION,down,5.0,3.0,,,,5.0,6.0,,,,experienced1,,,
2025-11-20 18:38:56.898Z,GAME_ACTION,down,5.0,4.0,,,,5.0,6.0,,,,experienced1,,,
2025-11-20 18:38:57.410Z,GAME_ACTION,right,5.0,5.0,,,,5.0,6.0,,,,experienced1,,,
2025-11-20 18:38:59.051Z,GAME_ACTION,left,6.0,5.0,,,,5.0,6.0,,,,experienced1,,,
2025-11-20 18:38:59.748Z,GAME_ACTION,down,5.0,5.0,,,,5.0,6.0,,,,experienced1,,,
2025-11-20 18:39:00.322Z,GAME_ACTION,down,5.0,6.0,,,,5.0,6.0,,,,experienced1,,,
2025-11-20 18:39:00.970Z,GAME_ACTION,right,5.0,7.0,,,,5.0,6.0,,,,experienced1,,,
2025-11-20 18:39:02.107Z,GAME_ACTION,left,5.0,7.0,,,,5.0,6.0,,,,experienced1,,,
2025-11-20 18:39:02.493Z,GAME_ACTION,left,4.0,7.0,,,,5.0,6.0,,,,experienced1,,,
2025-11-20 18:39:03.727Z,GAME_ACTION,left,3.0,7.0,,,,5.0,6.0,,,,experienced1,,,
2025-11-20 18:39:05.979Z,AGENT_OBSERVE,,3.0,7.0,2.0,,,5.0,7.0,,,,experienced1,,,
2025-11-20 18:39:07.661Z,AGENT_OBSERVE,,3.0,7.0,2.0,,,5.0,8.0,,,,experienced1,,,
2025-11-20 18:39:09.191Z,AGENT_OBSERVE,,3.0,7.0,2.0,,,5.0,9.0,,,,experienced1,,,
2025-11-20 18:39:11.466Z,GAME_ACTION,right,3.0,7.0,,,,5.0,9.0,,,,experienced1,,,
2025-11-20 18:39:11.830Z,GAME_ACTION,right,4.0,7.0,,,,5.0,9.0,,,,experienced1,,,
2025-11-20 18:39:12.357Z,GAME_ACTION,down,5.0,7.0,,,,5.0,9.0,,,,experienced1,,,
2025-11-20 18:39:12.565Z,GAME_ACTION,down,5.0,8.0,,,,5.0,9.0,,,,experienced1,,,
2025-11-20 18:39:12.775Z,GAME_ACTION,down,5.0,9.0,,,,5.0,9.0,,,,experienced1,,,
2025-11-20 18:39:13.009Z,GAME_ACTION,down,5.0,10.0,,,,5.0,9.0,,,,experienced1,,,
2025-11-20 18:39:13.009Z,INTERACTION,,5.0,10.0,,,,5.0,9.0,,,,experienced1,,treasure_interaction,C
2025-11-20 18:39:18.015Z,GAME_ACTION,up,5.0,11.0,,,,5.0,9.0,,,,experienced1,,,
2025-11-20 18:39:18.452Z,GAME_ACTION,up,5.0,10.0,,,,5.0,9.0,,,,experienced1,,,
2025-11-20 18:39:18.686Z,GAME_ACTION,up,5.0,9.0,,,,5.0,9.0,,,,experienced1,,,
2025-11-20 18:39:18.939Z,GAME_ACTION,up,5.0,8.0,,,,5.0,9.0,,,,experienced1,,,
2025-11-20 18:39:19.294Z,GAME_ACTION,up,5.0,7.0,,,,5.0,9.0,,,,experienced1,,,
2025-11-20 18:39:19.589Z,GAME_ACTION,up,5.0,6.0,,,,5.0,9.0,,,,experienced1,,,
2025-11-20 18:39:20.250Z,GAME_ACTION,right,5.0,5.0,,,,5.0,9.0,,,,experienced1,,,
2025-11-20 18:39:20.475Z,GAME_ACTION,right,6.0,5.0,,,,5.0,9.0,,,,experienced1,,,
2025-11-20 18:39:20.770Z,GAME_ACTION,right,7.0,5.0,,,,5.0,9.0,,,,experienced1,,,
2025-11-20 18:39:21.256Z,GAME_ACTION,right,8.0,5.0,,,,5.0,9.0,,,,experienced1,,,
2025-11-20 18:39:21.256Z,INTERACTION,,8.0,5.0,,,,5.0,9.0,,,,experienced1,,wizard_interaction,blueAmulet
2025-11-20 18:39:22.339Z,GAME_ACTION,left,8.0,5.0,,,,5.0,9.0,,,,experienced1,,,
2025-11-20 18:39:22.550Z,GAME_ACTION,left,7.0,5.0,,,,5.0,9.0,,,,experienced1,,,
2025-11-20 18:39:22.805Z,GAME_ACTION,left,6.0,5.0,,,,5.0,9.0,,,,experienced1,,,
2025-11-20 18:39:23.468Z,GAME_ACTION,right,5.0,5.0,,,,5.0,9.0,,,,experienced1,,,
2025-11-20 18:39:24.401Z,GAME_ACTION,left,6.0,5.0,,,,5.0,9.0,,,,experienced1,,,
2025-11-20 18:39:25.320Z,GAME_ACTION,down,5.0,5.0,,,,5.0,9.0,,,,experienced1,,,
2025-11-20 18:39:25.540Z,GAME_ACTION,down,5.0,6.0,,,,5.0,9.0,,,,experienced1,,,
2025-11-20 18:39:25.821Z,GAME_ACTION,down,5.0,7.0,,,,5.0,9.0,,,,experienced1,,,
2025-11-20 18:39:26.317Z,GAME_ACTION,down,5.0,8.0,,,,5.0,9.0,,,,experienced1,,,
2025-11-20 18:39:27.195Z,GAME_ACTION,right,5.0,9.0,,,,5.0,9.0,,,,experienced1,,,
2025-11-20 18:39:28.608Z,GAME_ACTION,down,6.0,9.0,,,,5.0,9.0,,,,experienced1,,,
2025-11-20 18:39:30.384Z,GAME_ACTION,right,6.0,9.0,,,,5.0,9.0,,,,experienced1,,,
2025-11-20 18:39:30.751Z,GAME_ACTION,right,7.0,9.0,,,,5.0,9.0,,,,experienced1,,,
2025-11-20 18:39:31.721Z,GAME_ACTION,right,8.0,9.0,,,,5.0,9.0,,,,experienced1,,,
2025-11-20 18:39:31.721Z,INTERACTION,,8.0,9.0,,,,5.0,9.0,,,,experienced1,,treasure_interaction,B
2025-11-20 18:39:31.721Z,LEVEL_COMPLETE,,8.0,9.0,,,,5.0,9.0,,,,experienced1,,,
2025-11-20 18:39:34.735Z,LEVEL_COMPLETE,,8.0,9.0,,,,5.0,9.0,-67.0,,,experienced1,,,

Level: sm112_1
Timestamp,Type,Player Action,Player X,Player Y,Observed Agent ID,NPC 1 X,NPC 1 Y,NPC 2 X,NPC 2 Y,Steps Remaining,NPC 1 Path Type,NPC 1 Path Index,NPC 2 Path Type,NPC 2 Path Index,Interaction Type,Interaction Details
2025-11-20 18:39:34.803Z,LEVEL_START,,,,,,,,,,,,,,,
2025-11-20 18:39:34.803Z,LEVEL_START,,,,,,,,,,,,,,,
2025-11-20 18:39:50.361Z,GAME_ACTION,down,5.0,7.0,,,,,,,,,,,,
2025-11-20 18:39:50.817Z,GAME_ACTION,down,5.0,8.0,,,,,,,,,,,,
2025-11-20 18:39:51.708Z,GAME_ACTION,left,5.0,9.0,,,,,,,,,,,,
2025-11-20 18:39:52.007Z,GAME_ACTION,left,4.0,9.0,,,,,,,,,,,,
2025-11-20 18:39:56.103Z,GAME_ACTION,left,3.0,9.0,,,,,,,,,,,,
2025-11-20 18:39:56.562Z,GAME_ACTION,left,2.0,9.0,,,,,,,,,,,,
2025-11-20 18:39:57.890Z,GAME_ACTION,down,1.0,9.0,,,,,,,,,,,,
2025-11-20 18:39:58.859Z,GAME_ACTION,down,1.0,10.0,,,,,,,,,,,,
2025-11-20 18:39:58.859Z,INTERACTION,,1.0,10.0,,,,,,,,,,,wizard_interaction,redAmulet
2025-11-20 18:40:02.299Z,AGENT_OBSERVE,,1.0,10.0,2.0,,,6.0,3.0,,,,experienced1,,,
2025-11-20 18:40:04.202Z,AGENT_OBSERVE,,1.0,10.0,3.0,5.0,9.0,6.0,3.0,,experienced1,,experienced1,,,
2025-11-20 18:40:06.143Z,AGENT_OBSERVE,,1.0,10.0,3.0,5.0,10.0,6.0,3.0,,experienced1,,experienced1,,,
2025-11-20 18:40:09.310Z,GAME_ACTION,up,1.0,10.0,,5.0,10.0,6.0,3.0,,experienced1,,experienced1,,,
2025-11-20 18:40:10.120Z,GAME_ACTION,right,1.0,9.0,,5.0,10.0,6.0,3.0,,experienced1,,experienced1,,,
2025-11-20 18:40:10.523Z,GAME_ACTION,right,2.0,9.0,,5.0,10.0,6.0,3.0,,experienced1,,experienced1,,,
2025-11-20 18:40:10.932Z,GAME_ACTION,right,3.0,9.0,,5.0,10.0,6.0,3.0,,experienced1,,experienced1,,,
2025-11-20 18:40:12.676Z,GAME_ACTION,right,4.0,9.0,,5.0,10.0,6.0,3.0,,experienced1,,experienced1,,,
2025-11-20 18:40:13.109Z,GAME_ACTION,down,5.0,9.0,,5.0,10.0,6.0,3.0,,experienced1,,experienced1,,,
2025-11-20 18:40:13.601Z,GAME_ACTION,down,5.0,10.0,,5.0,10.0,6.0,3.0,,experienced1,,experienced1,,,
2025-11-20 18:40:13.601Z,INTERACTION,,5.0,10.0,,5.0,10.0,6.0,3.0,,experienced1,,experienced1,,wizard_interaction,blueAmulet
2025-11-20 18:40:15.341Z,GAME_ACTION,up,5.0,10.0,,5.0,10.0,6.0,3.0,,experienced1,,experienced1,,,
2025-11-20 18:40:15.690Z,GAME_ACTION,up,5.0,9.0,,5.0,10.0,6.0,3.0,,experienced1,,experienced1,,,
2025-11-20 18:40:16.119Z,GAME_ACTION,up,5.0,8.0,,5.0,10.0,6.0,3.0,,experienced1,,experienced1,,,
2025-11-20 18:40:17.215Z,GAME_ACTION,left,5.0,7.0,,5.0,10.0,6.0,3.0,,experienced1,,experienced1,,,
2025-11-20 18:40:17.417Z,GAME_ACTION,left,4.0,7.0,,5.0,10.0,6.0,3.0,,experienced1,,experienced1,,,
2025-11-20 18:40:17.639Z,GAME_ACTION,left,3.0,7.0,,5.0,10.0,6.0,3.0,,experienced1,,experienced1,,,
2025-11-20 18:40:18.150Z,GAME_ACTION,left,2.0,7.0,,5.0,10.0,6.0,3.0,,experienced1,,experienced1,,,
2025-11-20 18:40:18.150Z,INTERACTION,,2.0,7.0,,5.0,10.0,6.0,3.0,,experienced1,,experienced1,,treasure_interaction,B
2025-11-20 18:40:18.150Z,LEVEL_COMPLETE,,2.0,7.0,,5.0,10.0,6.0,3.0,,experienced1,,experienced1,,,
2025-11-20 18:40:21.155Z,LEVEL_COMPLETE,,2.0,7.0,,5.0,10.0,6.0,3.0,37.0,experienced1,,experienced1,,,

Level: sm311_1
Timestamp,Type,Player Action,Player X,Player Y,Observed Agent ID,NPC 1 X,NPC 1 Y,NPC 2 X,NPC 2 Y,Steps Remaining,NPC 1 Path Type,NPC 1 Path Index,NPC 2 Path Type,NPC 2 Path Index,Interaction Type,Interaction Details
2025-11-20 18:54:54.640Z,LEVEL_START,,,,,,,,,,,,,,,
2025-11-20 18:54:54.641Z,LEVEL_START,,,,,,,,,,,,,,,
2025-11-20 18:55:11.027Z,AGENT_OBSERVE,,4.0,9.0,3.0,2.0,4.0,,,,experienced1,,,,,
2025-11-20 18:55:12.750Z,AGENT_OBSERVE,,4.0,9.0,3.0,2.0,3.0,,,,experienced1,,,,,
2025-11-20 18:55:14.303Z,AGENT_OBSERVE,,4.0,9.0,3.0,3.0,3.0,,,,experienced1,,,,,
2025-11-20 18:55:15.829Z,AGENT_OBSERVE,,4.0,9.0,3.0,4.0,3.0,,,,experienced1,,,,,
2025-11-20 18:55:18.853Z,GAME_ACTION,left,4.0,9.0,,4.0,3.0,,,,experienced1,,,,,
2025-11-20 18:55:20.364Z,GAME_ACTION,left,3.0,9.0,,4.0,3.0,,,,experienced1,,,,,
2025-11-20 18:55:21.081Z,GAME_ACTION,up,2.0,9.0,,4.0,3.0,,,,experienced1,,,,,
2025-11-20 18:55:21.294Z,GAME_ACTION,up,2.0,8.0,,4.0,3.0,,,,experienced1,,,,,
2025-11-20 18:55:21.509Z,GAME_ACTION,up,2.0,7.0,,4.0,3.0,,,,experienced1,,,,,
2025-11-20 18:55:21.717Z,GAME_ACTION,up,2.0,6.0,,4.0,3.0,,,,experienced1,,,,,
2025-11-20 18:55:21.945Z,GAME_ACTION,up,2.0,5.0,,4.0,3.0,,,,experienced1,,,,,
2025-11-20 18:55:22.363Z,GAME_ACTION,up,2.0,4.0,,4.0,3.0,,,,experienced1,,,,,
2025-11-20 18:55:23.016Z,GAME_ACTION,right,2.0,3.0,,4.0,3.0,,,,experienced1,,,,,
2025-11-20 18:55:23.211Z,GAME_ACTION,right,3.0,3.0,,4.0,3.0,,,,experienced1,,,,,
2025-11-20 18:55:23.407Z,GAME_ACTION,right,4.0,3.0,,4.0,3.0,,,,experienced1,,,,,
2025-11-20 18:55:23.592Z,GAME_ACTION,right,5.0,3.0,,4.0,3.0,,,,experienced1,,,,,
2025-11-20 18:55:23.774Z,GAME_ACTION,right,6.0,3.0,,4.0,3.0,,,,experienced1,,,,,
2025-11-20 18:55:23.964Z,GAME_ACTION,right,7.0,3.0,,4.0,3.0,,,,experienced1,,,,,
2025-11-20 18:55:24.156Z,GAME_ACTION,right,8.0,3.0,,4.0,3.0,,,,experienced1,,,,,
2025-11-20 18:55:24.362Z,GAME_ACTION,right,9.0,3.0,,4.0,3.0,,,,experienced1,,,,,
2025-11-20 18:55:25.126Z,GAME_ACTION,up,10.0,3.0,,4.0,3.0,,,,experienced1,,,,,
2025-11-20 18:55:25.420Z,GAME_ACTION,up,10.0,2.0,,4.0,3.0,,,,experienced1,,,,,
2025-11-20 18:55:25.971Z,INTERACTION,,10.0,2.0,,4.0,3.0,,,,experienced1,,,,wizard_interaction,blueAmulet
2025-11-20 18:55:25.971Z,GAME_ACTION,up,10.0,1.0,,4.0,3.0,,,,experienced1,,,,,
2025-11-20 18:55:27.420Z,GAME_ACTION,down,10.0,1.0,,4.0,3.0,,,,experienced1,,,,,
2025-11-20 18:55:27.727Z,GAME_ACTION,down,10.0,2.0,,4.0,3.0,,,,experienced1,,,,,
2025-11-20 18:55:28.612Z,GAME_ACTION,left,10.0,3.0,,4.0,3.0,,,,experienced1,,,,,
2025-11-20 18:55:28.820Z,GAME_ACTION,left,9.0,3.0,,4.0,3.0,,,,experienced1,,,,,
2025-11-20 18:55:29.002Z,GAME_ACTION,left,8.0,3.0,,4.0,3.0,,,,experienced1,,,,,
2025-11-20 18:55:29.198Z,GAME_ACTION,left,7.0,3.0,,4.0,3.0,,,,experienced1,,,,,
2025-11-20 18:55:29.409Z,GAME_ACTION,left,6.0,3.0,,4.0,3.0,,,,experienced1,,,,,
2025-11-20 18:55:29.620Z,GAME_ACTION,left,5.0,3.0,,4.0,3.0,,,,experienced1,,,,,
2025-11-20 18:55:29.804Z,GAME_ACTION,left,4.0,3.0,,4.0,3.0,,,,experienced1,,,,,
2025-11-20 18:55:30.005Z,GAME_ACTION,left,3.0,3.0,,4.0,3.0,,,,experienced1,,,,,
2025-11-20 18:55:31.825Z,GAME_ACTION,down,2.0,3.0,,4.0,3.0,,,,experienced1,,,,,
2025-11-20 18:55:32.329Z,GAME_ACTION,down,2.0,4.0,,4.0,3.0,,,,experienced1,,,,,
2025-11-20 18:55:32.535Z,GAME_ACTION,down,2.0,5.0,,4.0,3.0,,,,experienced1,,,,,
2025-11-20 18:55:32.753Z,GAME_ACTION,down,2.0,6.0,,4.0,3.0,,,,experienced1,,,,,
2025-11-20 18:55:33.169Z,GAME_ACTION,down,2.0,7.0,,4.0,3.0,,,,experienced1,,,,,
2025-11-20 18:55:33.556Z,GAME_ACTION,down,2.0,8.0,,4.0,3.0,,,,experienced1,,,,,
2025-11-20 18:55:35.231Z,GAME_ACTION,left,2.0,9.0,,4.0,3.0,,,,experienced1,,,,,
2025-11-20 18:55:35.696Z,GAME_ACTION,left,1.0,9.0,,4.0,3.0,,,,experienced1,,,,,
2025-11-20 18:55:36.346Z,GAME_ACTION,down,0.0,9.0,,4.0,3.0,,,,experienced1,,,,,
2025-11-20 18:55:36.680Z,GAME_ACTION,down,0.0,10.0,,4.0,3.0,,,,experienced1,,,,,
2025-11-20 18:55:36.680Z,INTERACTION,,0.0,10.0,,4.0,3.0,,,,experienced1,,,,treasure_interaction,B
2025-11-20 18:55:36.680Z,LEVEL_COMPLETE,,0.0,10.0,,4.0,3.0,,,,experienced1,,,,,
2025-11-20 18:55:39.693Z,LEVEL_COMPLETE,,0.0,10.0,,4.0,3.0,,,31.0,experienced1,,,,,

Level: sm321_1
Timestamp,Type,Player Action,Player X,Player Y,Observed Agent ID,NPC 1 X,NPC 1 Y,NPC 2 X,NPC 2 Y,Steps Remaining,NPC 1 Path Type,NPC 1 Path Index,NPC 2 Path Type,NPC 2 Path Index,Interaction Type,Interaction Details
2025-11-20 18:40:21.222Z,LEVEL_START,,,,,,,,,,,,,,,
2025-11-20 18:40:21.227Z,LEVEL_START,,,,,,,,,,,,,,,
2025-11-20 18:50:35.977Z,AGENT_OBSERVE,,0.0,9.0,2.0,,,5.0,11.0,,,,experienced1,,,
2025-11-20 18:50:38.847Z,AGENT_OBSERVE,,0.0,9.0,3.0,4.0,8.0,5.0,11.0,,experienced1,,experienced1,,,
2025-11-20 18:50:40.291Z,AGENT_OBSERVE,,0.0,9.0,3.0,4.0,7.0,5.0,11.0,,experienced1,,experienced1,,,
2025-11-20 18:50:41.743Z,AGENT_OBSERVE,,0.0,9.0,3.0,4.0,6.0,5.0,11.0,,experienced1,,experienced1,,,
2025-11-20 18:50:43.592Z,GAME_ACTION,right,0.0,9.0,,4.0,6.0,5.0,11.0,,experienced1,,experienced1,,,
2025-11-20 18:50:43.832Z,GAME_ACTION,right,1.0,9.0,,4.0,6.0,5.0,11.0,,experienced1,,experienced1,,,
2025-11-20 18:50:44.048Z,GAME_ACTION,right,2.0,9.0,,4.0,6.0,5.0,11.0,,experienced1,,experienced1,,,
2025-11-20 18:50:44.507Z,GAME_ACTION,right,3.0,9.0,,4.0,6.0,5.0,11.0,,experienced1,,experienced1,,,
2025-11-20 18:50:45.014Z,GAME_ACTION,up,4.0,9.0,,4.0,6.0,5.0,11.0,,experienced1,,experienced1,,,
2025-11-20 18:50:45.234Z,GAME_ACTION,up,4.0,8.0,,4.0,6.0,5.0,11.0,,experienced1,,experienced1,,,
2025-11-20 18:50:45.867Z,GAME_ACTION,up,4.0,7.0,,4.0,6.0,5.0,11.0,,experienced1,,experienced1,,,
2025-11-20 18:50:46.237Z,GAME_ACTION,up,4.0,6.0,,4.0,6.0,5.0,11.0,,experienced1,,experienced1,,,
2025-11-20 18:50:47.321Z,GAME_ACTION,up,4.0,5.0,,4.0,6.0,5.0,11.0,,experienced1,,experienced1,,,
2025-11-20 18:50:47.614Z,GAME_ACTION,up,4.0,4.0,,4.0,6.0,5.0,11.0,,experienced1,,experienced1,,,
2025-11-20 18:50:47.819Z,GAME_ACTION,up,4.0,3.0,,4.0,6.0,5.0,11.0,,experienced1,,experienced1,,,
2025-11-20 18:50:49.268Z,GAME_ACTION,left,4.0,3.0,,4.0,6.0,5.0,11.0,,experienced1,,experienced1,,,
2025-11-20 18:50:49.490Z,GAME_ACTION,left,3.0,3.0,,4.0,6.0,5.0,11.0,,experienced1,,experienced1,,,
2025-11-20 18:50:49.741Z,GAME_ACTION,left,2.0,3.0,,4.0,6.0,5.0,11.0,,experienced1,,experienced1,,,
2025-11-20 18:50:49.996Z,GAME_ACTION,left,1.0,3.0,,4.0,6.0,5.0,11.0,,experienced1,,experienced1,,,
2025-11-20 18:50:50.546Z,GAME_ACTION,up,0.0,3.0,,4.0,6.0,5.0,11.0,,experienced1,,experienced1,,,
2025-11-20 18:50:50.772Z,GAME_ACTION,up,0.0,2.0,,4.0,6.0,5.0,11.0,,experienced1,,experienced1,,,
2025-11-20 18:50:51.017Z,INTERACTION,,0.0,2.0,,4.0,6.0,5.0,11.0,,experienced1,,experienced1,,wizard_interaction,blueAmulet
2025-11-20 18:50:51.017Z,GAME_ACTION,up,0.0,1.0,,4.0,6.0,5.0,11.0,,experienced1,,experienced1,,,
2025-11-20 18:50:52.427Z,GAME_ACTION,down,0.0,1.0,,4.0,6.0,5.0,11.0,,experienced1,,experienced1,,,
2025-11-20 18:50:52.625Z,GAME_ACTION,down,0.0,2.0,,4.0,6.0,5.0,11.0,,experienced1,,experienced1,,,
2025-11-20 18:50:52.820Z,GAME_ACTION,down,0.0,3.0,,4.0,6.0,5.0,11.0,,experienced1,,experienced1,,,
2025-11-20 18:50:53.513Z,GAME_ACTION,right,0.0,3.0,,4.0,6.0,5.0,11.0,,experienced1,,experienced1,,,
2025-11-20 18:50:53.749Z,GAME_ACTION,right,1.0,3.0,,4.0,6.0,5.0,11.0,,experienced1,,experienced1,,,
2025-11-20 18:50:54.015Z,GAME_ACTION,right,2.0,3.0,,4.0,6.0,5.0,11.0,,experienced1,,experienced1,,,
2025-11-20 18:50:54.350Z,GAME_ACTION,right,3.0,3.0,,4.0,6.0,5.0,11.0,,experienced1,,experienced1,,,
2025-11-20 18:50:54.965Z,GAME_ACTION,down,4.0,3.0,,4.0,6.0,5.0,11.0,,experienced1,,experienced1,,,
2025-11-20 18:50:55.202Z,GAME_ACTION,down,4.0,4.0,,4.0,6.0,5.0,11.0,,experienced1,,experienced1,,,
2025-11-20 18:50:55.623Z,GAME_ACTION,down,4.0,5.0,,4.0,6.0,5.0,11.0,,experienced1,,experienced1,,,
2025-11-20 18:50:55.999Z,GAME_ACTION,down,4.0,6.0,,4.0,6.0,5.0,11.0,,experienced1,,experienced1,,,
2025-11-20 18:50:56.419Z,GAME_ACTION,down,4.0,7.0,,4.0,6.0,5.0,11.0,,experienced1,,experienced1,,,
2025-11-20 18:50:56.841Z,GAME_ACTION,down,4.0,8.0,,4.0,6.0,5.0,11.0,,experienced1,,experienced1,,,
2025-11-20 18:50:58.082Z,GAME_ACTION,left,4.0,9.0,,4.0,6.0,5.0,11.0,,experienced1,,experienced1,,,
2025-11-20 18:50:58.534Z,GAME_ACTION,left,3.0,9.0,,4.0,6.0,5.0,11.0,,experienced1,,experienced1,,,
2025-11-20 18:50:58.888Z,GAME_ACTION,left,2.0,9.0,,4.0,6.0,5.0,11.0,,experienced1,,experienced1,,,
2025-11-20 18:50:59.417Z,GAME_ACTION,left,1.0,9.0,,4.0,6.0,5.0,11.0,,experienced1,,experienced1,,,
2025-11-20 18:51:03.723Z,GAME_ACTION,down,0.0,9.0,,4.0,6.0,5.0,11.0,,experienced1,,experienced1,,,
2025-11-20 18:51:04.100Z,GAME_ACTION,down,0.0,10.0,,4.0,6.0,5.0,11.0,,experienced1,,experienced1,,,
2025-11-20 18:51:04.101Z,INTERACTION,,0.0,10.0,,4.0,6.0,5.0,11.0,,experienced1,,experienced1,,treasure_interaction,B
2025-11-20 18:51:04.101Z,LEVEL_COMPLETE,,0.0,10.0,,4.0,6.0,5.0,11.0,,experienced1,,experienced1,,,
2025-11-20 18:51:07.108Z,LEVEL_COMPLETE,,0.0,10.0,,4.0,6.0,5.0,11.0,28.0,experienced1,,experienced1,,,

Level: sm332_1
Timestamp,Type,Player Action,Player X,Player Y,Observed Agent ID,NPC 1 X,NPC 1 Y,NPC 2 X,NPC 2 Y,Steps Remaining,NPC 1 Path Type,NPC 1 Path Index,NPC 2 Path Type,NPC 2 Path Index,Interaction Type,Interaction Details
2025-11-20 18:53:18.804Z,LEVEL_START,,,,,,,,,,,,,,,
2025-11-20 18:53:18.806Z,LEVEL_START,,,,,,,,,,,,,,,
2025-11-20 18:53:31.924Z,AGENT_OBSERVE,,3.0,11.0,3.0,7.0,3.0,,,,experienced1,,,,,
2025-11-20 18:53:33.725Z,AGENT_OBSERVE,,3.0,11.0,3.0,7.0,2.0,,,,experienced1,,,,,
2025-11-20 18:53:36.312Z,AGENT_OBSERVE,,3.0,11.0,3.0,6.0,2.0,,,,experienced1,,,,,
2025-11-20 18:53:37.987Z,AGENT_OBSERVE,,3.0,11.0,3.0,5.0,2.0,,,,experienced1,,,,,
2025-11-20 18:53:39.485Z,AGENT_OBSERVE,,3.0,11.0,3.0,4.0,2.0,,,,experienced1,,,,,
2025-11-20 18:53:41.121Z,AGENT_OBSERVE,,3.0,11.0,3.0,3.0,2.0,,,,experienced1,,,,,
2025-11-20 18:53:42.564Z,AGENT_OBSERVE,,3.0,11.0,3.0,2.0,2.0,,,,experienced1,,,,,
2025-11-20 18:53:43.795Z,GAME_ACTION,up,3.0,11.0,,2.0,2.0,,,,experienced1,,,,,
2025-11-20 18:53:44.016Z,GAME_ACTION,up,3.0,10.0,,2.0,2.0,,,,experienced1,,,,,
2025-11-20 18:53:44.214Z,GAME_ACTION,up,3.0,9.0,,2.0,2.0,,,,experienced1,,,,,
2025-11-20 18:53:44.409Z,GAME_ACTION,up,3.0,8.0,,2.0,2.0,,,,experienced1,,,,,
2025-11-20 18:53:44.620Z,GAME_ACTION,up,3.0,7.0,,2.0,2.0,,,,experienced1,,,,,
2025-11-20 18:53:44.817Z,GAME_ACTION,up,3.0,6.0,,2.0,2.0,,,,experienced1,,,,,
2025-11-20 18:53:45.028Z,GAME_ACTION,up,3.0,5.0,,2.0,2.0,,,,experienced1,,,,,
2025-11-20 18:53:45.238Z,GAME_ACTION,up,3.0,4.0,,2.0,2.0,,,,experienced1,,,,,
2025-11-20 18:53:45.458Z,GAME_ACTION,up,3.0,3.0,,2.0,2.0,,,,experienced1,,,,,
2025-11-20 18:53:45.704Z,GAME_ACTION,up,3.0,2.0,,2.0,2.0,,,,experienced1,,,,,
2025-11-20 18:53:48.654Z,GAME_ACTION,up,3.0,1.0,,2.0,2.0,,,,experienced1,,,,,
2025-11-20 18:53:48.654Z,INTERACTION,,3.0,1.0,,2.0,2.0,,,,experienced1,,,,wizard_interaction,
2025-11-20 18:53:49.911Z,GAME_ACTION,down,3.0,1.0,,2.0,2.0,,,,experienced1,,,,,
2025-11-20 18:53:50.689Z,GAME_ACTION,left,3.0,2.0,,2.0,2.0,,,,experienced1,,,,,
2025-11-20 18:53:51.030Z,GAME_ACTION,left,2.0,2.0,,2.0,2.0,,,,experienced1,,,,,
2025-11-20 18:53:51.524Z,GAME_ACTION,left,1.0,2.0,,2.0,2.0,,,,experienced1,,,,,
2025-11-20 18:53:51.524Z,INTERACTION,,1.0,2.0,,2.0,2.0,,,,experienced1,,,,wizard_interaction,blueAmulet
2025-11-20 18:53:52.242Z,GAME_ACTION,right,1.0,2.0,,2.0,2.0,,,,experienced1,,,,,
2025-11-20 18:53:52.447Z,GAME_ACTION,right,2.0,2.0,,2.0,2.0,,,,experienced1,,,,,
2025-11-20 18:53:52.644Z,GAME_ACTION,right,3.0,2.0,,2.0,2.0,,,,experienced1,,,,,
2025-11-20 18:53:52.845Z,GAME_ACTION,right,4.0,2.0,,2.0,2.0,,,,experienced1,,,,,
2025-11-20 18:53:53.056Z,GAME_ACTION,right,5.0,2.0,,2.0,2.0,,,,experienced1,,,,,
2025-11-20 18:53:53.370Z,GAME_ACTION,right,6.0,2.0,,2.0,2.0,,,,experienced1,,,,,
2025-11-20 18:53:54.650Z,GAME_ACTION,down,7.0,2.0,,2.0,2.0,,,,experienced1,,,,,
2025-11-20 18:53:54.865Z,GAME_ACTION,down,7.0,3.0,,2.0,2.0,,,,experienced1,,,,,
2025-11-20 18:53:55.072Z,GAME_ACTION,down,7.0,4.0,,2.0,2.0,,,,experienced1,,,,,
2025-11-20 18:53:55.290Z,GAME_ACTION,down,7.0,5.0,,2.0,2.0,,,,experienced1,,,,,
2025-11-20 18:53:55.492Z,GAME_ACTION,down,7.0,6.0,,2.0,2.0,,,,experienced1,,,,,
2025-11-20 18:53:55.700Z,GAME_ACTION,down,7.0,7.0,,2.0,2.0,,,,experienced1,,,,,
2025-11-20 18:53:55.929Z,GAME_ACTION,down,7.0,8.0,,2.0,2.0,,,,experienced1,,,,,
2025-11-20 18:53:56.428Z,GAME_ACTION,down,7.0,9.0,,2.0,2.0,,,,experienced1,,,,,
2025-11-20 18:53:57.054Z,GAME_ACTION,right,7.0,10.0,,2.0,2.0,,,,experienced1,,,,,
2025-11-20 18:53:57.433Z,GAME_ACTION,right,8.0,10.0,,2.0,2.0,,,,experienced1,,,,,
2025-11-20 18:53:57.792Z,GAME_ACTION,right,9.0,10.0,,2.0,2.0,,,,experienced1,,,,,
2025-11-20 18:53:57.792Z,INTERACTION,,9.0,10.0,,2.0,2.0,,,,experienced1,,,,treasure_interaction,B
2025-11-20 18:54:03.046Z,GAME_ACTION,left,10.0,10.0,,2.0,2.0,,,,experienced1,,,,,
2025-11-20 18:54:03.302Z,GAME_ACTION,right,9.0,10.0,,2.0,2.0,,,,experienced1,,,,,
2025-11-20 18:54:03.303Z,INTERACTION,,9.0,10.0,,2.0,2.0,,,,experienced1,,,,treasure_interaction,B
2025-11-20 18:54:03.566Z,GAME_ACTION,left,10.0,10.0,,2.0,2.0,,,,experienced1,,,,,
2025-11-20 18:54:04.477Z,GAME_ACTION,left,9.0,10.0,,2.0,2.0,,,,experienced1,,,,,
2025-11-20 18:54:04.697Z,GAME_ACTION,left,8.0,10.0,,2.0,2.0,,,,experienced1,,,,,
2025-11-20 18:54:04.924Z,GAME_ACTION,left,7.0,10.0,,2.0,2.0,,,,experienced1,,,,,
2025-11-20 18:54:05.377Z,GAME_ACTION,up,7.0,10.0,,2.0,2.0,,,,experienced1,,,,,
2025-11-20 18:54:05.610Z,GAME_ACTION,up,7.0,9.0,,2.0,2.0,,,,experienced1,,,,,
2025-11-20 18:54:06.162Z,GAME_ACTION,up,7.0,8.0,,2.0,2.0,,,,experienced1,,,,,
2025-11-20 18:54:06.607Z,GAME_ACTION,right,7.0,7.0,,2.0,2.0,,,,experienced1,,,,,
2025-11-20 18:54:06.820Z,GAME_ACTION,right,8.0,7.0,,2.0,2.0,,,,experienced1,,,,,
2025-11-20 18:54:07.049Z,INTERACTION,,8.0,7.0,,2.0,2.0,,,,experienced1,,,,wizard_interaction,redAmulet
2025-11-20 18:54:07.049Z,GAME_ACTION,right,9.0,7.0,,2.0,2.0,,,,experienced1,,,,,
2025-11-20 18:54:07.522Z,GAME_ACTION,up,9.0,7.0,,2.0,2.0,,,,experienced1,,,,,
2025-11-20 18:54:08.270Z,GAME_ACTION,left,9.0,7.0,,2.0,2.0,,,,experienced1,,,,,
2025-11-20 18:54:08.472Z,GAME_ACTION,left,8.0,7.0,,2.0,2.0,,,,experienced1,,,,,
2025-11-20 18:54:08.665Z,GAME_ACTION,left,7.0,7.0,,2.0,2.0,,,,experienced1,,,,,
2025-11-20 18:54:08.872Z,GAME_ACTION,left,6.0,7.0,,2.0,2.0,,,,experienced1,,,,,
2025-11-20 18:54:09.078Z,GAME_ACTION,left,5.0,7.0,,2.0,2.0,,,,experienced1,,,,,
2025-11-20 18:54:09.280Z,GAME_ACTION,left,4.0,7.0,,2.0,2.0,,,,experienced1,,,,,
2025-11-20 18:54:09.492Z,GAME_ACTION,left,3.0,7.0,,2.0,2.0,,,,experienced1,,,,,
2025-11-20 18:54:09.698Z,GAME_ACTION,left,2.0,7.0,,2.0,2.0,,,,experienced1,,,,,
2025-11-20 18:54:09.906Z,GAME_ACTION,left,1.0,7.0,,2.0,2.0,,,,experienced1,,,,,
2025-11-20 18:54:10.848Z,GAME_ACTION,down,0.0,7.0,,2.0,2.0,,,,experienced1,,,,,
2025-11-20 18:54:11.074Z,GAME_ACTION,down,0.0,8.0,,2.0,2.0,,,,experienced1,,,,,
2025-11-20 18:54:11.295Z,GAME_ACTION,down,0.0,9.0,,2.0,2.0,,,,experienced1,,,,,
2025-11-20 18:54:11.509Z,GAME_ACTION,down,0.0,10.0,,2.0,2.0,,,,experienced1,,,,,
2025-11-20 18:54:11.509Z,INTERACTION,,0.0,10.0,,2.0,2.0,,,,experienced1,,,,treasure_interaction,C
2025-11-20 18:54:11.509Z,LEVEL_COMPLETE,,0.0,10.0,,2.0,2.0,,,,experienced1,,,,,
2025-11-20 18:54:14.512Z,LEVEL_COMPLETE,,0.0,10.0,,2.0,2.0,,,-63.0,experienced1,,,,,

Level: sm341_1
Timestamp,Type,Player Action,Player X,Player Y,Observed Agent ID,NPC 1 X,NPC 1 Y,NPC 2 X,NPC 2 Y,Steps Remaining,NPC 1 Path Type,NPC 1 Path Index,NPC 2 Path Type,NPC 2 Path Index,Interaction Type,Interaction Details
2025-11-20 18:52:39.637Z,LEVEL_START,,,,,,,,,,,,,,,
2025-11-20 18:52:39.639Z,LEVEL_START,,,,,,,,,,,,,,,
2025-11-20 18:52:52.119Z,AGENT_OBSERVE,,0.0,11.0,2.0,,,5.0,3.0,,,,experienced1,,,
2025-11-20 18:52:53.544Z,AGENT_OBSERVE,,0.0,11.0,3.0,1.0,3.0,5.0,3.0,,experienced1,,experienced1,,,
2025-11-20 18:52:55.125Z,AGENT_OBSERVE,,0.0,11.0,3.0,0.0,3.0,5.0,3.0,,experienced1,,experienced1,,,
2025-11-20 18:52:56.457Z,AGENT_OBSERVE,,0.0,11.0,3.0,0.0,4.0,5.0,3.0,,experienced1,,experienced1,,,
2025-11-20 18:52:58.286Z,GAME_ACTION,up,0.0,11.0,,0.0,4.0,5.0,3.0,,experienced1,,experienced1,,,
2025-11-20 18:52:58.691Z,GAME_ACTION,up,0.0,10.0,,0.0,4.0,5.0,3.0,,experienced1,,experienced1,,,
2025-11-20 18:52:59.412Z,GAME_ACTION,up,0.0,9.0,,0.0,4.0,5.0,3.0,,experienced1,,experienced1,,,
2025-11-20 18:53:00.132Z,GAME_ACTION,right,0.0,8.0,,0.0,4.0,5.0,3.0,,experienced1,,experienced1,,,
2025-11-20 18:53:00.317Z,GAME_ACTION,right,1.0,8.0,,0.0,4.0,5.0,3.0,,experienced1,,experienced1,,,
2025-11-20 18:53:00.516Z,GAME_ACTION,right,2.0,8.0,,0.0,4.0,5.0,3.0,,experienced1,,experienced1,,,
2025-11-20 18:53:00.717Z,GAME_ACTION,right,3.0,8.0,,0.0,4.0,5.0,3.0,,experienced1,,experienced1,,,
2025-11-20 18:53:00.912Z,GAME_ACTION,right,4.0,8.0,,0.0,4.0,5.0,3.0,,experienced1,,experienced1,,,
2025-11-20 18:53:01.127Z,GAME_ACTION,right,5.0,8.0,,0.0,4.0,5.0,3.0,,experienced1,,experienced1,,,
2025-11-20 18:53:01.327Z,GAME_ACTION,right,6.0,8.0,,0.0,4.0,5.0,3.0,,experienced1,,experienced1,,,
2025-11-20 18:53:01.935Z,GAME_ACTION,up,7.0,8.0,,0.0,4.0,5.0,3.0,,experienced1,,experienced1,,,
2025-11-20 18:53:02.156Z,GAME_ACTION,up,7.0,7.0,,0.0,4.0,5.0,3.0,,experienced1,,experienced1,,,
2025-11-20 18:53:02.369Z,GAME_ACTION,up,7.0,6.0,,0.0,4.0,5.0,3.0,,experienced1,,experienced1,,,
2025-11-20 18:53:02.622Z,GAME_ACTION,up,7.0,5.0,,0.0,4.0,5.0,3.0,,experienced1,,experienced1,,,
2025-11-20 18:53:03.112Z,GAME_ACTION,up,7.0,4.0,,0.0,4.0,5.0,3.0,,experienced1,,experienced1,,,
2025-11-20 18:53:03.552Z,GAME_ACTION,left,7.0,3.0,,0.0,4.0,5.0,3.0,,experienced1,,experienced1,,,
2025-11-20 18:53:03.753Z,GAME_ACTION,left,6.0,3.0,,0.0,4.0,5.0,3.0,,experienced1,,experienced1,,,
2025-11-20 18:53:03.957Z,GAME_ACTION,left,5.0,3.0,,0.0,4.0,5.0,3.0,,experienced1,,experienced1,,,
2025-11-20 18:53:04.167Z,GAME_ACTION,left,4.0,3.0,,0.0,4.0,5.0,3.0,,experienced1,,experienced1,,,
2025-11-20 18:53:04.378Z,GAME_ACTION,left,3.0,3.0,,0.0,4.0,5.0,3.0,,experienced1,,experienced1,,,
2025-11-20 18:53:04.630Z,GAME_ACTION,left,2.0,3.0,,0.0,4.0,5.0,3.0,,experienced1,,experienced1,,,
2025-11-20 18:53:05.097Z,GAME_ACTION,left,1.0,3.0,,0.0,4.0,5.0,3.0,,experienced1,,experienced1,,,
2025-11-20 18:53:06.311Z,GAME_ACTION,down,0.0,3.0,,0.0,4.0,5.0,3.0,,experienced1,,experienced1,,,
2025-11-20 18:53:06.662Z,GAME_ACTION,down,0.0,4.0,,0.0,4.0,5.0,3.0,,experienced1,,experienced1,,,
2025-11-20 18:53:07.501Z,GAME_ACTION,down,0.0,5.0,,0.0,4.0,5.0,3.0,,experienced1,,experienced1,,,
2025-11-20 18:53:07.502Z,INTERACTION,,0.0,5.0,,0.0,4.0,5.0,3.0,,experienced1,,experienced1,,wizard_interaction,blueAmulet
2025-11-20 18:53:08.520Z,GAME_ACTION,up,0.0,5.0,,0.0,4.0,5.0,3.0,,experienced1,,experienced1,,,
2025-11-20 18:53:08.792Z,GAME_ACTION,up,0.0,4.0,,0.0,4.0,5.0,3.0,,experienced1,,experienced1,,,
2025-11-20 18:53:09.916Z,GAME_ACTION,right,0.0,3.0,,0.0,4.0,5.0,3.0,,experienced1,,experienced1,,,
2025-11-20 18:53:10.114Z,GAME_ACTION,right,1.0,3.0,,0.0,4.0,5.0,3.0,,experienced1,,experienced1,,,
2025-11-20 18:53:10.314Z,GAME_ACTION,right,2.0,3.0,,0.0,4.0,5.0,3.0,,experienced1,,experienced1,,,
2025-11-20 18:53:10.527Z,GAME_ACTION,right,3.0,3.0,,0.0,4.0,5.0,3.0,,experienced1,,experienced1,,,
2025-11-20 18:53:10.721Z,GAME_ACTION,right,4.0,3.0,,0.0,4.0,5.0,3.0,,experienced1,,experienced1,,,
2025-11-20 18:53:10.932Z,GAME_ACTION,right,5.0,3.0,,0.0,4.0,5.0,3.0,,experienced1,,experienced1,,,
2025-11-20 18:53:11.156Z,GAME_ACTION,right,6.0,3.0,,0.0,4.0,5.0,3.0,,experienced1,,experienced1,,,
2025-11-20 18:53:11.761Z,GAME_ACTION,down,7.0,3.0,,0.0,4.0,5.0,3.0,,experienced1,,experienced1,,,
2025-11-20 18:53:11.967Z,GAME_ACTION,down,7.0,4.0,,0.0,4.0,5.0,3.0,,experienced1,,experienced1,,,
2025-11-20 18:53:12.183Z,GAME_ACTION,down,7.0,5.0,,0.0,4.0,5.0,3.0,,experienced1,,experienced1,,,
2025-11-20 18:53:12.569Z,GAME_ACTION,down,7.0,6.0,,0.0,4.0,5.0,3.0,,experienced1,,experienced1,,,
2025-11-20 18:53:13.297Z,GAME_ACTION,down,7.0,7.0,,0.0,4.0,5.0,3.0,,experienced1,,experienced1,,,
2025-11-20 18:53:13.874Z,GAME_ACTION,left,7.0,8.0,,0.0,4.0,5.0,3.0,,experienced1,,experienced1,,,
2025-11-20 18:53:14.283Z,GAME_ACTION,left,6.0,8.0,,0.0,4.0,5.0,3.0,,experienced1,,experienced1,,,
2025-11-20 18:53:15.039Z,GAME_ACTION,down,5.0,8.0,,0.0,4.0,5.0,3.0,,experienced1,,experienced1,,,
2025-11-20 18:53:15.239Z,GAME_ACTION,down,5.0,9.0,,0.0,4.0,5.0,3.0,,experienced1,,experienced1,,,
2025-11-20 18:53:15.724Z,GAME_ACTION,down,5.0,10.0,,0.0,4.0,5.0,3.0,,experienced1,,experienced1,,,
2025-11-20 18:53:15.724Z,INTERACTION,,5.0,10.0,,0.0,4.0,5.0,3.0,,experienced1,,experienced1,,treasure_interaction,B
2025-11-20 18:53:15.724Z,LEVEL_COMPLETE,,5.0,10.0,,0.0,4.0,5.0,3.0,,experienced1,,experienced1,,,
2025-11-20 18:53:18.738Z,LEVEL_COMPLETE,,5.0,10.0,,0.0,4.0,5.0,3.0,31.0,experienced1,,experienced1,,,

Level: sm342_2
Timestamp,Type,Player Action,Player X,Player Y,Observed Agent ID,NPC 1 X,NPC 1 Y,NPC 2 X,NPC 2 Y,Steps Remaining,NPC 1 Path Type,NPC 1 Path Index,NPC 2 Path Type,NPC 2 Path Index,Interaction Type,Interaction Details
2025-11-20 18:56:57.647Z,LEVEL_START,,,,,,,,,,,,,,,
2025-11-20 18:56:57.648Z,LEVEL_START,,,,,,,,,,,,,,,
2025-11-20 18:57:11.468Z,GAME_ACTION,up,0.0,11.0,,,,,,,,,,,,
2025-11-20 18:57:11.836Z,GAME_ACTION,up,0.0,10.0,,,,,,,,,,,,
2025-11-20 18:57:12.506Z,GAME_ACTION,up,0.0,9.0,,,,,,,,,,,,
2025-11-20 18:57:13.179Z,GAME_ACTION,right,0.0,8.0,,,,,,,,,,,,
2025-11-20 18:57:13.429Z,GAME_ACTION,right,1.0,8.0,,,,,,,,,,,,
2025-11-20 18:57:13.602Z,GAME_ACTION,right,2.0,8.0,,,,,,,,,,,,
2025-11-20 18:57:13.822Z,GAME_ACTION,right,3.0,8.0,,,,,,,,,,,,
2025-11-20 18:57:14.037Z,GAME_ACTION,right,4.0,8.0,,,,,,,,,,,,
2025-11-20 18:57:14.232Z,GAME_ACTION,right,5.0,8.0,,,,,,,,,,,,
2025-11-20 18:57:14.473Z,GAME_ACTION,right,6.0,8.0,,,,,,,,,,,,
2025-11-20 18:57:15.134Z,GAME_ACTION,up,7.0,8.0,,,,,,,,,,,,
2025-11-20 18:57:15.378Z,GAME_ACTION,up,7.0,7.0,,,,,,,,,,,,
2025-11-20 18:57:15.617Z,GAME_ACTION,up,7.0,6.0,,,,,,,,,,,,
2025-11-20 18:57:15.820Z,GAME_ACTION,up,7.0,5.0,,,,,,,,,,,,
2025-11-20 18:57:16.046Z,GAME_ACTION,up,7.0,4.0,,,,,,,,,,,,
2025-11-20 18:57:16.675Z,GAME_ACTION,left,7.0,3.0,,,,,,,,,,,,
2025-11-20 18:57:16.904Z,GAME_ACTION,left,6.0,3.0,,,,,,,,,,,,
2025-11-20 18:57:17.533Z,GAME_ACTION,up,5.0,3.0,,,,,,,,,,,,
2025-11-20 18:57:17.837Z,GAME_ACTION,up,5.0,2.0,,,,,,,,,,,,
2025-11-20 18:57:18.772Z,GAME_ACTION,up,5.0,1.0,,,,,,,,,,,,
2025-11-20 18:57:18.772Z,INTERACTION,,5.0,1.0,,,,,,,,,,,wizard_interaction,redAmulet
2025-11-20 18:57:19.797Z,GAME_ACTION,down,5.0,1.0,,,,,,,,,,,,
2025-11-20 18:57:20.028Z,GAME_ACTION,down,5.0,2.0,,,,,,,,,,,,
2025-11-20 18:57:20.711Z,GAME_ACTION,right,5.0,3.0,,,,,,,,,,,,
2025-11-20 18:57:20.948Z,GAME_ACTION,right,6.0,3.0,,,,,,,,,,,,
2025-11-20 18:57:21.252Z,GAME_ACTION,right,7.0,3.0,,,,,,,,,,,,
2025-11-20 18:57:21.626Z,GAME_ACTION,right,8.0,3.0,,,,,,,,,,,,
2025-11-20 18:57:22.185Z,GAME_ACTION,up,9.0,3.0,,,,,,,,,,,,
2025-11-20 18:57:22.503Z,GAME_ACTION,up,9.0,2.0,,,,,,,,,,,,
2025-11-20 18:57:22.965Z,GAME_ACTION,up,9.0,1.0,,,,,,,,,,,,
2025-11-20 18:57:22.965Z,INTERACTION,,9.0,1.0,,,,,,,,,,,treasure_interaction,A
2025-11-20 18:57:22.965Z,LEVEL_COMPLETE,,9.0,1.0,,,,,,,,,,,,
2025-11-20 18:57:25.970Z,LEVEL_COMPLETE,,9.0,1.0,,,,,,35.0,,,,,,

Level: sm361_2
Timestamp,Type,Player Action,Player X,Player Y,Observed Agent ID,NPC 1 X,NPC 1 Y,NPC 2 X,NPC 2 Y,Steps Remaining,NPC 1 Path Type,NPC 1 Path Index,NPC 2 Path Type,NPC 2 Path Index,Interaction Type,Interaction Details
2025-11-20 18:55:39.758Z,LEVEL_START,,,,,,,,,,,,,,,
2025-11-20 18:55:39.760Z,LEVEL_START,,,,,,,,,,,,,,,
2025-11-20 18:55:57.873Z,AGENT_OBSERVE,,10.0,9.0,3.0,4.0,8.0,,,,experienced2,,,,,
2025-11-20 18:55:58.697Z,GAME_ACTION,down,10.0,9.0,,4.0,8.0,,,,experienced2,,,,,
2025-11-20 18:56:01.078Z,GAME_ACTION,left,10.0,9.0,,4.0,8.0,,,,experienced2,,,,,
2025-11-20 18:56:01.291Z,GAME_ACTION,left,9.0,9.0,,4.0,8.0,,,,experienced2,,,,,
2025-11-20 18:56:01.504Z,GAME_ACTION,left,8.0,9.0,,4.0,8.0,,,,experienced2,,,,,
2025-11-20 18:56:01.704Z,GAME_ACTION,left,7.0,9.0,,4.0,8.0,,,,experienced2,,,,,
2025-11-20 18:56:01.902Z,GAME_ACTION,left,6.0,9.0,,4.0,8.0,,,,experienced2,,,,,
2025-11-20 18:56:02.093Z,GAME_ACTION,left,5.0,9.0,,4.0,8.0,,,,experienced2,,,,,
2025-11-20 18:56:02.474Z,GAME_ACTION,up,4.0,9.0,,4.0,8.0,,,,experienced2,,,,,
2025-11-20 18:56:02.738Z,GAME_ACTION,up,4.0,8.0,,4.0,8.0,,,,experienced2,,,,,
2025-11-20 18:56:03.015Z,GAME_ACTION,up,4.0,7.0,,4.0,8.0,,,,experienced2,,,,,
2025-11-20 18:56:03.308Z,GAME_ACTION,up,4.0,6.0,,4.0,8.0,,,,experienced2,,,,,
2025-11-20 18:56:03.572Z,GAME_ACTION,up,4.0,5.0,,4.0,8.0,,,,experienced2,,,,,
2025-11-20 18:56:04.754Z,GAME_ACTION,up,4.0,4.0,,4.0,8.0,,,,experienced2,,,,,
2025-11-20 18:56:06.775Z,GAME_ACTION,left,4.0,3.0,,4.0,8.0,,,,experienced2,,,,,
2025-11-20 18:56:07.016Z,GAME_ACTION,left,3.0,3.0,,4.0,8.0,,,,experienced2,,,,,
2025-11-20 18:56:07.514Z,GAME_ACTION,left,2.0,3.0,,4.0,8.0,,,,experienced2,,,,,
2025-11-20 18:56:07.781Z,GAME_ACTION,left,1.0,3.0,,4.0,8.0,,,,experienced2,,,,,
2025-11-20 18:56:08.182Z,GAME_ACTION,up,0.0,3.0,,4.0,8.0,,,,experienced2,,,,,
2025-11-20 18:56:08.499Z,GAME_ACTION,up,0.0,2.0,,4.0,8.0,,,,experienced2,,,,,
2025-11-20 18:56:08.941Z,GAME_ACTION,up,0.0,1.0,,4.0,8.0,,,,experienced2,,,,,
2025-11-20 18:56:08.941Z,INTERACTION,,0.0,1.0,,4.0,8.0,,,,experienced2,,,,wizard_interaction,
2025-11-20 18:56:10.101Z,GAME_ACTION,down,0.0,1.0,,4.0,8.0,,,,experienced2,,,,,
2025-11-20 18:56:10.364Z,GAME_ACTION,down,0.0,2.0,,4.0,8.0,,,,experienced2,,,,,
2025-11-20 18:56:10.829Z,GAME_ACTION,right,0.0,3.0,,4.0,8.0,,,,experienced2,,,,,
2025-11-20 18:56:11.040Z,GAME_ACTION,right,1.0,3.0,,4.0,8.0,,,,experienced2,,,,,
2025-11-20 18:56:11.245Z,GAME_ACTION,right,2.0,3.0,,4.0,8.0,,,,experienced2,,,,,
2025-11-20 18:56:11.434Z,GAME_ACTION,right,3.0,3.0,,4.0,8.0,,,,experienced2,,,,,
2025-11-20 18:56:11.645Z,GAME_ACTION,right,4.0,3.0,,4.0,8.0,,,,experienced2,,,,,
2025-11-20 18:56:11.864Z,GAME_ACTION,right,5.0,3.0,,4.0,8.0,,,,experienced2,,,,,
2025-11-20 18:56:12.092Z,GAME_ACTION,right,6.0,3.0,,4.0,8.0,,,,experienced2,,,,,
2025-11-20 18:56:12.707Z,GAME_ACTION,up,7.0,3.0,,4.0,8.0,,,,experienced2,,,,,
2025-11-20 18:56:12.972Z,GAME_ACTION,up,7.0,2.0,,4.0,8.0,,,,experienced2,,,,,
2025-11-20 18:56:13.441Z,GAME_ACTION,up,7.0,1.0,,4.0,8.0,,,,experienced2,,,,,
2025-11-20 18:56:13.441Z,INTERACTION,,7.0,1.0,,4.0,8.0,,,,experienced2,,,,wizard_interaction,
2025-11-20 18:56:14.482Z,GAME_ACTION,down,7.0,1.0,,4.0,8.0,,,,experienced2,,,,,
2025-11-20 18:56:14.648Z,GAME_ACTION,down,7.0,2.0,,4.0,8.0,,,,experienced2,,,,,
2025-11-20 18:56:14.999Z,GAME_ACTION,left,7.0,3.0,,4.0,8.0,,,,experienced2,,,,,
2025-11-20 18:56:15.713Z,GAME_ACTION,right,6.0,3.0,,4.0,8.0,,,,experienced2,,,,,
2025-11-20 18:56:15.896Z,GAME_ACTION,right,7.0,3.0,,4.0,8.0,,,,experienced2,,,,,
2025-11-20 18:56:16.092Z,GAME_ACTION,right,8.0,3.0,,4.0,8.0,,,,experienced2,,,,,
2025-11-20 18:56:16.299Z,GAME_ACTION,right,9.0,3.0,,4.0,8.0,,,,experienced2,,,,,
2025-11-20 18:56:16.681Z,GAME_ACTION,up,10.0,3.0,,4.0,8.0,,,,experienced2,,,,,
2025-11-20 18:56:16.910Z,GAME_ACTION,up,10.0,2.0,,4.0,8.0,,,,experienced2,,,,,
2025-11-20 18:56:17.641Z,INTERACTION,,10.0,2.0,,4.0,8.0,,,,experienced2,,,,wizard_interaction,blueAmulet
2025-11-20 18:56:17.641Z,GAME_ACTION,up,10.0,1.0,,4.0,8.0,,,,experienced2,,,,,
2025-11-20 18:56:19.460Z,GAME_ACTION,down,10.0,1.0,,4.0,8.0,,,,experienced2,,,,,
2025-11-20 18:56:19.727Z,GAME_ACTION,down,10.0,2.0,,4.0,8.0,,,,experienced2,,,,,
2025-11-20 18:56:20.356Z,GAME_ACTION,left,10.0,3.0,,4.0,8.0,,,,experienced2,,,,,
2025-11-20 18:56:20.557Z,GAME_ACTION,left,9.0,3.0,,4.0,8.0,,,,experienced2,,,,,
2025-11-20 18:56:20.755Z,GAME_ACTION,left,8.0,3.0,,4.0,8.0,,,,experienced2,,,,,
2025-11-20 18:56:20.956Z,GAME_ACTION,left,7.0,3.0,,4.0,8.0,,,,experienced2,,,,,
2025-11-20 18:56:21.174Z,GAME_ACTION,left,6.0,3.0,,4.0,8.0,,,,experienced2,,,,,
2025-11-20 18:56:21.402Z,GAME_ACTION,left,5.0,3.0,,4.0,8.0,,,,experienced2,,,,,
2025-11-20 18:56:21.820Z,GAME_ACTION,left,4.0,3.0,,4.0,8.0,,,,experienced2,,,,,
2025-11-20 18:56:22.600Z,GAME_ACTION,down,3.0,3.0,,4.0,8.0,,,,experienced2,,,,,
2025-11-20 18:56:23.637Z,GAME_ACTION,right,3.0,3.0,,4.0,8.0,,,,experienced2,,,,,
2025-11-20 18:56:23.960Z,GAME_ACTION,down,4.0,3.0,,4.0,8.0,,,,experienced2,,,,,
2025-11-20 18:56:24.188Z,GAME_ACTION,down,4.0,4.0,,4.0,8.0,,,,experienced2,,,,,
2025-11-20 18:56:24.395Z,GAME_ACTION,down,4.0,5.0,,4.0,8.0,,,,experienced2,,,,,
2025-11-20 18:56:24.591Z,GAME_ACTION,down,4.0,6.0,,4.0,8.0,,,,experienced2,,,,,
2025-11-20 18:56:24.786Z,GAME_ACTION,down,4.0,7.0,,4.0,8.0,,,,experienced2,,,,,
2025-11-20 18:56:25.011Z,GAME_ACTION,down,4.0,8.0,,4.0,8.0,,,,experienced2,,,,,
2025-11-20 18:56:25.703Z,GAME_ACTION,right,4.0,9.0,,4.0,8.0,,,,experienced2,,,,,
2025-11-20 18:56:25.995Z,GAME_ACTION,right,5.0,9.0,,4.0,8.0,,,,experienced2,,,,,
2025-11-20 18:56:26.340Z,GAME_ACTION,right,6.0,9.0,,4.0,8.0,,,,experienced2,,,,,
2025-11-20 18:56:27.131Z,GAME_ACTION,down,7.0,9.0,,4.0,8.0,,,,experienced2,,,,,
2025-11-20 18:56:27.441Z,GAME_ACTION,down,7.0,10.0,,4.0,8.0,,,,experienced2,,,,,
2025-11-20 18:56:27.828Z,GAME_ACTION,right,7.0,11.0,,4.0,8.0,,,,experienced2,,,,,
2025-11-20 18:56:28.078Z,GAME_ACTION,right,8.0,11.0,,4.0,8.0,,,,experienced2,,,,,
2025-11-20 18:56:28.535Z,GAME_ACTION,right,9.0,11.0,,4.0,8.0,,,,experienced2,,,,,
2025-11-20 18:56:28.535Z,INTERACTION,,9.0,11.0,,4.0,8.0,,,,experienced2,,,,treasure_interaction,C
2025-11-20 18:56:28.535Z,LEVEL_COMPLETE,,9.0,11.0,,4.0,8.0,,,,experienced2,,,,,
2025-11-20 18:56:31.544Z,LEVEL_COMPLETE,,9.0,11.0,,4.0,8.0,,,-38.0,experienced2,,,,,

Level: sm371_1
Timestamp,Type,Player Action,Player X,Player Y,Observed Agent ID,NPC 1 X,NPC 1 Y,NPC 2 X,NPC 2 Y,Steps Remaining,NPC 1 Path Type,NPC 1 Path Index,NPC 2 Path Type,NPC 2 Path Index,Interaction Type,Interaction Details
2025-11-20 18:56:31.642Z,LEVEL_START,,,,,,,,,,,,,,,
2025-11-20 18:56:31.643Z,LEVEL_START,,,,,,,,,,,,,,,
2025-11-20 18:56:44.909Z,GAME_ACTION,up,0.0,3.0,,,,,,,,,,,,
2025-11-20 18:56:45.404Z,GAME_ACTION,up,0.0,2.0,,,,,,,,,,,,
2025-11-20 18:56:45.404Z,INTERACTION,,0.0,2.0,,,,,,,,,,,wizard_interaction,
2025-11-20 18:56:46.776Z,GAME_ACTION,down,0.0,2.0,,,,,,,,,,,,
2025-11-20 18:56:47.195Z,GAME_ACTION,down,0.0,3.0,,,,,,,,,,,,
2025-11-20 18:56:48.978Z,GAME_ACTION,down,0.0,4.0,,,,,,,,,,,,
2025-11-20 18:56:48.978Z,INTERACTION,,0.0,4.0,,,,,,,,,,,wizard_interaction,blueAmulet
2025-11-20 18:56:49.733Z,GAME_ACTION,up,0.0,4.0,,,,,,,,,,,,
2025-11-20 18:56:50.916Z,GAME_ACTION,right,0.0,3.0,,,,,,,,,,,,
2025-11-20 18:56:51.111Z,GAME_ACTION,right,1.0,3.0,,,,,,,,,,,,
2025-11-20 18:56:51.305Z,GAME_ACTION,right,2.0,3.0,,,,,,,,,,,,
2025-11-20 18:56:51.500Z,GAME_ACTION,right,3.0,3.0,,,,,,,,,,,,
2025-11-20 18:56:51.704Z,GAME_ACTION,right,4.0,3.0,,,,,,,,,,,,
2025-11-20 18:56:51.894Z,GAME_ACTION,right,5.0,3.0,,,,,,,,,,,,
2025-11-20 18:56:52.092Z,GAME_ACTION,right,6.0,3.0,,,,,,,,,,,,
2025-11-20 18:56:52.302Z,GAME_ACTION,right,7.0,3.0,,,,,,,,,,,,
2025-11-20 18:56:52.506Z,GAME_ACTION,right,8.0,3.0,,,,,,,,,,,,
2025-11-20 18:56:53.127Z,GAME_ACTION,up,9.0,3.0,,,,,,,,,,,,
2025-11-20 18:56:53.359Z,GAME_ACTION,up,9.0,2.0,,,,,,,,,,,,
2025-11-20 18:56:54.569Z,GAME_ACTION,up,9.0,1.0,,,,,,,,,,,,
2025-11-20 18:56:54.569Z,INTERACTION,,9.0,1.0,,,,,,,,,,,treasure_interaction,A
2025-11-20 18:56:54.569Z,LEVEL_COMPLETE,,9.0,1.0,,,,,,,,,,,,
2025-11-20 18:56:57.581Z,LEVEL_COMPLETE,,9.0,1.0,,,,,,21.0,,,,,,

Level: sm431_2
Timestamp,Type,Player Action,Player X,Player Y,Observed Agent ID,NPC 1 X,NPC 1 Y,NPC 2 X,NPC 2 Y,Steps Remaining,NPC 1 Path Type,NPC 1 Path Index,NPC 2 Path Type,NPC 2 Path Index,Interaction Type,Interaction Details
2025-11-20 18:51:07.216Z,LEVEL_START,,,,,,,,,,,,,,,
2025-11-20 18:51:07.217Z,LEVEL_START,,,,,,,,,,,,,,,
2025-11-20 18:51:26.362Z,AGENT_OBSERVE,,5.0,9.0,3.0,0.0,4.0,,,,experienced2,,,,,
2025-11-20 18:51:33.267Z,AGENT_OBSERVE,,5.0,9.0,2.0,0.0,4.0,3.0,6.0,,experienced2,,experienced2,,,
2025-11-20 18:51:39.398Z,AGENT_OBSERVE,,5.0,9.0,2.0,0.0,4.0,3.0,7.0,,experienced2,,experienced2,,,
2025-11-20 18:51:43.454Z,AGENT_OBSERVE,,5.0,9.0,3.0,0.0,5.0,3.0,7.0,,experienced2,,experienced2,,,
2025-11-20 18:51:46.541Z,AGENT_OBSERVE,,5.0,9.0,3.0,1.0,5.0,3.0,7.0,,experienced2,,experienced2,,,
2025-11-20 18:51:53.807Z,AGENT_OBSERVE,,5.0,9.0,3.0,2.0,5.0,3.0,7.0,,experienced2,,experienced2,,,
2025-11-20 18:51:55.375Z,AGENT_OBSERVE,,5.0,9.0,3.0,3.0,5.0,3.0,7.0,,experienced2,,experienced2,,,
2025-11-20 18:51:56.884Z,AGENT_OBSERVE,,5.0,9.0,3.0,3.0,6.0,3.0,7.0,,experienced2,,experienced2,,,
2025-11-20 18:51:58.242Z,AGENT_OBSERVE,,5.0,9.0,3.0,3.0,7.0,3.0,7.0,,experienced2,,experienced2,,,
2025-11-20 18:52:00.026Z,AGENT_OBSERVE,,5.0,9.0,3.0,3.0,8.0,3.0,7.0,,experienced2,,experienced2,,,
2025-11-20 18:52:01.829Z,AGENT_OBSERVE,,5.0,9.0,3.0,3.0,9.0,3.0,7.0,,experienced2,,experienced2,,,
2025-11-20 18:52:03.198Z,AGENT_OBSERVE,,5.0,9.0,3.0,4.0,9.0,3.0,7.0,,experienced2,,experienced2,,,
2025-11-20 18:52:04.664Z,AGENT_OBSERVE,,5.0,9.0,3.0,5.0,9.0,3.0,7.0,,experienced2,,experienced2,,,
2025-11-20 18:52:05.981Z,AGENT_OBSERVE,,5.0,9.0,2.0,5.0,9.0,3.0,8.0,,experienced2,,experienced2,,,
2025-11-20 18:52:07.386Z,AGENT_OBSERVE,,5.0,9.0,2.0,5.0,9.0,3.0,9.0,,experienced2,,experienced2,,,
2025-11-20 18:52:09.095Z,AGENT_OBSERVE,,5.0,9.0,2.0,5.0,9.0,4.0,9.0,,experienced2,,experienced2,,,
2025-11-20 18:52:10.940Z,GAME_ACTION,left,5.0,9.0,,5.0,9.0,4.0,9.0,,experienced2,,experienced2,,,
2025-11-20 18:52:11.282Z,GAME_ACTION,left,4.0,9.0,,5.0,9.0,4.0,9.0,,experienced2,,experienced2,,,
2025-11-20 18:52:11.918Z,GAME_ACTION,up,3.0,9.0,,5.0,9.0,4.0,9.0,,experienced2,,experienced2,,,
2025-11-20 18:52:12.220Z,GAME_ACTION,up,3.0,8.0,,5.0,9.0,4.0,9.0,,experienced2,,experienced2,,,
2025-11-20 18:52:12.550Z,GAME_ACTION,up,3.0,7.0,,5.0,9.0,4.0,9.0,,experienced2,,experienced2,,,
2025-11-20 18:52:12.836Z,GAME_ACTION,up,3.0,6.0,,5.0,9.0,4.0,9.0,,experienced2,,experienced2,,,
2025-11-20 18:52:13.411Z,GAME_ACTION,left,3.0,5.0,,5.0,9.0,4.0,9.0,,experienced2,,experienced2,,,
2025-11-20 18:52:13.714Z,GAME_ACTION,left,2.0,5.0,,5.0,9.0,4.0,9.0,,experienced2,,experienced2,,,
2025-11-20 18:52:14.144Z,GAME_ACTION,left,1.0,5.0,,5.0,9.0,4.0,9.0,,experienced2,,experienced2,,,
2025-11-20 18:52:15.104Z,GAME_ACTION,up,0.0,5.0,,5.0,9.0,4.0,9.0,,experienced2,,experienced2,,,
2025-11-20 18:52:15.437Z,GAME_ACTION,up,0.0,4.0,,5.0,9.0,4.0,9.0,,experienced2,,experienced2,,,
2025-11-20 18:52:15.707Z,GAME_ACTION,up,0.0,3.0,,5.0,9.0,4.0,9.0,,experienced2,,experienced2,,,
2025-11-20 18:52:16.118Z,GAME_ACTION,up,0.0,2.0,,5.0,9.0,4.0,9.0,,experienced2,,experienced2,,,
2025-11-20 18:52:16.619Z,GAME_ACTION,up,0.0,1.0,,5.0,9.0,4.0,9.0,,experienced2,,experienced2,,,
2025-11-20 18:52:16.620Z,INTERACTION,,0.0,1.0,,5.0,9.0,4.0,9.0,,experienced2,,experienced2,,wizard_interaction,
2025-11-20 18:52:18.185Z,GAME_ACTION,down,0.0,1.0,,5.0,9.0,4.0,9.0,,experienced2,,experienced2,,,
2025-11-20 18:52:18.577Z,GAME_ACTION,down,0.0,2.0,,5.0,9.0,4.0,9.0,,experienced2,,experienced2,,,
2025-11-20 18:52:19.443Z,GAME_ACTION,right,0.0,3.0,,5.0,9.0,4.0,9.0,,experienced2,,experienced2,,,
2025-11-20 18:52:19.913Z,GAME_ACTION,right,1.0,3.0,,5.0,9.0,4.0,9.0,,experienced2,,experienced2,,,
2025-11-20 18:52:20.455Z,GAME_ACTION,up,2.0,3.0,,5.0,9.0,4.0,9.0,,experienced2,,experienced2,,,
2025-11-20 18:52:20.797Z,GAME_ACTION,up,2.0,2.0,,5.0,9.0,4.0,9.0,,experienced2,,experienced2,,,
2025-11-20 18:52:21.537Z,GAME_ACTION,up,2.0,1.0,,5.0,9.0,4.0,9.0,,experienced2,,experienced2,,,
2025-11-20 18:52:21.537Z,INTERACTION,,2.0,1.0,,5.0,9.0,4.0,9.0,,experienced2,,experienced2,,wizard_interaction,
2025-11-20 18:52:22.719Z,GAME_ACTION,down,2.0,1.0,,5.0,9.0,4.0,9.0,,experienced2,,experienced2,,,
2025-11-20 18:52:23.043Z,GAME_ACTION,down,2.0,2.0,,5.0,9.0,4.0,9.0,,experienced2,,experienced2,,,
2025-11-20 18:52:24.134Z,GAME_ACTION,right,2.0,3.0,,5.0,9.0,4.0,9.0,,experienced2,,experienced2,,,
2025-11-20 18:52:24.459Z,GAME_ACTION,right,3.0,3.0,,5.0,9.0,4.0,9.0,,experienced2,,experienced2,,,
2025-11-20 18:52:24.947Z,GAME_ACTION,up,4.0,3.0,,5.0,9.0,4.0,9.0,,experienced2,,experienced2,,,
2025-11-20 18:52:25.210Z,GAME_ACTION,up,4.0,2.0,,5.0,9.0,4.0,9.0,,experienced2,,experienced2,,,
2025-11-20 18:52:25.742Z,GAME_ACTION,up,4.0,1.0,,5.0,9.0,4.0,9.0,,experienced2,,experienced2,,,
2025-11-20 18:52:25.742Z,INTERACTION,,4.0,1.0,,5.0,9.0,4.0,9.0,,experienced2,,experienced2,,wizard_interaction,blueAmulet
2025-11-20 18:52:27.008Z,GAME_ACTION,down,4.0,1.0,,5.0,9.0,4.0,9.0,,experienced2,,experienced2,,,
2025-11-20 18:52:27.207Z,GAME_ACTION,down,4.0,2.0,,5.0,9.0,4.0,9.0,,experienced2,,experienced2,,,
2025-11-20 18:52:27.395Z,GAME_ACTION,down,4.0,3.0,,5.0,9.0,4.0,9.0,,experienced2,,experienced2,,,
2025-11-20 18:52:27.826Z,GAME_ACTION,right,4.0,3.0,,5.0,9.0,4.0,9.0,,experienced2,,experienced2,,,
2025-11-20 18:52:28.284Z,GAME_ACTION,left,5.0,3.0,,5.0,9.0,4.0,9.0,,experienced2,,experienced2,,,
2025-11-20 18:52:28.513Z,GAME_ACTION,left,4.0,3.0,,5.0,9.0,4.0,9.0,,experienced2,,experienced2,,,
2025-11-20 18:52:28.734Z,GAME_ACTION,left,3.0,3.0,,5.0,9.0,4.0,9.0,,experienced2,,experienced2,,,
2025-11-20 18:52:28.949Z,GAME_ACTION,left,2.0,3.0,,5.0,9.0,4.0,9.0,,experienced2,,experienced2,,,
2025-11-20 18:52:29.146Z,GAME_ACTION,left,1.0,3.0,,5.0,9.0,4.0,9.0,,experienced2,,experienced2,,,
2025-11-20 18:52:30.094Z,GAME_ACTION,down,0.0,3.0,,5.0,9.0,4.0,9.0,,experienced2,,experienced2,,,
2025-11-20 18:52:31.081Z,GAME_ACTION,down,0.0,4.0,,5.0,9.0,4.0,9.0,,experienced2,,experienced2,,,
2025-11-20 18:52:31.424Z,GAME_ACTION,right,0.0,5.0,,5.0,9.0,4.0,9.0,,experienced2,,experienced2,,,
2025-11-20 18:52:31.674Z,GAME_ACTION,right,1.0,5.0,,5.0,9.0,4.0,9.0,,experienced2,,experienced2,,,
2025-11-20 18:52:32.120Z,GAME_ACTION,right,2.0,5.0,,5.0,9.0,4.0,9.0,,experienced2,,experienced2,,,
2025-11-20 18:52:32.881Z,GAME_ACTION,down,3.0,5.0,,5.0,9.0,4.0,9.0,,experienced2,,experienced2,,,
2025-11-20 18:52:33.134Z,GAME_ACTION,down,3.0,6.0,,5.0,9.0,4.0,9.0,,experienced2,,experienced2,,,
2025-11-20 18:52:33.370Z,GAME_ACTION,down,3.0,7.0,,5.0,9.0,4.0,9.0,,experienced2,,experienced2,,,
2025-11-20 18:52:33.680Z,GAME_ACTION,down,3.0,8.0,,5.0,9.0,4.0,9.0,,experienced2,,experienced2,,,
2025-11-20 18:52:34.203Z,GAME_ACTION,left,3.0,9.0,,5.0,9.0,4.0,9.0,,experienced2,,experienced2,,,
2025-11-20 18:52:34.448Z,GAME_ACTION,left,2.0,9.0,,5.0,9.0,4.0,9.0,,experienced2,,experienced2,,,
2025-11-20 18:52:34.781Z,GAME_ACTION,left,1.0,9.0,,5.0,9.0,4.0,9.0,,experienced2,,experienced2,,,
2025-11-20 18:52:36.195Z,GAME_ACTION,down,0.0,9.0,,5.0,9.0,4.0,9.0,,experienced2,,experienced2,,,
2025-11-20 18:52:36.551Z,GAME_ACTION,down,0.0,10.0,,5.0,9.0,4.0,9.0,,experienced2,,experienced2,,,
2025-11-20 18:52:36.551Z,INTERACTION,,0.0,10.0,,5.0,9.0,4.0,9.0,,experienced2,,experienced2,,treasure_interaction,B
2025-11-20 18:52:36.551Z,LEVEL_COMPLETE,,0.0,10.0,,5.0,9.0,4.0,9.0,,experienced2,,experienced2,,,
2025-11-20 18:52:39.566Z,LEVEL_COMPLETE,,0.0,10.0,,5.0,9.0,4.0,9.0,-23.0,experienced2,,experienced2,,,

Level: sm511_2
Timestamp,Type,Player Action,Player X,Player Y,Observed Agent ID,NPC 1 X,NPC 1 Y,NPC 2 X,NPC 2 Y,Steps Remaining,NPC 1 Path Type,NPC 1 Path Index,NPC 2 Path Type,NPC 2 Path Index,Interaction Type,Interaction Details
2025-11-20 18:57:26.034Z,LEVEL_START,,,,,,,,,,,,,,,
2025-11-20 18:57:26.036Z,LEVEL_START,,,,,,,,,,,,,,,
2025-11-20 18:57:40.531Z,AGENT_OBSERVE,,4.0,9.0,3.0,1.0,5.0,,,,experienced2,,,,,
2025-11-20 18:57:43.247Z,AGENT_OBSERVE,,4.0,9.0,2.0,1.0,5.0,3.0,3.0,,experienced2,,experienced2,,,
2025-11-20 18:57:44.741Z,AGENT_OBSERVE,,4.0,9.0,2.0,1.0,5.0,4.0,3.0,,experienced2,,experienced2,,,
2025-11-20 18:57:46.219Z,AGENT_OBSERVE,,4.0,9.0,2.0,1.0,5.0,5.0,3.0,,experienced2,,experienced2,,,
2025-11-20 18:57:47.749Z,AGENT_OBSERVE,,4.0,9.0,2.0,1.0,5.0,6.0,3.0,,experienced2,,experienced2,,,
2025-11-20 18:57:49.157Z,AGENT_OBSERVE,,4.0,9.0,2.0,1.0,5.0,7.0,3.0,,experienced2,,experienced2,,,
2025-11-20 18:57:51.377Z,GAME_ACTION,left,4.0,9.0,,1.0,5.0,7.0,3.0,,experienced2,,experienced2,,,
2025-11-20 18:57:52.030Z,GAME_ACTION,left,3.0,9.0,,1.0,5.0,7.0,3.0,,experienced2,,experienced2,,,
2025-11-20 18:57:52.767Z,GAME_ACTION,up,2.0,9.0,,1.0,5.0,7.0,3.0,,experienced2,,experienced2,,,
2025-11-20 18:57:52.985Z,GAME_ACTION,up,2.0,8.0,,1.0,5.0,7.0,3.0,,experienced2,,experienced2,,,
2025-11-20 18:57:53.202Z,GAME_ACTION,up,2.0,7.0,,1.0,5.0,7.0,3.0,,experienced2,,experienced2,,,
2025-11-20 18:57:53.426Z,GAME_ACTION,up,2.0,6.0,,1.0,5.0,7.0,3.0,,experienced2,,experienced2,,,
2025-11-20 18:57:53.669Z,GAME_ACTION,up,2.0,5.0,,1.0,5.0,7.0,3.0,,experienced2,,experienced2,,,
2025-11-20 18:57:54.094Z,GAME_ACTION,up,2.0,4.0,,1.0,5.0,7.0,3.0,,experienced2,,experienced2,,,
2025-11-20 18:57:54.882Z,GAME_ACTION,right,2.0,3.0,,1.0,5.0,7.0,3.0,,experienced2,,experienced2,,,
2025-11-20 18:57:55.085Z,GAME_ACTION,right,3.0,3.0,,1.0,5.0,7.0,3.0,,experienced2,,experienced2,,,
2025-11-20 18:57:55.291Z,GAME_ACTION,right,4.0,3.0,,1.0,5.0,7.0,3.0,,experienced2,,experienced2,,,
2025-11-20 18:57:55.533Z,GAME_ACTION,right,5.0,3.0,,1.0,5.0,7.0,3.0,,experienced2,,experienced2,,,
2025-11-20 18:57:56.314Z,GAME_ACTION,right,6.0,3.0,,1.0,5.0,7.0,3.0,,experienced2,,experienced2,,,
2025-11-20 18:57:56.812Z,GAME_ACTION,right,7.0,3.0,,1.0,5.0,7.0,3.0,,experienced2,,experienced2,,,
2025-11-20 18:57:57.899Z,AGENT_OBSERVE,,8.0,3.0,2.0,1.0,5.0,8.0,3.0,,experienced2,,experienced2,,,
2025-11-20 18:57:59.176Z,AGENT_OBSERVE,,8.0,3.0,2.0,1.0,5.0,9.0,3.0,,experienced2,,experienced2,,,
2025-11-20 18:58:00.481Z,AGENT_OBSERVE,,8.0,3.0,2.0,1.0,5.0,10.0,3.0,,experienced2,,experienced2,,,
2025-11-20 18:58:01.657Z,AGENT_OBSERVE,,8.0,3.0,2.0,1.0,5.0,10.0,2.0,,experienced2,,experienced2,,,
2025-11-20 18:58:02.919Z,GAME_ACTION,right,8.0,3.0,,1.0,5.0,10.0,2.0,,experienced2,,experienced2,,,
2025-11-20 18:58:03.405Z,GAME_ACTION,right,9.0,3.0,,1.0,5.0,10.0,2.0,,experienced2,,experienced2,,,
2025-11-20 18:58:03.942Z,GAME_ACTION,up,10.0,3.0,,1.0,5.0,10.0,2.0,,experienced2,,experienced2,,,
2025-11-20 18:58:04.144Z,GAME_ACTION,up,10.0,2.0,,1.0,5.0,10.0,2.0,,experienced2,,experienced2,,,
2025-11-20 18:58:04.723Z,GAME_ACTION,up,10.0,1.0,,1.0,5.0,10.0,2.0,,experienced2,,experienced2,,,
2025-11-20 18:58:04.723Z,INTERACTION,,10.0,1.0,,1.0,5.0,10.0,2.0,,experienced2,,experienced2,,wizard_interaction,blueAmulet
2025-11-20 18:58:05.757Z,GAME_ACTION,down,10.0,1.0,,1.0,5.0,10.0,2.0,,experienced2,,experienced2,,,
2025-11-20 18:58:05.959Z,GAME_ACTION,down,10.0,2.0,,1.0,5.0,10.0,2.0,,experienced2,,experienced2,,,
2025-11-20 18:58:07.072Z,GAME_ACTION,left,10.0,3.0,,1.0,5.0,10.0,2.0,,experienced2,,experienced2,,,
2025-11-20 18:58:07.268Z,GAME_ACTION,left,9.0,3.0,,1.0,5.0,10.0,2.0,,experienced2,,experienced2,,,
2025-11-20 18:58:07.469Z,GAME_ACTION,left,8.0,3.0,,1.0,5.0,10.0,2.0,,experienced2,,experienced2,,,
2025-11-20 18:58:07.668Z,GAME_ACTION,left,7.0,3.0,,1.0,5.0,10.0,2.0,,experienced2,,experienced2,,,
2025-11-20 18:58:07.870Z,GAME_ACTION,left,6.0,3.0,,1.0,5.0,10.0,2.0,,experienced2,,experienced2,,,
2025-11-20 18:58:08.075Z,GAME_ACTION,left,5.0,3.0,,1.0,5.0,10.0,2.0,,experienced2,,experienced2,,,
2025-11-20 18:58:08.311Z,GAME_ACTION,left,4.0,3.0,,1.0,5.0,10.0,2.0,,experienced2,,experienced2,,,
2025-11-20 18:58:09.344Z,GAME_ACTION,left,3.0,3.0,,1.0,5.0,10.0,2.0,,experienced2,,experienced2,,,
2025-11-20 18:58:10.413Z,GAME_ACTION,down,2.0,3.0,,1.0,5.0,10.0,2.0,,experienced2,,experienced2,,,
2025-11-20 18:58:10.607Z,GAME_ACTION,down,2.0,4.0,,1.0,5.0,10.0,2.0,,experienced2,,experienced2,,,
2025-11-20 18:58:10.812Z,GAME_ACTION,down,2.0,5.0,,1.0,5.0,10.0,2.0,,experienced2,,experienced2,,,
2025-11-20 18:58:11.009Z,GAME_ACTION,down,2.0,6.0,,1.0,5.0,10.0,2.0,,experienced2,,experienced2,,,
2025-11-20 18:58:11.252Z,GAME_ACTION,down,2.0,7.0,,1.0,5.0,10.0,2.0,,experienced2,,experienced2,,,
2025-11-20 18:58:11.685Z,GAME_ACTION,down,2.0,8.0,,1.0,5.0,10.0,2.0,,experienced2,,experienced2,,,
2025-11-20 18:58:12.335Z,GAME_ACTION,left,2.0,9.0,,1.0,5.0,10.0,2.0,,experienced2,,experienced2,,,
2025-11-20 18:58:12.658Z,GAME_ACTION,left,1.0,9.0,,1.0,5.0,10.0,2.0,,experienced2,,experienced2,,,
2025-11-20 18:58:13.527Z,GAME_ACTION,down,0.0,9.0,,1.0,5.0,10.0,2.0,,experienced2,,experienced2,,,
2025-11-20 18:58:14.448Z,GAME_ACTION,down,0.0,10.0,,1.0,5.0,10.0,2.0,,experienced2,,experienced2,,,
2025-11-20 18:58:14.448Z,INTERACTION,,0.0,10.0,,1.0,5.0,10.0,2.0,,experienced2,,experienced2,,treasure_interaction,B
2025-11-20 18:58:14.448Z,LEVEL_COMPLETE,,0.0,10.0,,1.0,5.0,10.0,2.0,,experienced2,,experienced2,,,
2025-11-20 18:58:17.453Z,LEVEL_COMPLETE,,0.0,10.0,,1.0,5.0,10.0,2.0,25.0,experienced2,,experienced2,,,

Level: sm521_1
Timestamp,Type,Player Action,Player X,Player Y,Observed Agent ID,NPC 1 X,NPC 1 Y,NPC 2 X,NPC 2 Y,Steps Remaining,NPC 1 Path Type,NPC 1 Path Index,NPC 2 Path Type,NPC 2 Path Index,Interaction Type,Interaction Details
2025-11-20 18:54:14.577Z,LEVEL_START,,,,,,,,,,,,,,,
2025-11-20 18:54:14.578Z,LEVEL_START,,,,,,,,,,,,,,,
2025-11-20 18:54:27.962Z,AGENT_OBSERVE,,0.0,9.0,3.0,4.0,8.0,,,,experienced1,,,,,
2025-11-20 18:54:29.443Z,AGENT_OBSERVE,,0.0,9.0,3.0,4.0,7.0,,,,experienced1,,,,,
2025-11-20 18:54:30.939Z,AGENT_OBSERVE,,0.0,9.0,3.0,4.0,6.0,,,,experienced1,,,,,
2025-11-20 18:54:32.461Z,AGENT_OBSERVE,,0.0,9.0,3.0,4.0,5.0,,,,experienced1,,,,,
2025-11-20 18:54:33.929Z,AGENT_OBSERVE,,0.0,9.0,3.0,4.0,4.0,,,,experienced1,,,,,
2025-11-20 18:54:35.485Z,AGENT_OBSERVE,,0.0,9.0,3.0,4.0,3.0,,,,experienced1,,,,,
2025-11-20 18:54:36.872Z,AGENT_OBSERVE,,0.0,9.0,3.0,3.0,3.0,,,,experienced1,,,,,
2025-11-20 18:54:38.275Z,GAME_ACTION,right,0.0,9.0,,3.0,3.0,,,,experienced1,,,,,
2025-11-20 18:54:38.477Z,GAME_ACTION,right,1.0,9.0,,3.0,3.0,,,,experienced1,,,,,
2025-11-20 18:54:38.694Z,GAME_ACTION,right,2.0,9.0,,3.0,3.0,,,,experienced1,,,,,
2025-11-20 18:54:39.116Z,GAME_ACTION,right,3.0,9.0,,3.0,3.0,,,,experienced1,,,,,
2025-11-20 18:54:39.802Z,GAME_ACTION,up,4.0,9.0,,3.0,3.0,,,,experienced1,,,,,
2025-11-20 18:54:40.013Z,GAME_ACTION,up,4.0,8.0,,3.0,3.0,,,,experienced1,,,,,
2025-11-20 18:54:40.226Z,GAME_ACTION,up,4.0,7.0,,3.0,3.0,,,,experienced1,,,,,
2025-11-20 18:54:40.425Z,GAME_ACTION,up,4.0,6.0,,3.0,3.0,,,,experienced1,,,,,
2025-11-20 18:54:40.664Z,GAME_ACTION,up,4.0,5.0,,3.0,3.0,,,,experienced1,,,,,
2025-11-20 18:54:41.166Z,GAME_ACTION,up,4.0,4.0,,3.0,3.0,,,,experienced1,,,,,
2025-11-20 18:54:41.581Z,GAME_ACTION,left,4.0,3.0,,3.0,3.0,,,,experienced1,,,,,
2025-11-20 18:54:41.779Z,GAME_ACTION,left,3.0,3.0,,3.0,3.0,,,,experienced1,,,,,
2025-11-20 18:54:42.005Z,GAME_ACTION,left,2.0,3.0,,3.0,3.0,,,,experienced1,,,,,
2025-11-20 18:54:42.233Z,GAME_ACTION,left,1.0,3.0,,3.0,3.0,,,,experienced1,,,,,
2025-11-20 18:54:42.753Z,GAME_ACTION,up,0.0,3.0,,3.0,3.0,,,,experienced1,,,,,
2025-11-20 18:54:43.100Z,GAME_ACTION,up,0.0,2.0,,3.0,3.0,,,,experienced1,,,,,
2025-11-20 18:54:43.527Z,GAME_ACTION,up,0.0,1.0,,3.0,3.0,,,,experienced1,,,,,
2025-11-20 18:54:43.527Z,INTERACTION,,0.0,1.0,,3.0,3.0,,,,experienced1,,,,wizard_interaction,blueAmulet
2025-11-20 18:54:44.464Z,GAME_ACTION,down,0.0,1.0,,3.0,3.0,,,,experienced1,,,,,
2025-11-20 18:54:44.683Z,GAME_ACTION,down,0.0,2.0,,3.0,3.0,,,,experienced1,,,,,
2025-11-20 18:54:45.284Z,GAME_ACTION,right,0.0,3.0,,3.0,3.0,,,,experienced1,,,,,
2025-11-20 18:54:45.489Z,GAME_ACTION,right,1.0,3.0,,3.0,3.0,,,,experienced1,,,,,
2025-11-20 18:54:45.719Z,GAME_ACTION,right,2.0,3.0,,3.0,3.0,,,,experienced1,,,,,
2025-11-20 18:54:45.993Z,GAME_ACTION,right,3.0,3.0,,3.0,3.0,,,,experienced1,,,,,
2025-11-20 18:54:46.603Z,GAME_ACTION,down,4.0,3.0,,3.0,3.0,,,,experienced1,,,,,
2025-11-20 18:54:46.809Z,GAME_ACTION,down,4.0,4.0,,3.0,3.0,,,,experienced1,,,,,
2025-11-20 18:54:47.034Z,GAME_ACTION,down,4.0,5.0,,3.0,3.0,,,,experienced1,,,,,
2025-11-20 18:54:47.246Z,GAME_ACTION,down,4.0,6.0,,3.0,3.0,,,,experienced1,,,,,
2025-11-20 18:54:47.498Z,GAME_ACTION,down,4.0,7.0,,3.0,3.0,,,,experienced1,,,,,
2025-11-20 18:54:47.867Z,GAME_ACTION,down,4.0,8.0,,3.0,3.0,,,,experienced1,,,,,
2025-11-20 18:54:49.360Z,GAME_ACTION,left,4.0,9.0,,3.0,3.0,,,,experienced1,,,,,
2025-11-20 18:54:49.672Z,GAME_ACTION,left,3.0,9.0,,3.0,3.0,,,,experienced1,,,,,
2025-11-20 18:54:50.024Z,GAME_ACTION,left,2.0,9.0,,3.0,3.0,,,,experienced1,,,,,
2025-11-20 18:54:50.435Z,GAME_ACTION,left,1.0,9.0,,3.0,3.0,,,,experienced1,,,,,
2025-11-20 18:54:51.187Z,GAME_ACTION,down,0.0,9.0,,3.0,3.0,,,,experienced1,,,,,
2025-11-20 18:54:51.560Z,GAME_ACTION,down,0.0,10.0,,3.0,3.0,,,,experienced1,,,,,
2025-11-20 18:54:51.560Z,INTERACTION,,0.0,10.0,,3.0,3.0,,,,experienced1,,,,treasure_interaction,B
2025-11-20 18:54:51.560Z,LEVEL_COMPLETE,,0.0,10.0,,3.0,3.0,,,,experienced1,,,,,
2025-11-20 18:54:54.571Z,LEVEL_COMPLETE,,0.0,10.0,,3.0,3.0,,,25.0,experienced1,,,,,

