Session ID,u1769457078999
Completed At,2026-01-26 20:10:29.281Z
Created At,2026-01-26 19:51:18.999Z

User Data
prolificId,6653b7079f37e7ce5378b3dc
age,53
gender,male
timestamp,1769458228980

Comprehension Check
Passed,TRUE

Level: comprehension_check
Timestamp,Type,Player Action,Player X,Player Y,Observed Agent ID,NPC 1 X,NPC 1 Y,NPC 2 X,NPC 2 Y,Steps Remaining,NPC 1 Path Type,NPC 1 Path Index,NPC 2 Path Type,NPC 2 Path Index,Interaction Type,Interaction Details
2026-01-26 19:59:46.583Z,INTERACTION,,,,,,,,,,,,,,comprehension_check,failed
2026-01-26 19:59:56.595Z,INTERACTION,,,,,,,,,,,,,,comprehension_check,failed
2026-01-26 20:00:13.621Z,INTERACTION,,,,,,,,,,,,,,comprehension_check,passed

Level: experiment
Timestamp,Type,Player Action,Player X,Player Y,Observed Agent ID,NPC 1 X,NPC 1 Y,NPC 2 X,NPC 2 Y,Steps Remaining,NPC 1 Path Type,NPC 1 Path Index,NPC 2 Path Type,NPC 2 Path Index,Interaction Type,Interaction Details
2026-01-26 20:10:04.054Z,EXPERIMENT_COMPLETE,,,,,,,,,,,,,,,

Level: s111_1
Timestamp,Type,Player Action,Player X,Player Y,Observed Agent ID,NPC 1 X,NPC 1 Y,NPC 2 X,NPC 2 Y,Steps Remaining,NPC 1 Path Type,NPC 1 Path Index,NPC 2 Path Type,NPC 2 Path Index,Interaction Type,Interaction Details
2026-01-26 19:51:19.150Z,LEVEL_START,,,,,,,,,,,,,,,

Level: sm111_1
Timestamp,Type,Player Action,Player X,Player Y,Observed Agent ID,NPC 1 X,NPC 1 Y,NPC 2 X,NPC 2 Y,Steps Remaining,NPC 1 Path Type,NPC 1 Path Index,NPC 2 Path Type,NPC 2 Path Index,Interaction Type,Interaction Details
2026-01-26 19:51:19.223Z,LEVEL_START,,,,,,,,,,,,,,,
2026-01-26 20:00:41.455Z,AGENT_OBSERVE,,5.0,6.0,3.0,1.0,2.0,,,,experienced1,,,,,
2026-01-26 20:01:07.547Z,GAME_ACTION,up,5.0,6.0,,1.0,2.0,,,,experienced1,,,,,
2026-01-26 20:01:12.340Z,AGENT_OBSERVE,,5.0,5.0,3.0,1.0,2.0,,,,experienced1,,,,,
2026-01-26 20:01:15.481Z,AGENT_OBSERVE,,5.0,5.0,3.0,2.0,2.0,,,,experienced1,,,,,
2026-01-26 20:01:17.401Z,AGENT_OBSERVE,,5.0,5.0,3.0,3.0,2.0,,,,experienced1,,,,,
2026-01-26 20:01:18.676Z,AGENT_OBSERVE,,5.0,5.0,3.0,4.0,2.0,,,,experienced1,,,,,
2026-01-26 20:01:19.839Z,AGENT_OBSERVE,,5.0,5.0,3.0,5.0,2.0,,,,experienced1,,,,,
2026-01-26 20:01:21.159Z,AGENT_OBSERVE,,5.0,5.0,3.0,5.0,2.0,,,,experienced1,,,,,
2026-01-26 20:01:28.741Z,GAME_ACTION,up,5.0,5.0,,5.0,2.0,,,,experienced1,,,,,
2026-01-26 20:01:29.289Z,GAME_ACTION,up,5.0,4.0,,5.0,2.0,,,,experienced1,,,,,
2026-01-26 20:01:32.754Z,AGENT_OBSERVE,,5.0,3.0,3.0,6.0,2.0,,,,experienced1,,,,,
2026-01-26 20:01:37.209Z,GAME_ACTION,up,5.0,3.0,,6.0,2.0,,,,experienced1,,,,,
2026-01-26 20:01:38.912Z,GAME_ACTION,right,5.0,2.0,,6.0,2.0,,,,experienced1,,,,,
2026-01-26 20:01:39.362Z,GAME_ACTION,right,6.0,2.0,,6.0,2.0,,,,experienced1,,,,,
2026-01-26 20:01:39.857Z,GAME_ACTION,right,7.0,2.0,,6.0,2.0,,,,experienced1,,,,,
2026-01-26 20:01:40.427Z,GAME_ACTION,right,8.0,2.0,,6.0,2.0,,,,experienced1,,,,,
2026-01-26 20:01:41.942Z,GAME_ACTION,up,9.0,2.0,,6.0,2.0,,,,experienced1,,,,,
2026-01-26 20:01:41.943Z,INTERACTION,,9.0,2.0,,6.0,2.0,,,,experienced1,,,,wizard_interaction,blueAmulet
2026-01-26 20:01:46.067Z,GAME_ACTION,left,9.0,2.0,,6.0,2.0,,,,experienced1,,,,,
2026-01-26 20:01:46.704Z,GAME_ACTION,left,8.0,2.0,,6.0,2.0,,,,experienced1,,,,,
2026-01-26 20:01:47.192Z,GAME_ACTION,left,7.0,2.0,,6.0,2.0,,,,experienced1,,,,,
2026-01-26 20:01:47.701Z,GAME_ACTION,left,6.0,2.0,,6.0,2.0,,,,experienced1,,,,,
2026-01-26 20:01:49.089Z,GAME_ACTION,down,5.0,2.0,,6.0,2.0,,,,experienced1,,,,,
2026-01-26 20:01:49.614Z,GAME_ACTION,down,5.0,3.0,,6.0,2.0,,,,experienced1,,,,,
2026-01-26 20:01:50.154Z,GAME_ACTION,down,5.0,4.0,,6.0,2.0,,,,experienced1,,,,,
2026-01-26 20:01:50.776Z,GAME_ACTION,down,5.0,5.0,,6.0,2.0,,,,experienced1,,,,,
2026-01-26 20:01:51.369Z,GAME_ACTION,down,5.0,6.0,,6.0,2.0,,,,experienced1,,,,,
2026-01-26 20:01:51.879Z,GAME_ACTION,down,5.0,7.0,,6.0,2.0,,,,experienced1,,,,,
2026-01-26 20:01:53.394Z,GAME_ACTION,right,5.0,8.0,,6.0,2.0,,,,experienced1,,,,,
2026-01-26 20:01:53.806Z,GAME_ACTION,right,6.0,8.0,,6.0,2.0,,,,experienced1,,,,,
2026-01-26 20:01:54.256Z,GAME_ACTION,right,7.0,8.0,,6.0,2.0,,,,experienced1,,,,,
2026-01-26 20:01:54.849Z,GAME_ACTION,right,8.0,8.0,,6.0,2.0,,,,experienced1,,,,,
2026-01-26 20:01:54.850Z,INTERACTION,,8.0,8.0,,6.0,2.0,,,,experienced1,,,,treasure_interaction,B
2026-01-26 20:01:54.850Z,LEVEL_COMPLETE,,8.0,8.0,,6.0,2.0,,,,experienced1,,,,,
2026-01-26 20:01:57.865Z,LEVEL_COMPLETE,,8.0,8.0,,6.0,2.0,,,15.0,experienced1,,,,,

Level: sm112_1
Timestamp,Type,Player Action,Player X,Player Y,Observed Agent ID,NPC 1 X,NPC 1 Y,NPC 2 X,NPC 2 Y,Steps Remaining,NPC 1 Path Type,NPC 1 Path Index,NPC 2 Path Type,NPC 2 Path Index,Interaction Type,Interaction Details
2026-01-26 20:01:58.023Z,LEVEL_START,,,,,,,,,,,,,,,
2026-01-26 20:01:58.024Z,LEVEL_START,,,,,,,,,,,,,,,
2026-01-26 20:02:11.394Z,AGENT_OBSERVE,,5.0,6.0,3.0,4.0,2.0,,,,experienced1,,,,,
2026-01-26 20:02:12.047Z,AGENT_OBSERVE,,5.0,6.0,3.0,3.0,2.0,,,,experienced1,,,,,
2026-01-26 20:02:13.067Z,AGENT_OBSERVE,,5.0,6.0,3.0,3.0,2.0,,,,experienced1,,,,,
2026-01-26 20:02:14.747Z,AGENT_OBSERVE,,5.0,6.0,3.0,2.0,2.0,,,,experienced1,,,,,
2026-01-26 20:02:16.082Z,AGENT_OBSERVE,,5.0,6.0,3.0,1.0,2.0,,,,experienced1,,,,,
2026-01-26 20:02:16.689Z,AGENT_OBSERVE,,5.0,6.0,3.0,1.0,2.0,,,,experienced1,,,,,
2026-01-26 20:02:17.439Z,AGENT_OBSERVE,,5.0,6.0,3.0,2.0,2.0,,,,experienced1,,,,,
2026-01-26 20:02:18.106Z,AGENT_OBSERVE,,5.0,6.0,3.0,3.0,2.0,,,,experienced1,,,,,
2026-01-26 20:02:18.699Z,AGENT_OBSERVE,,5.0,6.0,3.0,4.0,2.0,,,,experienced1,,,,,
2026-01-26 20:02:19.231Z,AGENT_OBSERVE,,5.0,6.0,3.0,5.0,2.0,,,,experienced1,,,,,
2026-01-26 20:02:19.847Z,AGENT_OBSERVE,,5.0,6.0,3.0,5.0,3.0,,,,experienced1,,,,,
2026-01-26 20:02:20.379Z,AGENT_OBSERVE,,5.0,6.0,3.0,5.0,4.0,,,,experienced1,,,,,
2026-01-26 20:02:20.897Z,AGENT_OBSERVE,,5.0,6.0,3.0,6.0,4.0,,,,experienced1,,,,,
2026-01-26 20:02:25.345Z,GAME_ACTION,right,5.0,6.0,,6.0,4.0,,,,experienced1,,,,,
2026-01-26 20:02:25.990Z,GAME_ACTION,right,5.0,6.0,,6.0,4.0,,,,experienced1,,,,,
2026-01-26 20:02:28.719Z,GAME_ACTION,up,5.0,6.0,,6.0,4.0,,,,experienced1,,,,,
2026-01-26 20:02:29.215Z,GAME_ACTION,up,5.0,5.0,,6.0,4.0,,,,experienced1,,,,,
2026-01-26 20:02:30.490Z,GAME_ACTION,right,5.0,4.0,,6.0,4.0,,,,experienced1,,,,,
2026-01-26 20:02:30.887Z,GAME_ACTION,right,6.0,4.0,,6.0,4.0,,,,experienced1,,,,,
2026-01-26 20:02:31.307Z,GAME_ACTION,right,7.0,4.0,,6.0,4.0,,,,experienced1,,,,,
2026-01-26 20:02:31.750Z,INTERACTION,,7.0,4.0,,6.0,4.0,,,,experienced1,,,,wizard_interaction,blueAmulet
2026-01-26 20:02:31.750Z,GAME_ACTION,right,8.0,4.0,,6.0,4.0,,,,experienced1,,,,,
2026-01-26 20:02:37.412Z,GAME_ACTION,left,8.0,4.0,,6.0,4.0,,,,experienced1,,,,,
2026-01-26 20:02:37.891Z,GAME_ACTION,left,7.0,4.0,,6.0,4.0,,,,experienced1,,,,,
2026-01-26 20:02:38.394Z,GAME_ACTION,left,6.0,4.0,,6.0,4.0,,,,experienced1,,,,,
2026-01-26 20:02:40.134Z,GAME_ACTION,down,5.0,4.0,,6.0,4.0,,,,experienced1,,,,,
2026-01-26 20:02:40.682Z,GAME_ACTION,down,5.0,5.0,,6.0,4.0,,,,experienced1,,,,,
2026-01-26 20:02:41.215Z,GAME_ACTION,down,5.0,6.0,,6.0,4.0,,,,experienced1,,,,,
2026-01-26 20:02:43.352Z,GAME_ACTION,up,5.0,7.0,,6.0,4.0,,,,experienced1,,,,,
2026-01-26 20:02:44.019Z,GAME_ACTION,left,5.0,6.0,,6.0,4.0,,,,experienced1,,,,,
2026-01-26 20:02:44.386Z,GAME_ACTION,left,4.0,6.0,,6.0,4.0,,,,experienced1,,,,,
2026-01-26 20:02:44.949Z,GAME_ACTION,left,4.0,6.0,,6.0,4.0,,,,experienced1,,,,,
2026-01-26 20:02:45.309Z,GAME_ACTION,left,4.0,6.0,,6.0,4.0,,,,experienced1,,,,,
2026-01-26 20:02:46.637Z,GAME_ACTION,down,4.0,6.0,,6.0,4.0,,,,experienced1,,,,,
2026-01-26 20:02:48.062Z,GAME_ACTION,right,4.0,6.0,,6.0,4.0,,,,experienced1,,,,,
2026-01-26 20:02:48.849Z,GAME_ACTION,down,5.0,6.0,,6.0,4.0,,,,experienced1,,,,,
2026-01-26 20:02:49.420Z,GAME_ACTION,down,5.0,7.0,,6.0,4.0,,,,experienced1,,,,,
2026-01-26 20:02:50.402Z,GAME_ACTION,right,5.0,8.0,,6.0,4.0,,,,experienced1,,,,,
2026-01-26 20:02:50.755Z,GAME_ACTION,right,6.0,8.0,,6.0,4.0,,,,experienced1,,,,,
2026-01-26 20:02:51.189Z,GAME_ACTION,right,7.0,8.0,,6.0,4.0,,,,experienced1,,,,,
2026-01-26 20:02:51.782Z,GAME_ACTION,right,8.0,8.0,,6.0,4.0,,,,experienced1,,,,,
2026-01-26 20:02:51.782Z,INTERACTION,,8.0,8.0,,6.0,4.0,,,,experienced1,,,,treasure_interaction,B
2026-01-26 20:02:51.782Z,LEVEL_COMPLETE,,8.0,8.0,,6.0,4.0,,,,experienced1,,,,,
2026-01-26 20:02:54.790Z,LEVEL_COMPLETE,,8.0,8.0,,6.0,4.0,,,1.0,experienced1,,,,,

Level: sm211_2
Timestamp,Type,Player Action,Player X,Player Y,Observed Agent ID,NPC 1 X,NPC 1 Y,NPC 2 X,NPC 2 Y,Steps Remaining,NPC 1 Path Type,NPC 1 Path Index,NPC 2 Path Type,NPC 2 Path Index,Interaction Type,Interaction Details
2026-01-26 20:07:44.436Z,LEVEL_START,,,,,,,,,,,,,,,
2026-01-26 20:07:44.445Z,LEVEL_START,,,,,,,,,,,,,,,
2026-01-26 20:07:57.882Z,AGENT_OBSERVE,,6.0,6.0,3.0,0.0,2.0,,,,experienced2,,,,,
2026-01-26 20:08:01.826Z,AGENT_OBSERVE,,6.0,6.0,3.0,0.0,3.0,,,,experienced2,,,,,
2026-01-26 20:08:02.270Z,AGENT_OBSERVE,,6.0,6.0,3.0,1.0,3.0,,,,experienced2,,,,,
2026-01-26 20:08:02.734Z,AGENT_OBSERVE,,6.0,6.0,3.0,2.0,3.0,,,,experienced2,,,,,
2026-01-26 20:08:03.552Z,AGENT_OBSERVE,,6.0,6.0,3.0,3.0,3.0,,,,experienced2,,,,,
2026-01-26 20:08:04.459Z,AGENT_OBSERVE,,6.0,6.0,3.0,4.0,3.0,,,,experienced2,,,,,
2026-01-26 20:08:07.669Z,AGENT_OBSERVE,,6.0,6.0,2.0,4.0,3.0,6.0,9.0,,experienced2,,experienced2,,,
2026-01-26 20:08:08.765Z,AGENT_OBSERVE,,6.0,6.0,2.0,4.0,3.0,5.0,9.0,,experienced2,,experienced2,,,
2026-01-26 20:08:09.432Z,AGENT_OBSERVE,,6.0,6.0,2.0,4.0,3.0,4.0,9.0,,experienced2,,experienced2,,,
2026-01-26 20:08:12.267Z,AGENT_OBSERVE,,6.0,6.0,3.0,5.0,3.0,4.0,9.0,,experienced2,,experienced2,,,
2026-01-26 20:08:13.002Z,AGENT_OBSERVE,,6.0,6.0,3.0,6.0,3.0,4.0,9.0,,experienced2,,experienced2,,,
2026-01-26 20:08:13.595Z,AGENT_OBSERVE,,6.0,6.0,3.0,7.0,3.0,4.0,9.0,,experienced2,,experienced2,,,
2026-01-26 20:08:14.067Z,AGENT_OBSERVE,,6.0,6.0,3.0,8.0,3.0,4.0,9.0,,experienced2,,experienced2,,,
2026-01-26 20:08:14.599Z,AGENT_OBSERVE,,6.0,6.0,3.0,9.0,3.0,4.0,9.0,,experienced2,,experienced2,,,
2026-01-26 20:08:15.042Z,AGENT_OBSERVE,,6.0,6.0,3.0,10.0,3.0,4.0,9.0,,experienced2,,experienced2,,,
2026-01-26 20:08:15.567Z,AGENT_OBSERVE,,6.0,6.0,3.0,10.0,2.0,4.0,9.0,,experienced2,,experienced2,,,
2026-01-26 20:08:16.228Z,AGENT_OBSERVE,,6.0,6.0,3.0,10.0,2.0,4.0,9.0,,experienced2,,experienced2,,,
2026-01-26 20:08:16.917Z,AGENT_OBSERVE,,6.0,6.0,3.0,10.0,3.0,4.0,9.0,,experienced2,,experienced2,,,
2026-01-26 20:08:17.405Z,AGENT_OBSERVE,,6.0,6.0,3.0,9.0,3.0,4.0,9.0,,experienced2,,experienced2,,,
2026-01-26 20:08:18.102Z,AGENT_OBSERVE,,6.0,6.0,3.0,8.0,3.0,4.0,9.0,,experienced2,,experienced2,,,
2026-01-26 20:08:18.642Z,AGENT_OBSERVE,,6.0,6.0,3.0,7.0,3.0,4.0,9.0,,experienced2,,experienced2,,,
2026-01-26 20:08:19.204Z,AGENT_OBSERVE,,6.0,6.0,3.0,6.0,3.0,4.0,9.0,,experienced2,,experienced2,,,
2026-01-26 20:08:20.195Z,AGENT_OBSERVE,,6.0,6.0,2.0,6.0,3.0,3.0,9.0,,experienced2,,experienced2,,,
2026-01-26 20:08:20.818Z,AGENT_OBSERVE,,6.0,6.0,2.0,6.0,3.0,2.0,9.0,,experienced2,,experienced2,,,
2026-01-26 20:08:21.380Z,AGENT_OBSERVE,,6.0,6.0,2.0,6.0,3.0,2.0,8.0,,experienced2,,experienced2,,,
2026-01-26 20:08:21.950Z,AGENT_OBSERVE,,6.0,6.0,2.0,6.0,3.0,2.0,7.0,,experienced2,,experienced2,,,
2026-01-26 20:08:22.640Z,AGENT_OBSERVE,,6.0,6.0,2.0,6.0,3.0,2.0,6.0,,experienced2,,experienced2,,,
2026-01-26 20:08:23.188Z,AGENT_OBSERVE,,6.0,6.0,2.0,6.0,3.0,2.0,5.0,,experienced2,,experienced2,,,
2026-01-26 20:08:23.629Z,AGENT_OBSERVE,,6.0,6.0,2.0,6.0,3.0,2.0,4.0,,experienced2,,experienced2,,,
2026-01-26 20:08:24.575Z,AGENT_OBSERVE,,6.0,6.0,2.0,6.0,3.0,2.0,3.0,,experienced2,,experienced2,,,
2026-01-26 20:08:24.994Z,AGENT_OBSERVE,,6.0,6.0,2.0,6.0,3.0,3.0,3.0,,experienced2,,experienced2,,,
2026-01-26 20:08:25.535Z,AGENT_OBSERVE,,6.0,6.0,2.0,6.0,3.0,4.0,3.0,,experienced2,,experienced2,,,
2026-01-26 20:08:26.082Z,AGENT_OBSERVE,,6.0,6.0,2.0,6.0,3.0,5.0,3.0,,experienced2,,experienced2,,,
2026-01-26 20:08:26.863Z,AGENT_OBSERVE,,6.0,6.0,2.0,6.0,3.0,6.0,3.0,,experienced2,,experienced2,,,
2026-01-26 20:08:28.092Z,AGENT_OBSERVE,,6.0,6.0,3.0,5.0,3.0,6.0,3.0,,experienced2,,experienced2,,,
2026-01-26 20:08:28.647Z,AGENT_OBSERVE,,6.0,6.0,3.0,4.0,3.0,6.0,3.0,,experienced2,,experienced2,,,
2026-01-26 20:08:29.232Z,AGENT_OBSERVE,,6.0,6.0,3.0,3.0,3.0,6.0,3.0,,experienced2,,experienced2,,,
2026-01-26 20:08:30.095Z,AGENT_OBSERVE,,6.0,6.0,3.0,2.0,3.0,6.0,3.0,,experienced2,,experienced2,,,
2026-01-26 20:08:30.530Z,AGENT_OBSERVE,,6.0,6.0,3.0,2.0,4.0,6.0,3.0,,experienced2,,experienced2,,,
2026-01-26 20:08:31.093Z,AGENT_OBSERVE,,6.0,6.0,3.0,2.0,5.0,6.0,3.0,,experienced2,,experienced2,,,
2026-01-26 20:08:35.338Z,GAME_ACTION,down,6.0,6.0,,2.0,5.0,6.0,3.0,,experienced2,,experienced2,,,
2026-01-26 20:08:35.593Z,GAME_ACTION,down,6.0,7.0,,2.0,5.0,6.0,3.0,,experienced2,,experienced2,,,
2026-01-26 20:08:35.847Z,GAME_ACTION,down,6.0,8.0,,2.0,5.0,6.0,3.0,,experienced2,,experienced2,,,
2026-01-26 20:08:38.825Z,GAME_ACTION,left,6.0,9.0,,2.0,5.0,6.0,3.0,,experienced2,,experienced2,,,
2026-01-26 20:08:39.073Z,GAME_ACTION,left,5.0,9.0,,2.0,5.0,6.0,3.0,,experienced2,,experienced2,,,
2026-01-26 20:08:39.312Z,GAME_ACTION,left,4.0,9.0,,2.0,5.0,6.0,3.0,,experienced2,,experienced2,,,
2026-01-26 20:08:39.613Z,GAME_ACTION,left,3.0,9.0,,2.0,5.0,6.0,3.0,,experienced2,,experienced2,,,
2026-01-26 20:08:42.717Z,GAME_ACTION,up,2.0,9.0,,2.0,5.0,6.0,3.0,,experienced2,,experienced2,,,
2026-01-26 20:08:43.017Z,GAME_ACTION,up,2.0,8.0,,2.0,5.0,6.0,3.0,,experienced2,,experienced2,,,
2026-01-26 20:08:44.766Z,GAME_ACTION,left,2.0,7.0,,2.0,5.0,6.0,3.0,,experienced2,,experienced2,,,
2026-01-26 20:08:45.042Z,GAME_ACTION,left,1.0,7.0,,2.0,5.0,6.0,3.0,,experienced2,,experienced2,,,
2026-01-26 20:08:45.043Z,INTERACTION,,1.0,7.0,,2.0,5.0,6.0,3.0,,experienced2,,experienced2,,wizard_interaction,redAmulet
2026-01-26 20:08:45.350Z,GAME_ACTION,left,1.0,7.0,,2.0,5.0,6.0,3.0,,experienced2,,experienced2,,,
2026-01-26 20:08:52.092Z,GAME_ACTION,right,1.0,7.0,,2.0,5.0,6.0,3.0,,experienced2,,experienced2,,,
2026-01-26 20:08:54.200Z,GAME_ACTION,down,2.0,7.0,,2.0,5.0,6.0,3.0,,experienced2,,experienced2,,,
2026-01-26 20:08:54.605Z,GAME_ACTION,down,2.0,8.0,,2.0,5.0,6.0,3.0,,experienced2,,experienced2,,,
2026-01-26 20:08:55.971Z,GAME_ACTION,right,2.0,9.0,,2.0,5.0,6.0,3.0,,experienced2,,experienced2,,,
2026-01-26 20:08:56.398Z,GAME_ACTION,right,3.0,9.0,,2.0,5.0,6.0,3.0,,experienced2,,experienced2,,,
2026-01-26 20:08:56.721Z,GAME_ACTION,right,4.0,9.0,,2.0,5.0,6.0,3.0,,experienced2,,experienced2,,,
2026-01-26 20:08:57.155Z,GAME_ACTION,right,5.0,9.0,,2.0,5.0,6.0,3.0,,experienced2,,experienced2,,,
2026-01-26 20:08:57.424Z,GAME_ACTION,right,6.0,9.0,,2.0,5.0,6.0,3.0,,experienced2,,experienced2,,,
2026-01-26 20:08:57.717Z,GAME_ACTION,right,7.0,9.0,,2.0,5.0,6.0,3.0,,experienced2,,experienced2,,,
2026-01-26 20:08:58.078Z,GAME_ACTION,right,8.0,9.0,,2.0,5.0,6.0,3.0,,experienced2,,experienced2,,,
2026-01-26 20:08:58.296Z,GAME_ACTION,right,9.0,9.0,,2.0,5.0,6.0,3.0,,experienced2,,experienced2,,,
2026-01-26 20:08:58.296Z,INTERACTION,,9.0,9.0,,2.0,5.0,6.0,3.0,,experienced2,,experienced2,,treasure_interaction,A
2026-01-26 20:08:58.535Z,GAME_ACTION,right,10.0,9.0,,2.0,5.0,6.0,3.0,,experienced2,,experienced2,,,
2026-01-26 20:08:59.510Z,GAME_ACTION,right,10.0,9.0,,2.0,5.0,6.0,3.0,,experienced2,,experienced2,,,
2026-01-26 20:09:04.221Z,GAME_ACTION,left,10.0,9.0,,2.0,5.0,6.0,3.0,,experienced2,,experienced2,,,
2026-01-26 20:09:04.520Z,GAME_ACTION,right,9.0,9.0,,2.0,5.0,6.0,3.0,,experienced2,,experienced2,,,
2026-01-26 20:09:04.521Z,INTERACTION,,9.0,9.0,,2.0,5.0,6.0,3.0,,experienced2,,experienced2,,treasure_interaction,A
2026-01-26 20:09:04.760Z,GAME_ACTION,left,10.0,9.0,,2.0,5.0,6.0,3.0,,experienced2,,experienced2,,,
2026-01-26 20:09:05.601Z,GAME_ACTION,right,9.0,9.0,,2.0,5.0,6.0,3.0,,experienced2,,experienced2,,,
2026-01-26 20:09:05.601Z,INTERACTION,,9.0,9.0,,2.0,5.0,6.0,3.0,,experienced2,,experienced2,,treasure_interaction,A
2026-01-26 20:09:05.818Z,GAME_ACTION,left,10.0,9.0,,2.0,5.0,6.0,3.0,,experienced2,,experienced2,,,
2026-01-26 20:09:08.068Z,GAME_ACTION,left,9.0,9.0,,2.0,5.0,6.0,3.0,,experienced2,,experienced2,,,
2026-01-26 20:09:08.615Z,GAME_ACTION,left,8.0,9.0,,2.0,5.0,6.0,3.0,,experienced2,,experienced2,,,
2026-01-26 20:09:08.825Z,GAME_ACTION,left,7.0,9.0,,2.0,5.0,6.0,3.0,,experienced2,,experienced2,,,
2026-01-26 20:09:09.140Z,GAME_ACTION,left,6.0,9.0,,2.0,5.0,6.0,3.0,,experienced2,,experienced2,,,
2026-01-26 20:09:09.643Z,GAME_ACTION,left,5.0,9.0,,2.0,5.0,6.0,3.0,,experienced2,,experienced2,,,
2026-01-26 20:09:09.935Z,GAME_ACTION,left,4.0,9.0,,2.0,5.0,6.0,3.0,,experienced2,,experienced2,,,
2026-01-26 20:09:12.628Z,GAME_ACTION,left,3.0,9.0,,2.0,5.0,6.0,3.0,,experienced2,,experienced2,,,
2026-01-26 20:09:12.912Z,GAME_ACTION,left,2.0,9.0,,2.0,5.0,6.0,3.0,,experienced2,,experienced2,,,
2026-01-26 20:09:14.397Z,GAME_ACTION,left,1.0,9.0,,2.0,5.0,6.0,3.0,,experienced2,,experienced2,,,
2026-01-26 20:09:20.683Z,GAME_ACTION,down,0.0,9.0,,2.0,5.0,6.0,3.0,,experienced2,,experienced2,,,
2026-01-26 20:09:20.960Z,GAME_ACTION,down,0.0,9.0,,2.0,5.0,6.0,3.0,,experienced2,,experienced2,,,
2026-01-26 20:09:21.245Z,GAME_ACTION,down,0.0,9.0,,2.0,5.0,6.0,3.0,,experienced2,,experienced2,,,
2026-01-26 20:09:21.770Z,GAME_ACTION,down,0.0,9.0,,2.0,5.0,6.0,3.0,,experienced2,,experienced2,,,
2026-01-26 20:09:22.003Z,GAME_ACTION,down,0.0,9.0,,2.0,5.0,6.0,3.0,,experienced2,,experienced2,,,
2026-01-26 20:09:22.363Z,GAME_ACTION,down,0.0,9.0,,2.0,5.0,6.0,3.0,,experienced2,,experienced2,,,
2026-01-26 20:09:28.663Z,GAME_ACTION,right,0.0,9.0,,2.0,5.0,6.0,3.0,,experienced2,,experienced2,,,
2026-01-26 20:09:28.895Z,GAME_ACTION,right,1.0,9.0,,2.0,5.0,6.0,3.0,,experienced2,,experienced2,,,
2026-01-26 20:09:32.316Z,GAME_ACTION,up,2.0,9.0,,2.0,5.0,6.0,3.0,,experienced2,,experienced2,,,
2026-01-26 20:09:32.668Z,GAME_ACTION,up,2.0,8.0,,2.0,5.0,6.0,3.0,,experienced2,,experienced2,,,
2026-01-26 20:09:32.894Z,GAME_ACTION,up,2.0,7.0,,2.0,5.0,6.0,3.0,,experienced2,,experienced2,,,
2026-01-26 20:09:33.111Z,GAME_ACTION,up,2.0,6.0,,2.0,5.0,6.0,3.0,,experienced2,,experienced2,,,
2026-01-26 20:09:33.546Z,GAME_ACTION,up,2.0,5.0,,2.0,5.0,6.0,3.0,,experienced2,,experienced2,,,
2026-01-26 20:09:33.928Z,GAME_ACTION,up,2.0,4.0,,2.0,5.0,6.0,3.0,,experienced2,,experienced2,,,
2026-01-26 20:09:34.221Z,GAME_ACTION,up,2.0,3.0,,2.0,5.0,6.0,3.0,,experienced2,,experienced2,,,
2026-01-26 20:09:34.806Z,GAME_ACTION,up,2.0,3.0,,2.0,5.0,6.0,3.0,,experienced2,,experienced2,,,
2026-01-26 20:09:35.210Z,GAME_ACTION,up,2.0,3.0,,2.0,5.0,6.0,3.0,,experienced2,,experienced2,,,
2026-01-26 20:09:35.765Z,GAME_ACTION,left,2.0,3.0,,2.0,5.0,6.0,3.0,,experienced2,,experienced2,,,
2026-01-26 20:09:36.501Z,GAME_ACTION,left,1.0,3.0,,2.0,5.0,6.0,3.0,,experienced2,,experienced2,,,
2026-01-26 20:09:36.726Z,GAME_ACTION,left,0.0,3.0,,2.0,5.0,6.0,3.0,,experienced2,,experienced2,,,
2026-01-26 20:09:37.656Z,GAME_ACTION,up,0.0,3.0,,2.0,5.0,6.0,3.0,,experienced2,,experienced2,,,
2026-01-26 20:09:37.948Z,GAME_ACTION,up,0.0,2.0,,2.0,5.0,6.0,3.0,,experienced2,,experienced2,,,
2026-01-26 20:09:37.948Z,INTERACTION,,0.0,2.0,,2.0,5.0,6.0,3.0,,experienced2,,experienced2,,wizard_interaction,
2026-01-26 20:09:40.550Z,GAME_ACTION,down,0.0,2.0,,2.0,5.0,6.0,3.0,,experienced2,,experienced2,,,
2026-01-26 20:09:40.777Z,GAME_ACTION,down,0.0,3.0,,2.0,5.0,6.0,3.0,,experienced2,,experienced2,,,
2026-01-26 20:09:41.721Z,GAME_ACTION,right,0.0,3.0,,2.0,5.0,6.0,3.0,,experienced2,,experienced2,,,
2026-01-26 20:09:41.953Z,GAME_ACTION,right,1.0,3.0,,2.0,5.0,6.0,3.0,,experienced2,,experienced2,,,
2026-01-26 20:09:42.351Z,GAME_ACTION,right,2.0,3.0,,2.0,5.0,6.0,3.0,,experienced2,,experienced2,,,
2026-01-26 20:09:42.613Z,GAME_ACTION,right,3.0,3.0,,2.0,5.0,6.0,3.0,,experienced2,,experienced2,,,
2026-01-26 20:09:43.101Z,GAME_ACTION,right,4.0,3.0,,2.0,5.0,6.0,3.0,,experienced2,,experienced2,,,
2026-01-26 20:09:43.326Z,GAME_ACTION,right,5.0,3.0,,2.0,5.0,6.0,3.0,,experienced2,,experienced2,,,
2026-01-26 20:09:43.618Z,GAME_ACTION,right,6.0,3.0,,2.0,5.0,6.0,3.0,,experienced2,,experienced2,,,
2026-01-26 20:09:44.030Z,GAME_ACTION,right,7.0,3.0,,2.0,5.0,6.0,3.0,,experienced2,,experienced2,,,
2026-01-26 20:09:44.436Z,GAME_ACTION,right,8.0,3.0,,2.0,5.0,6.0,3.0,,experienced2,,experienced2,,,
2026-01-26 20:09:44.728Z,GAME_ACTION,right,9.0,3.0,,2.0,5.0,6.0,3.0,,experienced2,,experienced2,,,
2026-01-26 20:09:45.958Z,GAME_ACTION,up,10.0,3.0,,2.0,5.0,6.0,3.0,,experienced2,,experienced2,,,
2026-01-26 20:09:46.520Z,GAME_ACTION,up,10.0,2.0,,2.0,5.0,6.0,3.0,,experienced2,,experienced2,,,
2026-01-26 20:09:46.521Z,INTERACTION,,10.0,2.0,,2.0,5.0,6.0,3.0,,experienced2,,experienced2,,wizard_interaction,blueAmulet
2026-01-26 20:09:49.131Z,GAME_ACTION,down,10.0,2.0,,2.0,5.0,6.0,3.0,,experienced2,,experienced2,,,
2026-01-26 20:09:50.646Z,GAME_ACTION,left,10.0,3.0,,2.0,5.0,6.0,3.0,,experienced2,,experienced2,,,
2026-01-26 20:09:51.111Z,GAME_ACTION,left,9.0,3.0,,2.0,5.0,6.0,3.0,,experienced2,,experienced2,,,
2026-01-26 20:09:51.470Z,GAME_ACTION,left,8.0,3.0,,2.0,5.0,6.0,3.0,,experienced2,,experienced2,,,
2026-01-26 20:09:52.409Z,GAME_ACTION,left,7.0,3.0,,2.0,5.0,6.0,3.0,,experienced2,,experienced2,,,
2026-01-26 20:09:52.633Z,GAME_ACTION,left,6.0,3.0,,2.0,5.0,6.0,3.0,,experienced2,,experienced2,,,
2026-01-26 20:09:53.113Z,GAME_ACTION,left,5.0,3.0,,2.0,5.0,6.0,3.0,,experienced2,,experienced2,,,
2026-01-26 20:09:53.549Z,GAME_ACTION,left,4.0,3.0,,2.0,5.0,6.0,3.0,,experienced2,,experienced2,,,
2026-01-26 20:09:53.916Z,GAME_ACTION,left,3.0,3.0,,2.0,5.0,6.0,3.0,,experienced2,,experienced2,,,
2026-01-26 20:09:55.491Z,GAME_ACTION,down,2.0,3.0,,2.0,5.0,6.0,3.0,,experienced2,,experienced2,,,
2026-01-26 20:09:55.723Z,GAME_ACTION,down,2.0,4.0,,2.0,5.0,6.0,3.0,,experienced2,,experienced2,,,
2026-01-26 20:09:56.068Z,GAME_ACTION,down,2.0,5.0,,2.0,5.0,6.0,3.0,,experienced2,,experienced2,,,
2026-01-26 20:09:56.601Z,GAME_ACTION,down,2.0,6.0,,2.0,5.0,6.0,3.0,,experienced2,,experienced2,,,
2026-01-26 20:09:56.983Z,GAME_ACTION,down,2.0,7.0,,2.0,5.0,6.0,3.0,,experienced2,,experienced2,,,
2026-01-26 20:09:57.276Z,GAME_ACTION,down,2.0,8.0,,2.0,5.0,6.0,3.0,,experienced2,,experienced2,,,
2026-01-26 20:09:59.054Z,GAME_ACTION,left,2.0,9.0,,2.0,5.0,6.0,3.0,,experienced2,,experienced2,,,
2026-01-26 20:09:59.450Z,GAME_ACTION,left,1.0,9.0,,2.0,5.0,6.0,3.0,,experienced2,,experienced2,,,
2026-01-26 20:10:00.643Z,GAME_ACTION,down,0.0,9.0,,2.0,5.0,6.0,3.0,,experienced2,,experienced2,,,
2026-01-26 20:10:01.011Z,GAME_ACTION,down,0.0,10.0,,2.0,5.0,6.0,3.0,,experienced2,,experienced2,,,
2026-01-26 20:10:01.011Z,INTERACTION,,0.0,10.0,,2.0,5.0,6.0,3.0,,experienced2,,experienced2,,treasure_interaction,B
2026-01-26 20:10:01.011Z,LEVEL_COMPLETE,,0.0,10.0,,2.0,5.0,6.0,3.0,,experienced2,,experienced2,,,
2026-01-26 20:10:04.018Z,LEVEL_COMPLETE,,0.0,10.0,,2.0,5.0,6.0,3.0,-179.0,experienced2,,experienced2,,,

Level: sm221_1
Timestamp,Type,Player Action,Player X,Player Y,Observed Agent ID,NPC 1 X,NPC 1 Y,NPC 2 X,NPC 2 Y,Steps Remaining,NPC 1 Path Type,NPC 1 Path Index,NPC 2 Path Type,NPC 2 Path Index,Interaction Type,Interaction Details
2026-01-26 20:05:35.092Z,LEVEL_START,,,,,,,,,,,,,,,
2026-01-26 20:05:35.093Z,LEVEL_START,,,,,,,,,,,,,,,
2026-01-26 20:05:56.419Z,AGENT_OBSERVE,,0.0,9.0,3.0,9.0,9.0,,,,experienced1,,,,,
2026-01-26 20:05:57.184Z,AGENT_OBSERVE,,0.0,9.0,3.0,9.0,9.0,,,,experienced1,,,,,
2026-01-26 20:05:58.309Z,AGENT_OBSERVE,,0.0,9.0,3.0,8.0,9.0,,,,experienced1,,,,,
2026-01-26 20:05:58.736Z,AGENT_OBSERVE,,0.0,9.0,3.0,8.0,8.0,,,,experienced1,,,,,
2026-01-26 20:05:59.553Z,AGENT_OBSERVE,,0.0,9.0,3.0,8.0,7.0,,,,experienced1,,,,,
2026-01-26 20:06:00.221Z,AGENT_OBSERVE,,0.0,9.0,3.0,8.0,6.0,,,,experienced1,,,,,
2026-01-26 20:06:00.641Z,AGENT_OBSERVE,,0.0,9.0,3.0,8.0,5.0,,,,experienced1,,,,,
2026-01-26 20:06:01.361Z,AGENT_OBSERVE,,0.0,9.0,3.0,8.0,4.0,,,,experienced1,,,,,
2026-01-26 20:06:06.363Z,GAME_ACTION,right,0.0,9.0,,8.0,4.0,,,,experienced1,,,,,
2026-01-26 20:06:06.679Z,GAME_ACTION,right,1.0,9.0,,8.0,4.0,,,,experienced1,,,,,
2026-01-26 20:06:07.084Z,GAME_ACTION,right,2.0,9.0,,8.0,4.0,,,,experienced1,,,,,
2026-01-26 20:06:07.511Z,GAME_ACTION,right,3.0,9.0,,8.0,4.0,,,,experienced1,,,,,
2026-01-26 20:06:07.738Z,GAME_ACTION,right,4.0,9.0,,8.0,4.0,,,,experienced1,,,,,
2026-01-26 20:06:07.983Z,GAME_ACTION,right,5.0,9.0,,8.0,4.0,,,,experienced1,,,,,
2026-01-26 20:06:08.621Z,GAME_ACTION,right,6.0,9.0,,8.0,4.0,,,,experienced1,,,,,
2026-01-26 20:06:08.944Z,GAME_ACTION,right,7.0,9.0,,8.0,4.0,,,,experienced1,,,,,
2026-01-26 20:06:11.081Z,GAME_ACTION,up,8.0,9.0,,8.0,4.0,,,,experienced1,,,,,
2026-01-26 20:06:11.306Z,GAME_ACTION,up,8.0,8.0,,8.0,4.0,,,,experienced1,,,,,
2026-01-26 20:06:11.787Z,GAME_ACTION,up,8.0,7.0,,8.0,4.0,,,,experienced1,,,,,
2026-01-26 20:06:12.087Z,GAME_ACTION,up,8.0,6.0,,8.0,4.0,,,,experienced1,,,,,
2026-01-26 20:06:12.724Z,GAME_ACTION,up,8.0,5.0,,8.0,4.0,,,,experienced1,,,,,
2026-01-26 20:06:12.971Z,GAME_ACTION,up,8.0,4.0,,8.0,4.0,,,,experienced1,,,,,
2026-01-26 20:06:13.932Z,GAME_ACTION,left,8.0,3.0,,8.0,4.0,,,,experienced1,,,,,
2026-01-26 20:06:14.142Z,GAME_ACTION,left,7.0,3.0,,8.0,4.0,,,,experienced1,,,,,
2026-01-26 20:06:14.367Z,GAME_ACTION,left,6.0,3.0,,8.0,4.0,,,,experienced1,,,,,
2026-01-26 20:06:14.749Z,GAME_ACTION,left,5.0,3.0,,8.0,4.0,,,,experienced1,,,,,
2026-01-26 20:06:15.183Z,GAME_ACTION,left,4.0,3.0,,8.0,4.0,,,,experienced1,,,,,
2026-01-26 20:06:15.424Z,GAME_ACTION,left,3.0,3.0,,8.0,4.0,,,,experienced1,,,,,
2026-01-26 20:06:17.052Z,GAME_ACTION,up,2.0,3.0,,8.0,4.0,,,,experienced1,,,,,
2026-01-26 20:06:17.479Z,GAME_ACTION,up,2.0,2.0,,8.0,4.0,,,,experienced1,,,,,
2026-01-26 20:06:17.480Z,INTERACTION,,2.0,2.0,,8.0,4.0,,,,experienced1,,,,wizard_interaction,blueAmulet
2026-01-26 20:06:21.004Z,GAME_ACTION,down,2.0,2.0,,8.0,4.0,,,,experienced1,,,,,
2026-01-26 20:06:22.204Z,GAME_ACTION,right,2.0,3.0,,8.0,4.0,,,,experienced1,,,,,
2026-01-26 20:06:22.609Z,GAME_ACTION,right,3.0,3.0,,8.0,4.0,,,,experienced1,,,,,
2026-01-26 20:06:22.984Z,GAME_ACTION,right,4.0,3.0,,8.0,4.0,,,,experienced1,,,,,
2026-01-26 20:06:23.389Z,GAME_ACTION,right,5.0,3.0,,8.0,4.0,,,,experienced1,,,,,
2026-01-26 20:06:23.682Z,GAME_ACTION,right,6.0,3.0,,8.0,4.0,,,,experienced1,,,,,
2026-01-26 20:06:23.958Z,GAME_ACTION,right,7.0,3.0,,8.0,4.0,,,,experienced1,,,,,
2026-01-26 20:06:24.191Z,GAME_ACTION,right,8.0,3.0,,8.0,4.0,,,,experienced1,,,,,
2026-01-26 20:06:24.941Z,GAME_ACTION,down,8.0,3.0,,8.0,4.0,,,,experienced1,,,,,
2026-01-26 20:06:25.272Z,GAME_ACTION,down,8.0,4.0,,8.0,4.0,,,,experienced1,,,,,
2026-01-26 20:06:25.699Z,GAME_ACTION,down,8.0,5.0,,8.0,4.0,,,,experienced1,,,,,
2026-01-26 20:06:25.918Z,GAME_ACTION,down,8.0,6.0,,8.0,4.0,,,,experienced1,,,,,
2026-01-26 20:06:26.389Z,GAME_ACTION,down,8.0,7.0,,8.0,4.0,,,,experienced1,,,,,
2026-01-26 20:06:26.704Z,GAME_ACTION,down,8.0,8.0,,8.0,4.0,,,,experienced1,,,,,
2026-01-26 20:06:28.279Z,GAME_ACTION,left,8.0,9.0,,8.0,4.0,,,,experienced1,,,,,
2026-01-26 20:06:28.526Z,GAME_ACTION,left,7.0,9.0,,8.0,4.0,,,,experienced1,,,,,
2026-01-26 20:06:28.767Z,GAME_ACTION,left,6.0,9.0,,8.0,4.0,,,,experienced1,,,,,
2026-01-26 20:06:29.374Z,GAME_ACTION,left,5.0,9.0,,8.0,4.0,,,,experienced1,,,,,
2026-01-26 20:06:29.592Z,GAME_ACTION,left,4.0,9.0,,8.0,4.0,,,,experienced1,,,,,
2026-01-26 20:06:29.823Z,GAME_ACTION,left,3.0,9.0,,8.0,4.0,,,,experienced1,,,,,
2026-01-26 20:06:31.144Z,GAME_ACTION,right,2.0,9.0,,8.0,4.0,,,,experienced1,,,,,
2026-01-26 20:06:31.841Z,GAME_ACTION,down,3.0,9.0,,8.0,4.0,,,,experienced1,,,,,
2026-01-26 20:06:32.516Z,GAME_ACTION,down,3.0,10.0,,8.0,4.0,,,,experienced1,,,,,
2026-01-26 20:06:33.574Z,GAME_ACTION,right,3.0,11.0,,8.0,4.0,,,,experienced1,,,,,
2026-01-26 20:06:33.836Z,GAME_ACTION,right,4.0,11.0,,8.0,4.0,,,,experienced1,,,,,
2026-01-26 20:06:34.249Z,GAME_ACTION,right,5.0,11.0,,8.0,4.0,,,,experienced1,,,,,
2026-01-26 20:06:34.631Z,GAME_ACTION,right,6.0,11.0,,8.0,4.0,,,,experienced1,,,,,
2026-01-26 20:06:35.022Z,GAME_ACTION,right,7.0,11.0,,8.0,4.0,,,,experienced1,,,,,
2026-01-26 20:06:35.382Z,GAME_ACTION,right,8.0,11.0,,8.0,4.0,,,,experienced1,,,,,
2026-01-26 20:06:36.094Z,GAME_ACTION,right,9.0,11.0,,8.0,4.0,,,,experienced1,,,,,
2026-01-26 20:06:36.094Z,INTERACTION,,9.0,11.0,,8.0,4.0,,,,experienced1,,,,treasure_interaction,C
2026-01-26 20:06:36.957Z,GAME_ACTION,right,10.0,11.0,,8.0,4.0,,,,experienced1,,,,,
2026-01-26 20:06:40.714Z,GAME_ACTION,left,10.0,11.0,,8.0,4.0,,,,experienced1,,,,,
2026-01-26 20:06:40.933Z,GAME_ACTION,left,9.0,11.0,,8.0,4.0,,,,experienced1,,,,,
2026-01-26 20:06:41.352Z,GAME_ACTION,left,8.0,11.0,,8.0,4.0,,,,experienced1,,,,,
2026-01-26 20:06:41.749Z,GAME_ACTION,left,7.0,11.0,,8.0,4.0,,,,experienced1,,,,,
2026-01-26 20:06:42.034Z,GAME_ACTION,left,6.0,11.0,,8.0,4.0,,,,experienced1,,,,,
2026-01-26 20:06:42.409Z,GAME_ACTION,left,5.0,11.0,,8.0,4.0,,,,experienced1,,,,,
2026-01-26 20:06:42.874Z,GAME_ACTION,left,4.0,11.0,,8.0,4.0,,,,experienced1,,,,,
2026-01-26 20:06:44.659Z,GAME_ACTION,up,3.0,11.0,,8.0,4.0,,,,experienced1,,,,,
2026-01-26 20:06:44.891Z,GAME_ACTION,up,3.0,10.0,,8.0,4.0,,,,experienced1,,,,,
2026-01-26 20:06:46.549Z,GAME_ACTION,left,3.0,9.0,,8.0,4.0,,,,experienced1,,,,,
2026-01-26 20:06:46.962Z,GAME_ACTION,left,2.0,9.0,,8.0,4.0,,,,experienced1,,,,,
2026-01-26 20:06:47.254Z,GAME_ACTION,left,1.0,9.0,,8.0,4.0,,,,experienced1,,,,,
2026-01-26 20:06:48.589Z,GAME_ACTION,down,0.0,9.0,,8.0,4.0,,,,experienced1,,,,,
2026-01-26 20:06:49.077Z,GAME_ACTION,down,0.0,10.0,,8.0,4.0,,,,experienced1,,,,,
2026-01-26 20:06:49.077Z,INTERACTION,,0.0,10.0,,8.0,4.0,,,,experienced1,,,,treasure_interaction,B
2026-01-26 20:06:49.077Z,LEVEL_COMPLETE,,0.0,10.0,,8.0,4.0,,,,experienced1,,,,,
2026-01-26 20:06:52.083Z,LEVEL_COMPLETE,,0.0,10.0,,8.0,4.0,,,-43.0,experienced1,,,,,

Level: sm431_2
Timestamp,Type,Player Action,Player X,Player Y,Observed Agent ID,NPC 1 X,NPC 1 Y,NPC 2 X,NPC 2 Y,Steps Remaining,NPC 1 Path Type,NPC 1 Path Index,NPC 2 Path Type,NPC 2 Path Index,Interaction Type,Interaction Details
2026-01-26 20:04:17.464Z,LEVEL_START,,,,,,,,,,,,,,,
2026-01-26 20:04:17.464Z,LEVEL_START,,,,,,,,,,,,,,,
2026-01-26 20:04:31.600Z,AGENT_OBSERVE,,5.0,9.0,3.0,0.0,2.0,,,,experienced2,,,,,
2026-01-26 20:04:32.125Z,AGENT_OBSERVE,,5.0,9.0,3.0,0.0,2.0,,,,experienced2,,,,,
2026-01-26 20:04:32.943Z,AGENT_OBSERVE,,5.0,9.0,3.0,0.0,3.0,,,,experienced2,,,,,
2026-01-26 20:04:33.460Z,AGENT_OBSERVE,,5.0,9.0,3.0,1.0,3.0,,,,experienced2,,,,,
2026-01-26 20:04:34.113Z,AGENT_OBSERVE,,5.0,9.0,3.0,2.0,3.0,,,,experienced2,,,,,
2026-01-26 20:04:34.578Z,AGENT_OBSERVE,,5.0,9.0,3.0,2.0,2.0,,,,experienced2,,,,,
2026-01-26 20:04:35.081Z,AGENT_OBSERVE,,5.0,9.0,3.0,2.0,2.0,,,,experienced2,,,,,
2026-01-26 20:04:35.553Z,AGENT_OBSERVE,,5.0,9.0,3.0,2.0,3.0,,,,experienced2,,,,,
2026-01-26 20:04:35.987Z,AGENT_OBSERVE,,5.0,9.0,3.0,3.0,3.0,,,,experienced2,,,,,
2026-01-26 20:04:36.505Z,AGENT_OBSERVE,,5.0,9.0,3.0,4.0,3.0,,,,experienced2,,,,,
2026-01-26 20:04:37.008Z,AGENT_OBSERVE,,5.0,9.0,3.0,4.0,2.0,,,,experienced2,,,,,
2026-01-26 20:04:37.616Z,AGENT_OBSERVE,,5.0,9.0,3.0,4.0,2.0,,,,experienced2,,,,,
2026-01-26 20:04:38.080Z,AGENT_OBSERVE,,5.0,9.0,3.0,4.0,3.0,,,,experienced2,,,,,
2026-01-26 20:04:43.233Z,GAME_ACTION,left,5.0,9.0,,4.0,3.0,,,,experienced2,,,,,
2026-01-26 20:04:43.458Z,GAME_ACTION,left,4.0,9.0,,4.0,3.0,,,,experienced2,,,,,
2026-01-26 20:04:44.050Z,GAME_ACTION,left,3.0,9.0,,4.0,3.0,,,,experienced2,,,,,
2026-01-26 20:04:44.350Z,GAME_ACTION,left,2.0,9.0,,4.0,3.0,,,,experienced2,,,,,
2026-01-26 20:04:44.771Z,GAME_ACTION,left,1.0,9.0,,4.0,3.0,,,,experienced2,,,,,
2026-01-26 20:04:45.055Z,GAME_ACTION,left,0.0,9.0,,4.0,3.0,,,,experienced2,,,,,
2026-01-26 20:04:45.655Z,GAME_ACTION,left,0.0,9.0,,4.0,3.0,,,,experienced2,,,,,
2026-01-26 20:04:47.591Z,GAME_ACTION,right,0.0,9.0,,4.0,3.0,,,,experienced2,,,,,
2026-01-26 20:04:47.830Z,GAME_ACTION,right,1.0,9.0,,4.0,3.0,,,,experienced2,,,,,
2026-01-26 20:04:48.071Z,GAME_ACTION,right,2.0,9.0,,4.0,3.0,,,,experienced2,,,,,
2026-01-26 20:04:48.318Z,GAME_ACTION,right,3.0,9.0,,4.0,3.0,,,,experienced2,,,,,
2026-01-26 20:04:49.646Z,GAME_ACTION,left,4.0,9.0,,4.0,3.0,,,,experienced2,,,,,
2026-01-26 20:04:50.410Z,GAME_ACTION,up,3.0,9.0,,4.0,3.0,,,,experienced2,,,,,
2026-01-26 20:04:50.823Z,GAME_ACTION,up,3.0,8.0,,4.0,3.0,,,,experienced2,,,,,
2026-01-26 20:04:51.243Z,GAME_ACTION,up,3.0,7.0,,4.0,3.0,,,,experienced2,,,,,
2026-01-26 20:04:51.670Z,GAME_ACTION,up,3.0,6.0,,4.0,3.0,,,,experienced2,,,,,
2026-01-26 20:04:52.826Z,GAME_ACTION,left,3.0,5.0,,4.0,3.0,,,,experienced2,,,,,
2026-01-26 20:04:53.038Z,GAME_ACTION,left,2.0,5.0,,4.0,3.0,,,,experienced2,,,,,
2026-01-26 20:04:53.282Z,GAME_ACTION,left,1.0,5.0,,4.0,3.0,,,,experienced2,,,,,
2026-01-26 20:04:54.783Z,GAME_ACTION,up,0.0,5.0,,4.0,3.0,,,,experienced2,,,,,
2026-01-26 20:04:55.007Z,GAME_ACTION,up,0.0,4.0,,4.0,3.0,,,,experienced2,,,,,
2026-01-26 20:04:56.516Z,GAME_ACTION,right,0.0,3.0,,4.0,3.0,,,,experienced2,,,,,
2026-01-26 20:04:56.748Z,GAME_ACTION,right,1.0,3.0,,4.0,3.0,,,,experienced2,,,,,
2026-01-26 20:04:57.153Z,GAME_ACTION,right,2.0,3.0,,4.0,3.0,,,,experienced2,,,,,
2026-01-26 20:04:57.402Z,GAME_ACTION,right,3.0,3.0,,4.0,3.0,,,,experienced2,,,,,
2026-01-26 20:04:58.758Z,GAME_ACTION,up,4.0,3.0,,4.0,3.0,,,,experienced2,,,,,
2026-01-26 20:04:59.231Z,GAME_ACTION,up,4.0,2.0,,4.0,3.0,,,,experienced2,,,,,
2026-01-26 20:04:59.232Z,INTERACTION,,4.0,2.0,,4.0,3.0,,,,experienced2,,,,wizard_interaction,blueAmulet
2026-01-26 20:04:59.628Z,GAME_ACTION,up,4.0,2.0,,4.0,3.0,,,,experienced2,,,,,
2026-01-26 20:05:01.495Z,GAME_ACTION,down,4.0,2.0,,4.0,3.0,,,,experienced2,,,,,
2026-01-26 20:05:03.033Z,GAME_ACTION,left,4.0,3.0,,4.0,3.0,,,,experienced2,,,,,
2026-01-26 20:05:03.566Z,GAME_ACTION,left,3.0,3.0,,4.0,3.0,,,,experienced2,,,,,
2026-01-26 20:05:03.843Z,GAME_ACTION,left,2.0,3.0,,4.0,3.0,,,,experienced2,,,,,
2026-01-26 20:05:04.406Z,GAME_ACTION,left,1.0,3.0,,4.0,3.0,,,,experienced2,,,,,
2026-01-26 20:05:05.741Z,GAME_ACTION,down,0.0,3.0,,4.0,3.0,,,,experienced2,,,,,
2026-01-26 20:05:06.033Z,GAME_ACTION,down,0.0,4.0,,4.0,3.0,,,,experienced2,,,,,
2026-01-26 20:05:09.259Z,GAME_ACTION,right,0.0,5.0,,4.0,3.0,,,,experienced2,,,,,
2026-01-26 20:05:09.671Z,GAME_ACTION,right,1.0,5.0,,4.0,3.0,,,,experienced2,,,,,
2026-01-26 20:05:10.181Z,GAME_ACTION,right,2.0,5.0,,4.0,3.0,,,,experienced2,,,,,
2026-01-26 20:05:12.266Z,GAME_ACTION,right,3.0,5.0,,4.0,3.0,,,,experienced2,,,,,
2026-01-26 20:05:12.634Z,GAME_ACTION,right,4.0,5.0,,4.0,3.0,,,,experienced2,,,,,
2026-01-26 20:05:12.895Z,GAME_ACTION,right,5.0,5.0,,4.0,3.0,,,,experienced2,,,,,
2026-01-26 20:05:13.211Z,GAME_ACTION,right,6.0,5.0,,4.0,3.0,,,,experienced2,,,,,
2026-01-26 20:05:13.526Z,GAME_ACTION,right,7.0,5.0,,4.0,3.0,,,,experienced2,,,,,
2026-01-26 20:05:13.998Z,GAME_ACTION,right,8.0,5.0,,4.0,3.0,,,,experienced2,,,,,
2026-01-26 20:05:15.468Z,GAME_ACTION,up,9.0,5.0,,4.0,3.0,,,,experienced2,,,,,
2026-01-26 20:05:15.940Z,GAME_ACTION,up,9.0,4.0,,4.0,3.0,,,,experienced2,,,,,
2026-01-26 20:05:16.286Z,GAME_ACTION,up,9.0,3.0,,4.0,3.0,,,,experienced2,,,,,
2026-01-26 20:05:16.631Z,GAME_ACTION,up,9.0,2.0,,4.0,3.0,,,,experienced2,,,,,
2026-01-26 20:05:17.111Z,GAME_ACTION,up,9.0,1.0,,4.0,3.0,,,,experienced2,,,,,
2026-01-26 20:05:17.111Z,INTERACTION,,9.0,1.0,,4.0,3.0,,,,experienced2,,,,treasure_interaction,A
2026-01-26 20:05:17.366Z,GAME_ACTION,up,9.0,0.0,,4.0,3.0,,,,experienced2,,,,,
2026-01-26 20:05:19.818Z,GAME_ACTION,down,9.0,0.0,,4.0,3.0,,,,experienced2,,,,,
2026-01-26 20:05:20.239Z,GAME_ACTION,down,9.0,1.0,,4.0,3.0,,,,experienced2,,,,,
2026-01-26 20:05:20.673Z,GAME_ACTION,down,9.0,2.0,,4.0,3.0,,,,experienced2,,,,,
2026-01-26 20:05:21.506Z,GAME_ACTION,down,9.0,3.0,,4.0,3.0,,,,experienced2,,,,,
2026-01-26 20:05:21.941Z,GAME_ACTION,down,9.0,4.0,,4.0,3.0,,,,experienced2,,,,,
2026-01-26 20:05:22.353Z,GAME_ACTION,down,9.0,5.0,,4.0,3.0,,,,experienced2,,,,,
2026-01-26 20:05:23.448Z,GAME_ACTION,left,9.0,5.0,,4.0,3.0,,,,experienced2,,,,,
2026-01-26 20:05:23.838Z,GAME_ACTION,left,8.0,5.0,,4.0,3.0,,,,experienced2,,,,,
2026-01-26 20:05:24.168Z,GAME_ACTION,left,7.0,5.0,,4.0,3.0,,,,experienced2,,,,,
2026-01-26 20:05:24.536Z,GAME_ACTION,left,6.0,5.0,,4.0,3.0,,,,experienced2,,,,,
2026-01-26 20:05:24.754Z,GAME_ACTION,left,5.0,5.0,,4.0,3.0,,,,experienced2,,,,,
2026-01-26 20:05:25.008Z,GAME_ACTION,left,4.0,5.0,,4.0,3.0,,,,experienced2,,,,,
2026-01-26 20:05:26.328Z,GAME_ACTION,down,3.0,5.0,,4.0,3.0,,,,experienced2,,,,,
2026-01-26 20:05:26.539Z,GAME_ACTION,down,3.0,6.0,,4.0,3.0,,,,experienced2,,,,,
2026-01-26 20:05:26.966Z,GAME_ACTION,down,3.0,7.0,,4.0,3.0,,,,experienced2,,,,,
2026-01-26 20:05:27.409Z,GAME_ACTION,down,3.0,8.0,,4.0,3.0,,,,experienced2,,,,,
2026-01-26 20:05:27.828Z,GAME_ACTION,down,3.0,9.0,,4.0,3.0,,,,experienced2,,,,,
2026-01-26 20:05:29.006Z,GAME_ACTION,left,3.0,9.0,,4.0,3.0,,,,experienced2,,,,,
2026-01-26 20:05:29.268Z,GAME_ACTION,left,2.0,9.0,,4.0,3.0,,,,experienced2,,,,,
2026-01-26 20:05:30.041Z,GAME_ACTION,left,1.0,9.0,,4.0,3.0,,,,experienced2,,,,,
2026-01-26 20:05:31.511Z,GAME_ACTION,down,0.0,9.0,,4.0,3.0,,,,experienced2,,,,,
2026-01-26 20:05:31.939Z,GAME_ACTION,down,0.0,10.0,,4.0,3.0,,,,experienced2,,,,,
2026-01-26 20:05:31.939Z,INTERACTION,,0.0,10.0,,4.0,3.0,,,,experienced2,,,,treasure_interaction,B
2026-01-26 20:05:31.939Z,LEVEL_COMPLETE,,0.0,10.0,,4.0,3.0,,,,experienced2,,,,,
2026-01-26 20:05:34.942Z,LEVEL_COMPLETE,,0.0,10.0,,4.0,3.0,,,-69.0,experienced2,,,,,

Level: sm543_2
Timestamp,Type,Player Action,Player X,Player Y,Observed Agent ID,NPC 1 X,NPC 1 Y,NPC 2 X,NPC 2 Y,Steps Remaining,NPC 1 Path Type,NPC 1 Path Index,NPC 2 Path Type,NPC 2 Path Index,Interaction Type,Interaction Details
2026-01-26 20:06:52.232Z,LEVEL_START,,,,,,,,,,,,,,,
2026-01-26 20:06:52.232Z,LEVEL_START,,,,,,,,,,,,,,,
2026-01-26 20:07:11.112Z,AGENT_OBSERVE,,3.0,0.0,3.0,1.0,9.0,,,,experienced2,,,,,
2026-01-26 20:07:23.105Z,GAME_ACTION,left,3.0,0.0,,1.0,9.0,,,,experienced2,,,,,
2026-01-26 20:07:23.682Z,GAME_ACTION,left,2.0,0.0,,1.0,9.0,,,,experienced2,,,,,
2026-01-26 20:07:23.683Z,INTERACTION,,2.0,0.0,,1.0,9.0,,,,experienced2,,,,wizard_interaction,
2026-01-26 20:07:27.282Z,GAME_ACTION,right,2.0,0.0,,1.0,9.0,,,,experienced2,,,,,
2026-01-26 20:07:27.567Z,GAME_ACTION,right,3.0,0.0,,1.0,9.0,,,,experienced2,,,,,
2026-01-26 20:07:27.874Z,GAME_ACTION,right,4.0,0.0,,1.0,9.0,,,,experienced2,,,,,
2026-01-26 20:07:27.874Z,INTERACTION,,4.0,0.0,,1.0,9.0,,,,experienced2,,,,wizard_interaction,blueAmulet
2026-01-26 20:07:28.160Z,GAME_ACTION,right,4.0,0.0,,1.0,9.0,,,,experienced2,,,,,
2026-01-26 20:07:30.237Z,GAME_ACTION,right,4.0,0.0,,1.0,9.0,,,,experienced2,,,,,
2026-01-26 20:07:33.185Z,GAME_ACTION,left,4.0,0.0,,1.0,9.0,,,,experienced2,,,,,
2026-01-26 20:07:34.384Z,GAME_ACTION,down,3.0,0.0,,1.0,9.0,,,,experienced2,,,,,
2026-01-26 20:07:34.902Z,GAME_ACTION,down,3.0,1.0,,1.0,9.0,,,,experienced2,,,,,
2026-01-26 20:07:36.244Z,GAME_ACTION,right,3.0,2.0,,1.0,9.0,,,,experienced2,,,,,
2026-01-26 20:07:36.642Z,GAME_ACTION,right,4.0,2.0,,1.0,9.0,,,,experienced2,,,,,
2026-01-26 20:07:37.932Z,GAME_ACTION,down,5.0,2.0,,1.0,9.0,,,,experienced2,,,,,
2026-01-26 20:07:38.360Z,GAME_ACTION,down,5.0,3.0,,1.0,9.0,,,,experienced2,,,,,
2026-01-26 20:07:38.802Z,GAME_ACTION,down,5.0,4.0,,1.0,9.0,,,,experienced2,,,,,
2026-01-26 20:07:39.987Z,GAME_ACTION,left,5.0,5.0,,1.0,9.0,,,,experienced2,,,,,
2026-01-26 20:07:40.385Z,GAME_ACTION,left,4.0,5.0,,1.0,9.0,,,,experienced2,,,,,
2026-01-26 20:07:40.759Z,GAME_ACTION,left,3.0,5.0,,1.0,9.0,,,,experienced2,,,,,
2026-01-26 20:07:41.029Z,GAME_ACTION,left,2.0,5.0,,1.0,9.0,,,,experienced2,,,,,
2026-01-26 20:07:41.292Z,GAME_ACTION,left,1.0,5.0,,1.0,9.0,,,,experienced2,,,,,
2026-01-26 20:07:41.292Z,INTERACTION,,1.0,5.0,,1.0,9.0,,,,experienced2,,,,treasure_interaction,A
2026-01-26 20:07:41.292Z,LEVEL_COMPLETE,,1.0,5.0,,1.0,9.0,,,,experienced2,,,,,
2026-01-26 20:07:44.294Z,LEVEL_COMPLETE,,1.0,5.0,,1.0,9.0,,,10.0,experienced2,,,,,

Level: sm611_2
Timestamp,Type,Player Action,Player X,Player Y,Observed Agent ID,NPC 1 X,NPC 1 Y,NPC 2 X,NPC 2 Y,Steps Remaining,NPC 1 Path Type,NPC 1 Path Index,NPC 2 Path Type,NPC 2 Path Index,Interaction Type,Interaction Details
2026-01-26 20:02:54.934Z,LEVEL_START,,,,,,,,,,,,,,,
2026-01-26 20:02:54.944Z,LEVEL_START,,,,,,,,,,,,,,,
2026-01-26 20:03:11.335Z,AGENT_OBSERVE,,10.0,8.0,3.0,10.0,1.0,,,,experienced2,,,,,
2026-01-26 20:03:11.905Z,AGENT_OBSERVE,,10.0,8.0,3.0,10.0,1.0,,,,experienced2,,,,,
2026-01-26 20:03:13.555Z,AGENT_OBSERVE,,10.0,8.0,3.0,10.0,2.0,,,,experienced2,,,,,
2026-01-26 20:03:14.155Z,AGENT_OBSERVE,,10.0,8.0,3.0,9.0,2.0,,,,experienced2,,,,,
2026-01-26 20:03:14.792Z,AGENT_OBSERVE,,10.0,8.0,3.0,8.0,2.0,,,,experienced2,,,,,
2026-01-26 20:03:15.204Z,AGENT_OBSERVE,,10.0,8.0,3.0,7.0,2.0,,,,experienced2,,,,,
2026-01-26 20:03:15.625Z,AGENT_OBSERVE,,10.0,8.0,3.0,6.0,2.0,,,,experienced2,,,,,
2026-01-26 20:03:16.052Z,AGENT_OBSERVE,,10.0,8.0,3.0,5.0,2.0,,,,experienced2,,,,,
2026-01-26 20:03:16.667Z,AGENT_OBSERVE,,10.0,8.0,3.0,4.0,2.0,,,,experienced2,,,,,
2026-01-26 20:03:17.132Z,AGENT_OBSERVE,,10.0,8.0,3.0,3.0,2.0,,,,experienced2,,,,,
2026-01-26 20:03:17.604Z,AGENT_OBSERVE,,10.0,8.0,3.0,2.0,2.0,,,,experienced2,,,,,
2026-01-26 20:03:18.069Z,AGENT_OBSERVE,,10.0,8.0,3.0,1.0,2.0,,,,experienced2,,,,,
2026-01-26 20:03:18.558Z,AGENT_OBSERVE,,10.0,8.0,3.0,1.0,2.0,,,,experienced2,,,,,
2026-01-26 20:03:19.337Z,AGENT_OBSERVE,,10.0,8.0,3.0,2.0,2.0,,,,experienced2,,,,,
2026-01-26 20:03:20.005Z,AGENT_OBSERVE,,10.0,8.0,3.0,3.0,2.0,,,,experienced2,,,,,
2026-01-26 20:03:20.493Z,AGENT_OBSERVE,,10.0,8.0,3.0,4.0,2.0,,,,experienced2,,,,,
2026-01-26 20:03:20.926Z,AGENT_OBSERVE,,10.0,8.0,3.0,5.0,2.0,,,,experienced2,,,,,
2026-01-26 20:03:22.285Z,AGENT_OBSERVE,,10.0,8.0,3.0,6.0,2.0,,,,experienced2,,,,,
2026-01-26 20:03:32.568Z,GAME_ACTION,left,10.0,8.0,,6.0,2.0,,,,experienced2,,,,,
2026-01-26 20:03:32.965Z,GAME_ACTION,left,9.0,8.0,,6.0,2.0,,,,experienced2,,,,,
2026-01-26 20:03:33.407Z,GAME_ACTION,left,8.0,8.0,,6.0,2.0,,,,experienced2,,,,,
2026-01-26 20:03:33.827Z,GAME_ACTION,left,7.0,8.0,,6.0,2.0,,,,experienced2,,,,,
2026-01-26 20:03:35.837Z,GAME_ACTION,up,6.0,8.0,,6.0,2.0,,,,experienced2,,,,,
2026-01-26 20:03:36.100Z,GAME_ACTION,up,6.0,7.0,,6.0,2.0,,,,experienced2,,,,,
2026-01-26 20:03:36.362Z,GAME_ACTION,up,6.0,6.0,,6.0,2.0,,,,experienced2,,,,,
2026-01-26 20:03:36.574Z,GAME_ACTION,up,6.0,5.0,,6.0,2.0,,,,experienced2,,,,,
2026-01-26 20:03:36.992Z,GAME_ACTION,up,6.0,4.0,,6.0,2.0,,,,experienced2,,,,,
2026-01-26 20:03:37.412Z,GAME_ACTION,up,6.0,3.0,,6.0,2.0,,,,experienced2,,,,,
2026-01-26 20:03:38.403Z,GAME_ACTION,left,6.0,2.0,,6.0,2.0,,,,experienced2,,,,,
2026-01-26 20:03:38.657Z,GAME_ACTION,left,5.0,2.0,,6.0,2.0,,,,experienced2,,,,,
2026-01-26 20:03:39.025Z,GAME_ACTION,left,4.0,2.0,,6.0,2.0,,,,experienced2,,,,,
2026-01-26 20:03:39.445Z,GAME_ACTION,left,3.0,2.0,,6.0,2.0,,,,experienced2,,,,,
2026-01-26 20:03:39.656Z,GAME_ACTION,left,2.0,2.0,,6.0,2.0,,,,experienced2,,,,,
2026-01-26 20:03:39.873Z,GAME_ACTION,left,1.0,2.0,,6.0,2.0,,,,experienced2,,,,,
2026-01-26 20:03:39.873Z,INTERACTION,,1.0,2.0,,6.0,2.0,,,,experienced2,,,,wizard_interaction,blueAmulet
2026-01-26 20:03:40.090Z,GAME_ACTION,left,1.0,2.0,,6.0,2.0,,,,experienced2,,,,,
2026-01-26 20:03:53.800Z,GAME_ACTION,right,1.0,2.0,,6.0,2.0,,,,experienced2,,,,,
2026-01-26 20:03:54.048Z,GAME_ACTION,right,2.0,2.0,,6.0,2.0,,,,experienced2,,,,,
2026-01-26 20:03:54.490Z,GAME_ACTION,right,3.0,2.0,,6.0,2.0,,,,experienced2,,,,,
2026-01-26 20:03:54.715Z,GAME_ACTION,right,4.0,2.0,,6.0,2.0,,,,experienced2,,,,,
2026-01-26 20:03:55.090Z,GAME_ACTION,right,5.0,2.0,,6.0,2.0,,,,experienced2,,,,,
2026-01-26 20:03:55.533Z,GAME_ACTION,right,6.0,2.0,,6.0,2.0,,,,experienced2,,,,,
2026-01-26 20:03:55.871Z,GAME_ACTION,right,7.0,2.0,,6.0,2.0,,,,experienced2,,,,,
2026-01-26 20:03:56.102Z,GAME_ACTION,right,8.0,2.0,,6.0,2.0,,,,experienced2,,,,,
2026-01-26 20:03:56.329Z,GAME_ACTION,right,9.0,2.0,,6.0,2.0,,,,experienced2,,,,,
2026-01-26 20:03:57.332Z,GAME_ACTION,up,10.0,2.0,,6.0,2.0,,,,experienced2,,,,,
2026-01-26 20:03:57.745Z,GAME_ACTION,up,10.0,1.0,,6.0,2.0,,,,experienced2,,,,,
2026-01-26 20:03:57.745Z,INTERACTION,,10.0,1.0,,6.0,2.0,,,,experienced2,,,,wizard_interaction,
2026-01-26 20:03:58.060Z,GAME_ACTION,up,10.0,1.0,,6.0,2.0,,,,experienced2,,,,,
2026-01-26 20:04:02.207Z,GAME_ACTION,up,10.0,1.0,,6.0,2.0,,,,experienced2,,,,,
2026-01-26 20:04:04.705Z,GAME_ACTION,down,10.0,1.0,,6.0,2.0,,,,experienced2,,,,,
2026-01-26 20:04:05.162Z,GAME_ACTION,down,10.0,2.0,,6.0,2.0,,,,experienced2,,,,,
2026-01-26 20:04:07.248Z,GAME_ACTION,left,10.0,2.0,,6.0,2.0,,,,experienced2,,,,,
2026-01-26 20:04:07.466Z,GAME_ACTION,left,9.0,2.0,,6.0,2.0,,,,experienced2,,,,,
2026-01-26 20:04:07.735Z,GAME_ACTION,left,8.0,2.0,,6.0,2.0,,,,experienced2,,,,,
2026-01-26 20:04:08.230Z,GAME_ACTION,left,7.0,2.0,,6.0,2.0,,,,experienced2,,,,,
2026-01-26 20:04:09.850Z,GAME_ACTION,down,6.0,2.0,,6.0,2.0,,,,experienced2,,,,,
2026-01-26 20:04:10.135Z,GAME_ACTION,down,6.0,3.0,,6.0,2.0,,,,experienced2,,,,,
2026-01-26 20:04:10.758Z,GAME_ACTION,down,6.0,4.0,,6.0,2.0,,,,experienced2,,,,,
2026-01-26 20:04:12.430Z,GAME_ACTION,left,6.0,5.0,,6.0,2.0,,,,experienced2,,,,,
2026-01-26 20:04:12.648Z,GAME_ACTION,left,5.0,5.0,,6.0,2.0,,,,experienced2,,,,,
2026-01-26 20:04:13.068Z,GAME_ACTION,left,4.0,5.0,,6.0,2.0,,,,experienced2,,,,,
2026-01-26 20:04:13.367Z,GAME_ACTION,left,3.0,5.0,,6.0,2.0,,,,experienced2,,,,,
2026-01-26 20:04:13.825Z,GAME_ACTION,left,2.0,5.0,,6.0,2.0,,,,experienced2,,,,,
2026-01-26 20:04:14.036Z,GAME_ACTION,left,1.0,5.0,,6.0,2.0,,,,experienced2,,,,,
2026-01-26 20:04:14.036Z,INTERACTION,,1.0,5.0,,6.0,2.0,,,,experienced2,,,,treasure_interaction,A
2026-01-26 20:04:14.036Z,LEVEL_COMPLETE,,1.0,5.0,,6.0,2.0,,,,experienced2,,,,,
2026-01-26 20:04:17.040Z,LEVEL_COMPLETE,,1.0,5.0,,6.0,2.0,,,-26.0,experienced2,,,,,

