Session ID,u1770058937720
Completed At,2026-02-02 19:20:35.304Z
Created At,2026-02-02 19:02:17.720Z

User Data
prolificId,5e076480c4e1550e2114f006
age,48
gender,male
feedback,Fun game
timestamp,1770060035095

Comprehension Check
Passed,TRUE

Level: comprehension_check
Timestamp,Type,Player Action,Player X,Player Y,Observed Agent ID,NPC 1 X,NPC 1 Y,NPC 2 X,NPC 2 Y,Steps Remaining,NPC 1 Path Type,NPC 1 Path Index,NPC 2 Path Type,NPC 2 Path Index,Interaction Type,Interaction Details
2026-02-02 19:07:51.752Z,INTERACTION,,,,,,,,,,,,,,comprehension_check,failed
2026-02-02 19:07:58.385Z,INTERACTION,,,,,,,,,,,,,,comprehension_check,passed

Level: experiment
Timestamp,Type,Player Action,Player X,Player Y,Observed Agent ID,NPC 1 X,NPC 1 Y,NPC 2 X,NPC 2 Y,Steps Remaining,NPC 1 Path Type,NPC 1 Path Index,NPC 2 Path Type,NPC 2 Path Index,Interaction Type,Interaction Details
2026-02-02 19:20:22.563Z,EXPERIMENT_COMPLETE,,,,,,,,,,,,,,,

Level: s111_1
Timestamp,Type,Player Action,Player X,Player Y,Observed Agent ID,NPC 1 X,NPC 1 Y,NPC 2 X,NPC 2 Y,Steps Remaining,NPC 1 Path Type,NPC 1 Path Index,NPC 2 Path Type,NPC 2 Path Index,Interaction Type,Interaction Details
2026-02-02 19:02:17.799Z,LEVEL_START,,,,,,,,,,,,,,,

Level: sm111_1
Timestamp,Type,Player Action,Player X,Player Y,Observed Agent ID,NPC 1 X,NPC 1 Y,NPC 2 X,NPC 2 Y,Steps Remaining,NPC 1 Path Type,NPC 1 Path Index,NPC 2 Path Type,NPC 2 Path Index,Interaction Type,Interaction Details
2026-02-02 19:02:17.839Z,LEVEL_START,,,,,,,,,,,,,,,
2026-02-02 19:08:21.173Z,AGENT_OBSERVE,,5.0,6.0,2.0,,,2.0,8.0,,,,experienced1,,,
2026-02-02 19:08:21.923Z,AGENT_OBSERVE,,5.0,6.0,2.0,,,3.0,8.0,,,,experienced1,,,
2026-02-02 19:08:22.423Z,AGENT_OBSERVE,,5.0,6.0,2.0,,,4.0,8.0,,,,experienced1,,,
2026-02-02 19:08:23.021Z,AGENT_OBSERVE,,5.0,6.0,2.0,,,5.0,8.0,,,,experienced1,,,
2026-02-02 19:08:23.558Z,AGENT_OBSERVE,,5.0,6.0,2.0,,,5.0,7.0,,,,experienced1,,,
2026-02-02 19:08:24.022Z,AGENT_OBSERVE,,5.0,6.0,2.0,,,5.0,6.0,,,,experienced1,,,
2026-02-02 19:08:24.473Z,AGENT_OBSERVE,,5.0,6.0,2.0,,,5.0,5.0,,,,experienced1,,,
2026-02-02 19:08:25.272Z,AGENT_OBSERVE,,5.0,6.0,2.0,,,5.0,4.0,,,,experienced1,,,
2026-02-02 19:08:25.754Z,AGENT_OBSERVE,,5.0,6.0,2.0,,,5.0,3.0,,,,experienced1,,,
2026-02-02 19:08:26.290Z,AGENT_OBSERVE,,5.0,6.0,2.0,,,5.0,2.0,,,,experienced1,,,
2026-02-02 19:08:26.857Z,AGENT_OBSERVE,,5.0,6.0,2.0,,,6.0,2.0,,,,experienced1,,,
2026-02-02 19:08:27.539Z,AGENT_OBSERVE,,5.0,6.0,2.0,,,7.0,2.0,,,,experienced1,,,
2026-02-02 19:08:28.340Z,AGENT_OBSERVE,,5.0,6.0,2.0,,,8.0,2.0,,,,experienced1,,,
2026-02-02 19:08:29.057Z,AGENT_OBSERVE,,5.0,6.0,2.0,,,9.0,2.0,,,,experienced1,,,
2026-02-02 19:08:29.825Z,AGENT_OBSERVE,,5.0,6.0,2.0,,,9.0,2.0,,,,experienced1,,,
2026-02-02 19:08:32.592Z,GAME_ACTION,up,5.0,6.0,,,,9.0,2.0,,,,experienced1,,,
2026-02-02 19:08:33.290Z,GAME_ACTION,up,5.0,5.0,,,,9.0,2.0,,,,experienced1,,,
2026-02-02 19:08:33.890Z,GAME_ACTION,up,5.0,4.0,,,,9.0,2.0,,,,experienced1,,,
2026-02-02 19:08:34.474Z,GAME_ACTION,up,5.0,3.0,,,,9.0,2.0,,,,experienced1,,,
2026-02-02 19:08:35.623Z,GAME_ACTION,right,5.0,2.0,,,,9.0,2.0,,,,experienced1,,,
2026-02-02 19:08:36.022Z,GAME_ACTION,right,6.0,2.0,,,,9.0,2.0,,,,experienced1,,,
2026-02-02 19:08:36.475Z,GAME_ACTION,right,7.0,2.0,,,,9.0,2.0,,,,experienced1,,,
2026-02-02 19:08:36.974Z,GAME_ACTION,right,8.0,2.0,,,,9.0,2.0,,,,experienced1,,,
2026-02-02 19:08:37.990Z,GAME_ACTION,up,9.0,2.0,,,,9.0,2.0,,,,experienced1,,,
2026-02-02 19:08:37.990Z,INTERACTION,,9.0,2.0,,,,9.0,2.0,,,,experienced1,,wizard_interaction,blueAmulet
2026-02-02 19:08:47.912Z,GAME_ACTION,left,9.0,2.0,,,,9.0,2.0,,,,experienced1,,,
2026-02-02 19:08:48.394Z,GAME_ACTION,left,8.0,2.0,,,,9.0,2.0,,,,experienced1,,,
2026-02-02 19:08:48.793Z,GAME_ACTION,left,7.0,2.0,,,,9.0,2.0,,,,experienced1,,,
2026-02-02 19:08:49.294Z,GAME_ACTION,left,6.0,2.0,,,,9.0,2.0,,,,experienced1,,,
2026-02-02 19:08:50.593Z,GAME_ACTION,down,5.0,2.0,,,,9.0,2.0,,,,experienced1,,,
2026-02-02 19:08:50.912Z,GAME_ACTION,down,5.0,3.0,,,,9.0,2.0,,,,experienced1,,,
2026-02-02 19:08:51.278Z,GAME_ACTION,down,5.0,4.0,,,,9.0,2.0,,,,experienced1,,,
2026-02-02 19:08:51.644Z,GAME_ACTION,down,5.0,5.0,,,,9.0,2.0,,,,experienced1,,,
2026-02-02 19:08:52.012Z,GAME_ACTION,down,5.0,6.0,,,,9.0,2.0,,,,experienced1,,,
2026-02-02 19:08:52.395Z,GAME_ACTION,down,5.0,7.0,,,,9.0,2.0,,,,experienced1,,,
2026-02-02 19:08:53.662Z,GAME_ACTION,right,5.0,8.0,,,,9.0,2.0,,,,experienced1,,,
2026-02-02 19:08:53.927Z,GAME_ACTION,right,6.0,8.0,,,,9.0,2.0,,,,experienced1,,,
2026-02-02 19:08:54.295Z,GAME_ACTION,right,7.0,8.0,,,,9.0,2.0,,,,experienced1,,,
2026-02-02 19:08:54.694Z,GAME_ACTION,right,8.0,8.0,,,,9.0,2.0,,,,experienced1,,,
2026-02-02 19:08:54.695Z,INTERACTION,,8.0,8.0,,,,9.0,2.0,,,,experienced1,,treasure_interaction,B
2026-02-02 19:08:54.695Z,LEVEL_COMPLETE,,8.0,8.0,,,,9.0,2.0,,,,experienced1,,,
2026-02-02 19:08:57.696Z,LEVEL_COMPLETE,,8.0,8.0,,,,9.0,2.0,8.0,,,experienced1,,,

Level: sm112_1
Timestamp,Type,Player Action,Player X,Player Y,Observed Agent ID,NPC 1 X,NPC 1 Y,NPC 2 X,NPC 2 Y,Steps Remaining,NPC 1 Path Type,NPC 1 Path Index,NPC 2 Path Type,NPC 2 Path Index,Interaction Type,Interaction Details
2026-02-02 19:08:57.778Z,LEVEL_START,,,,,,,,,,,,,,,
2026-02-02 19:08:57.787Z,LEVEL_START,,,,,,,,,,,,,,,
2026-02-02 19:09:17.681Z,AGENT_OBSERVE,,5.0,6.0,2.0,,,5.0,5.0,,,,experienced1,,,
2026-02-02 19:09:18.348Z,AGENT_OBSERVE,,5.0,6.0,2.0,,,5.0,6.0,,,,experienced1,,,
2026-02-02 19:09:18.848Z,AGENT_OBSERVE,,5.0,6.0,2.0,,,5.0,7.0,,,,experienced1,,,
2026-02-02 19:09:19.278Z,AGENT_OBSERVE,,5.0,6.0,2.0,,,5.0,8.0,,,,experienced1,,,
2026-02-02 19:09:20.498Z,AGENT_OBSERVE,,5.0,6.0,2.0,,,4.0,8.0,,,,experienced1,,,
2026-02-02 19:09:21.015Z,AGENT_OBSERVE,,5.0,6.0,2.0,,,3.0,8.0,,,,experienced1,,,
2026-02-02 19:09:21.749Z,AGENT_OBSERVE,,5.0,6.0,2.0,,,2.0,8.0,,,,experienced1,,,
2026-02-02 19:09:22.249Z,AGENT_OBSERVE,,5.0,6.0,2.0,,,1.0,8.0,,,,experienced1,,,
2026-02-02 19:09:22.717Z,AGENT_OBSERVE,,5.0,6.0,2.0,,,1.0,8.0,,,,experienced1,,,
2026-02-02 19:09:23.416Z,AGENT_OBSERVE,,5.0,6.0,2.0,,,1.0,9.0,,,,experienced1,,,
2026-02-02 19:09:24.200Z,AGENT_OBSERVE,,5.0,6.0,2.0,,,1.0,9.0,,,,experienced1,,,
2026-02-02 19:09:26.016Z,AGENT_OBSERVE,,5.0,6.0,3.0,4.0,2.0,1.0,9.0,,experienced1,,experienced1,,,
2026-02-02 19:09:26.533Z,AGENT_OBSERVE,,5.0,6.0,3.0,3.0,2.0,1.0,9.0,,experienced1,,experienced1,,,
2026-02-02 19:09:26.961Z,AGENT_OBSERVE,,5.0,6.0,3.0,3.0,2.0,1.0,9.0,,experienced1,,experienced1,,,
2026-02-02 19:09:27.515Z,AGENT_OBSERVE,,5.0,6.0,3.0,2.0,2.0,1.0,9.0,,experienced1,,experienced1,,,
2026-02-02 19:09:28.017Z,AGENT_OBSERVE,,5.0,6.0,3.0,1.0,2.0,1.0,9.0,,experienced1,,experienced1,,,
2026-02-02 19:09:28.501Z,AGENT_OBSERVE,,5.0,6.0,3.0,1.0,2.0,1.0,9.0,,experienced1,,experienced1,,,
2026-02-02 19:09:29.850Z,GAME_ACTION,up,5.0,6.0,,1.0,2.0,1.0,9.0,,experienced1,,experienced1,,,
2026-02-02 19:09:30.233Z,GAME_ACTION,up,5.0,5.0,,1.0,2.0,1.0,9.0,,experienced1,,experienced1,,,
2026-02-02 19:09:30.651Z,GAME_ACTION,up,5.0,4.0,,1.0,2.0,1.0,9.0,,experienced1,,experienced1,,,
2026-02-02 19:09:31.101Z,GAME_ACTION,up,5.0,3.0,,1.0,2.0,1.0,9.0,,experienced1,,experienced1,,,
2026-02-02 19:09:32.434Z,GAME_ACTION,left,5.0,2.0,,1.0,2.0,1.0,9.0,,experienced1,,experienced1,,,
2026-02-02 19:09:32.750Z,GAME_ACTION,left,4.0,2.0,,1.0,2.0,1.0,9.0,,experienced1,,experienced1,,,
2026-02-02 19:09:33.151Z,GAME_ACTION,left,3.0,2.0,,1.0,2.0,1.0,9.0,,experienced1,,experienced1,,,
2026-02-02 19:09:33.534Z,GAME_ACTION,left,2.0,2.0,,1.0,2.0,1.0,9.0,,experienced1,,experienced1,,,
2026-02-02 19:09:34.467Z,GAME_ACTION,up,1.0,2.0,,1.0,2.0,1.0,9.0,,experienced1,,experienced1,,,
2026-02-02 19:09:34.467Z,INTERACTION,,1.0,2.0,,1.0,2.0,1.0,9.0,,experienced1,,experienced1,,wizard_interaction,
2026-02-02 19:09:37.651Z,GAME_ACTION,right,1.0,2.0,,1.0,2.0,1.0,9.0,,experienced1,,experienced1,,,
2026-02-02 19:09:38.034Z,GAME_ACTION,right,2.0,2.0,,1.0,2.0,1.0,9.0,,experienced1,,experienced1,,,
2026-02-02 19:09:39.135Z,GAME_ACTION,up,3.0,2.0,,1.0,2.0,1.0,9.0,,experienced1,,experienced1,,,
2026-02-02 19:09:39.136Z,INTERACTION,,3.0,2.0,,1.0,2.0,1.0,9.0,,experienced1,,experienced1,,wizard_interaction,
2026-02-02 19:09:40.418Z,GAME_ACTION,right,3.0,2.0,,1.0,2.0,1.0,9.0,,experienced1,,experienced1,,,
2026-02-02 19:09:40.785Z,GAME_ACTION,right,4.0,2.0,,1.0,2.0,1.0,9.0,,experienced1,,experienced1,,,
2026-02-02 19:09:41.735Z,GAME_ACTION,down,5.0,2.0,,1.0,2.0,1.0,9.0,,experienced1,,experienced1,,,
2026-02-02 19:09:42.218Z,GAME_ACTION,down,5.0,3.0,,1.0,2.0,1.0,9.0,,experienced1,,experienced1,,,
2026-02-02 19:09:42.886Z,GAME_ACTION,right,5.0,4.0,,1.0,2.0,1.0,9.0,,experienced1,,experienced1,,,
2026-02-02 19:09:43.236Z,GAME_ACTION,right,6.0,4.0,,1.0,2.0,1.0,9.0,,experienced1,,experienced1,,,
2026-02-02 19:09:43.585Z,GAME_ACTION,right,7.0,4.0,,1.0,2.0,1.0,9.0,,experienced1,,experienced1,,,
2026-02-02 19:09:44.001Z,GAME_ACTION,right,8.0,4.0,,1.0,2.0,1.0,9.0,,experienced1,,experienced1,,,
2026-02-02 19:09:44.001Z,INTERACTION,,8.0,4.0,,1.0,2.0,1.0,9.0,,experienced1,,experienced1,,wizard_interaction,blueAmulet
2026-02-02 19:09:45.253Z,GAME_ACTION,left,8.0,4.0,,1.0,2.0,1.0,9.0,,experienced1,,experienced1,,,
2026-02-02 19:09:45.668Z,GAME_ACTION,left,7.0,4.0,,1.0,2.0,1.0,9.0,,experienced1,,experienced1,,,
2026-02-02 19:09:46.052Z,GAME_ACTION,left,6.0,4.0,,1.0,2.0,1.0,9.0,,experienced1,,experienced1,,,
2026-02-02 19:09:47.037Z,GAME_ACTION,down,5.0,4.0,,1.0,2.0,1.0,9.0,,experienced1,,experienced1,,,
2026-02-02 19:09:47.384Z,GAME_ACTION,down,5.0,5.0,,1.0,2.0,1.0,9.0,,experienced1,,experienced1,,,
2026-02-02 19:09:47.735Z,GAME_ACTION,down,5.0,6.0,,1.0,2.0,1.0,9.0,,experienced1,,experienced1,,,
2026-02-02 19:09:48.135Z,GAME_ACTION,down,5.0,7.0,,1.0,2.0,1.0,9.0,,experienced1,,experienced1,,,
2026-02-02 19:09:48.952Z,GAME_ACTION,right,5.0,8.0,,1.0,2.0,1.0,9.0,,experienced1,,experienced1,,,
2026-02-02 19:09:49.301Z,GAME_ACTION,right,6.0,8.0,,1.0,2.0,1.0,9.0,,experienced1,,experienced1,,,
2026-02-02 19:09:49.787Z,GAME_ACTION,right,7.0,8.0,,1.0,2.0,1.0,9.0,,experienced1,,experienced1,,,
2026-02-02 19:09:50.420Z,GAME_ACTION,right,8.0,8.0,,1.0,2.0,1.0,9.0,,experienced1,,experienced1,,,
2026-02-02 19:09:50.420Z,INTERACTION,,8.0,8.0,,1.0,2.0,1.0,9.0,,experienced1,,experienced1,,treasure_interaction,B
2026-02-02 19:10:00.787Z,GAME_ACTION,left,9.0,8.0,,1.0,2.0,1.0,9.0,,experienced1,,experienced1,,,
2026-02-02 19:10:01.454Z,GAME_ACTION,left,8.0,8.0,,1.0,2.0,1.0,9.0,,experienced1,,experienced1,,,
2026-02-02 19:10:02.288Z,GAME_ACTION,left,7.0,8.0,,1.0,2.0,1.0,9.0,,experienced1,,experienced1,,,
2026-02-02 19:10:03.722Z,GAME_ACTION,left,6.0,8.0,,1.0,2.0,1.0,9.0,,experienced1,,experienced1,,,
2026-02-02 19:10:04.020Z,GAME_ACTION,left,5.0,8.0,,1.0,2.0,1.0,9.0,,experienced1,,experienced1,,,
2026-02-02 19:10:04.389Z,GAME_ACTION,left,4.0,8.0,,1.0,2.0,1.0,9.0,,experienced1,,experienced1,,,
2026-02-02 19:10:04.704Z,GAME_ACTION,left,3.0,8.0,,1.0,2.0,1.0,9.0,,experienced1,,experienced1,,,
2026-02-02 19:10:05.105Z,GAME_ACTION,left,2.0,8.0,,1.0,2.0,1.0,9.0,,experienced1,,experienced1,,,
2026-02-02 19:10:06.321Z,GAME_ACTION,down,1.0,8.0,,1.0,2.0,1.0,9.0,,experienced1,,experienced1,,,
2026-02-02 19:10:06.689Z,GAME_ACTION,down,1.0,9.0,,1.0,2.0,1.0,9.0,,experienced1,,experienced1,,,
2026-02-02 19:10:06.689Z,INTERACTION,,1.0,9.0,,1.0,2.0,1.0,9.0,,experienced1,,experienced1,,wizard_interaction,redAmulet
2026-02-02 19:10:09.637Z,GAME_ACTION,up,1.0,9.0,,1.0,2.0,1.0,9.0,,experienced1,,experienced1,,,
2026-02-02 19:10:10.939Z,GAME_ACTION,right,1.0,8.0,,1.0,2.0,1.0,9.0,,experienced1,,experienced1,,,
2026-02-02 19:10:11.223Z,GAME_ACTION,right,2.0,8.0,,1.0,2.0,1.0,9.0,,experienced1,,experienced1,,,
2026-02-02 19:10:11.555Z,GAME_ACTION,right,3.0,8.0,,1.0,2.0,1.0,9.0,,experienced1,,experienced1,,,
2026-02-02 19:10:12.038Z,GAME_ACTION,right,4.0,8.0,,1.0,2.0,1.0,9.0,,experienced1,,experienced1,,,
2026-02-02 19:10:12.606Z,GAME_ACTION,down,5.0,8.0,,1.0,2.0,1.0,9.0,,experienced1,,experienced1,,,
2026-02-02 19:10:13.056Z,GAME_ACTION,down,5.0,9.0,,1.0,2.0,1.0,9.0,,experienced1,,experienced1,,,
2026-02-02 19:10:13.056Z,INTERACTION,,5.0,9.0,,1.0,2.0,1.0,9.0,,experienced1,,experienced1,,treasure_interaction,C
2026-02-02 19:10:13.872Z,GAME_ACTION,down,5.0,10.0,,1.0,2.0,1.0,9.0,,experienced1,,experienced1,,,
2026-02-02 19:10:14.638Z,GAME_ACTION,down,5.0,11.0,,1.0,2.0,1.0,9.0,,experienced1,,experienced1,,,
2026-02-02 19:10:16.055Z,GAME_ACTION,up,5.0,11.0,,1.0,2.0,1.0,9.0,,experienced1,,experienced1,,,
2026-02-02 19:10:16.056Z,INTERACTION,,5.0,11.0,,1.0,2.0,1.0,9.0,,experienced1,,experienced1,,treasure_interaction,C
2026-02-02 19:10:16.355Z,GAME_ACTION,up,5.0,10.0,,1.0,2.0,1.0,9.0,,experienced1,,experienced1,,,
2026-02-02 19:10:16.673Z,GAME_ACTION,up,5.0,9.0,,1.0,2.0,1.0,9.0,,experienced1,,experienced1,,,
2026-02-02 19:10:16.989Z,GAME_ACTION,up,5.0,8.0,,1.0,2.0,1.0,9.0,,experienced1,,experienced1,,,
2026-02-02 19:10:17.356Z,GAME_ACTION,up,5.0,7.0,,1.0,2.0,1.0,9.0,,experienced1,,experienced1,,,
2026-02-02 19:10:17.957Z,GAME_ACTION,left,5.0,6.0,,1.0,2.0,1.0,9.0,,experienced1,,experienced1,,,
2026-02-02 19:10:18.206Z,GAME_ACTION,left,4.0,6.0,,1.0,2.0,1.0,9.0,,experienced1,,experienced1,,,
2026-02-02 19:10:18.589Z,GAME_ACTION,left,3.0,6.0,,1.0,2.0,1.0,9.0,,experienced1,,experienced1,,,
2026-02-02 19:10:18.921Z,GAME_ACTION,left,2.0,6.0,,1.0,2.0,1.0,9.0,,experienced1,,experienced1,,,
2026-02-02 19:10:18.921Z,INTERACTION,,2.0,6.0,,1.0,2.0,1.0,9.0,,experienced1,,experienced1,,treasure_interaction,A
2026-02-02 19:10:18.921Z,LEVEL_COMPLETE,,2.0,6.0,,1.0,2.0,1.0,9.0,,experienced1,,experienced1,,,
2026-02-02 19:10:21.922Z,LEVEL_COMPLETE,,2.0,6.0,,1.0,2.0,1.0,9.0,-66.0,experienced1,,experienced1,,,

Level: sm211_2
Timestamp,Type,Player Action,Player X,Player Y,Observed Agent ID,NPC 1 X,NPC 1 Y,NPC 2 X,NPC 2 Y,Steps Remaining,NPC 1 Path Type,NPC 1 Path Index,NPC 2 Path Type,NPC 2 Path Index,Interaction Type,Interaction Details
2026-02-02 19:16:39.129Z,LEVEL_START,,,,,,,,,,,,,,,
2026-02-02 19:16:39.139Z,LEVEL_START,,,,,,,,,,,,,,,
2026-02-02 19:17:24.716Z,AGENT_OBSERVE,,8.0,9.0,2.0,,,6.0,10.0,,,,experienced2,,,
2026-02-02 19:17:25.216Z,AGENT_OBSERVE,,8.0,9.0,2.0,,,6.0,9.0,,,,experienced2,,,
2026-02-02 19:17:25.748Z,AGENT_OBSERVE,,8.0,9.0,2.0,,,5.0,9.0,,,,experienced2,,,
2026-02-02 19:17:26.282Z,AGENT_OBSERVE,,8.0,9.0,2.0,,,4.0,9.0,,,,experienced2,,,
2026-02-02 19:17:26.748Z,AGENT_OBSERVE,,8.0,9.0,2.0,,,3.0,9.0,,,,experienced2,,,
2026-02-02 19:17:27.967Z,AGENT_OBSERVE,,8.0,9.0,2.0,,,2.0,9.0,,,,experienced2,,,
2026-02-02 19:17:28.415Z,AGENT_OBSERVE,,8.0,9.0,2.0,,,2.0,8.0,,,,experienced2,,,
2026-02-02 19:17:29.216Z,AGENT_OBSERVE,,8.0,9.0,2.0,,,2.0,7.0,,,,experienced2,,,
2026-02-02 19:17:29.832Z,AGENT_OBSERVE,,8.0,9.0,2.0,,,2.0,6.0,,,,experienced2,,,
2026-02-02 19:17:30.533Z,AGENT_OBSERVE,,8.0,9.0,2.0,,,2.0,5.0,,,,experienced2,,,
2026-02-02 19:17:31.015Z,AGENT_OBSERVE,,8.0,9.0,2.0,,,2.0,4.0,,,,experienced2,,,
2026-02-02 19:17:31.532Z,AGENT_OBSERVE,,8.0,9.0,2.0,,,2.0,3.0,,,,experienced2,,,
2026-02-02 19:17:32.067Z,AGENT_OBSERVE,,8.0,9.0,2.0,,,3.0,3.0,,,,experienced2,,,
2026-02-02 19:17:34.351Z,GAME_ACTION,left,8.0,9.0,,,,3.0,3.0,,,,experienced2,,,
2026-02-02 19:17:34.667Z,GAME_ACTION,left,7.0,9.0,,,,3.0,3.0,,,,experienced2,,,
2026-02-02 19:17:34.999Z,GAME_ACTION,left,6.0,9.0,,,,3.0,3.0,,,,experienced2,,,
2026-02-02 19:17:35.349Z,GAME_ACTION,left,5.0,9.0,,,,3.0,3.0,,,,experienced2,,,
2026-02-02 19:17:35.684Z,GAME_ACTION,left,4.0,9.0,,,,3.0,3.0,,,,experienced2,,,
2026-02-02 19:17:36.034Z,GAME_ACTION,left,3.0,9.0,,,,3.0,3.0,,,,experienced2,,,
2026-02-02 19:17:37.301Z,GAME_ACTION,up,2.0,9.0,,,,3.0,3.0,,,,experienced2,,,
2026-02-02 19:17:37.651Z,GAME_ACTION,up,2.0,8.0,,,,3.0,3.0,,,,experienced2,,,
2026-02-02 19:17:37.985Z,GAME_ACTION,up,2.0,7.0,,,,3.0,3.0,,,,experienced2,,,
2026-02-02 19:17:38.383Z,GAME_ACTION,up,2.0,6.0,,,,3.0,3.0,,,,experienced2,,,
2026-02-02 19:17:39.149Z,GAME_ACTION,up,2.0,5.0,,,,3.0,3.0,,,,experienced2,,,
2026-02-02 19:17:39.583Z,GAME_ACTION,up,2.0,4.0,,,,3.0,3.0,,,,experienced2,,,
2026-02-02 19:17:40.601Z,GAME_ACTION,right,2.0,3.0,,,,3.0,3.0,,,,experienced2,,,
2026-02-02 19:17:40.917Z,GAME_ACTION,right,3.0,3.0,,,,3.0,3.0,,,,experienced2,,,
2026-02-02 19:17:41.251Z,GAME_ACTION,right,4.0,3.0,,,,3.0,3.0,,,,experienced2,,,
2026-02-02 19:17:41.650Z,GAME_ACTION,right,5.0,3.0,,,,3.0,3.0,,,,experienced2,,,
2026-02-02 19:17:42.001Z,GAME_ACTION,right,6.0,3.0,,,,3.0,3.0,,,,experienced2,,,
2026-02-02 19:17:42.400Z,GAME_ACTION,right,7.0,3.0,,,,3.0,3.0,,,,experienced2,,,
2026-02-02 19:17:42.717Z,GAME_ACTION,right,8.0,3.0,,,,3.0,3.0,,,,experienced2,,,
2026-02-02 19:17:43.168Z,GAME_ACTION,right,9.0,3.0,,,,3.0,3.0,,,,experienced2,,,
2026-02-02 19:17:44.235Z,GAME_ACTION,up,10.0,3.0,,,,3.0,3.0,,,,experienced2,,,
2026-02-02 19:17:44.619Z,GAME_ACTION,up,10.0,2.0,,,,3.0,3.0,,,,experienced2,,,
2026-02-02 19:17:44.619Z,INTERACTION,,10.0,2.0,,,,3.0,3.0,,,,experienced2,,wizard_interaction,blueAmulet
2026-02-02 19:17:46.085Z,GAME_ACTION,down,10.0,2.0,,,,3.0,3.0,,,,experienced2,,,
2026-02-02 19:17:46.986Z,GAME_ACTION,left,10.0,3.0,,,,3.0,3.0,,,,experienced2,,,
2026-02-02 19:17:47.302Z,GAME_ACTION,left,9.0,3.0,,,,3.0,3.0,,,,experienced2,,,
2026-02-02 19:17:47.652Z,GAME_ACTION,left,8.0,3.0,,,,3.0,3.0,,,,experienced2,,,
2026-02-02 19:17:48.035Z,GAME_ACTION,left,7.0,3.0,,,,3.0,3.0,,,,experienced2,,,
2026-02-02 19:17:48.451Z,GAME_ACTION,left,6.0,3.0,,,,3.0,3.0,,,,experienced2,,,
2026-02-02 19:17:48.784Z,GAME_ACTION,left,5.0,3.0,,,,3.0,3.0,,,,experienced2,,,
2026-02-02 19:17:49.167Z,GAME_ACTION,left,4.0,3.0,,,,3.0,3.0,,,,experienced2,,,
2026-02-02 19:17:49.586Z,GAME_ACTION,left,3.0,3.0,,,,3.0,3.0,,,,experienced2,,,
2026-02-02 19:17:50.618Z,GAME_ACTION,down,2.0,3.0,,,,3.0,3.0,,,,experienced2,,,
2026-02-02 19:17:50.919Z,GAME_ACTION,down,2.0,4.0,,,,3.0,3.0,,,,experienced2,,,
2026-02-02 19:17:51.269Z,GAME_ACTION,down,2.0,5.0,,,,3.0,3.0,,,,experienced2,,,
2026-02-02 19:17:51.618Z,GAME_ACTION,down,2.0,6.0,,,,3.0,3.0,,,,experienced2,,,
2026-02-02 19:17:52.002Z,GAME_ACTION,down,2.0,7.0,,,,3.0,3.0,,,,experienced2,,,
2026-02-02 19:17:52.353Z,GAME_ACTION,down,2.0,8.0,,,,3.0,3.0,,,,experienced2,,,
2026-02-02 19:17:53.184Z,GAME_ACTION,left,2.0,9.0,,,,3.0,3.0,,,,experienced2,,,
2026-02-02 19:17:53.486Z,GAME_ACTION,left,1.0,9.0,,,,3.0,3.0,,,,experienced2,,,
2026-02-02 19:17:54.351Z,GAME_ACTION,down,0.0,9.0,,,,3.0,3.0,,,,experienced2,,,
2026-02-02 19:17:55.001Z,GAME_ACTION,down,0.0,10.0,,,,3.0,3.0,,,,experienced2,,,
2026-02-02 19:17:55.001Z,INTERACTION,,0.0,10.0,,,,3.0,3.0,,,,experienced2,,treasure_interaction,B
2026-02-02 19:17:55.001Z,LEVEL_COMPLETE,,0.0,10.0,,,,3.0,3.0,,,,experienced2,,,
2026-02-02 19:17:58.003Z,LEVEL_COMPLETE,,0.0,10.0,,,,3.0,3.0,11.0,,,experienced2,,,

Level: sm341_2
Timestamp,Type,Player Action,Player X,Player Y,Observed Agent ID,NPC 1 X,NPC 1 Y,NPC 2 X,NPC 2 Y,Steps Remaining,NPC 1 Path Type,NPC 1 Path Index,NPC 2 Path Type,NPC 2 Path Index,Interaction Type,Interaction Details
2026-02-02 19:19:28.994Z,LEVEL_START,,,,,,,,,,,,,,,
2026-02-02 19:19:29.002Z,LEVEL_START,,,,,,,,,,,,,,,
2026-02-02 19:19:53.273Z,AGENT_OBSERVE,,0.0,8.0,3.0,0.0,2.0,,,,experienced2,,,,,
2026-02-02 19:19:54.039Z,AGENT_OBSERVE,,0.0,8.0,3.0,0.0,2.0,,,,experienced2,,,,,
2026-02-02 19:19:54.920Z,AGENT_OBSERVE,,0.0,8.0,3.0,0.0,3.0,,,,experienced2,,,,,
2026-02-02 19:19:55.637Z,AGENT_OBSERVE,,0.0,8.0,3.0,0.0,4.0,,,,experienced2,,,,,
2026-02-02 19:19:56.455Z,AGENT_OBSERVE,,0.0,8.0,3.0,0.0,5.0,,,,experienced2,,,,,
2026-02-02 19:19:57.138Z,AGENT_OBSERVE,,0.0,8.0,3.0,0.0,5.0,,,,experienced2,,,,,
2026-02-02 19:19:58.304Z,AGENT_OBSERVE,,0.0,8.0,3.0,0.0,4.0,,,,experienced2,,,,,
2026-02-02 19:19:58.906Z,AGENT_OBSERVE,,0.0,8.0,3.0,0.0,3.0,,,,experienced2,,,,,
2026-02-02 19:19:59.438Z,AGENT_OBSERVE,,0.0,8.0,3.0,1.0,3.0,,,,experienced2,,,,,
2026-02-02 19:20:00.088Z,AGENT_OBSERVE,,0.0,8.0,3.0,2.0,3.0,,,,experienced2,,,,,
2026-02-02 19:20:00.855Z,AGENT_OBSERVE,,0.0,8.0,3.0,2.0,4.0,,,,experienced2,,,,,
2026-02-02 19:20:04.340Z,GAME_ACTION,right,0.0,8.0,,2.0,4.0,,,,experienced2,,,,,
2026-02-02 19:20:04.739Z,GAME_ACTION,right,1.0,8.0,,2.0,4.0,,,,experienced2,,,,,
2026-02-02 19:20:05.573Z,GAME_ACTION,up,2.0,8.0,,2.0,4.0,,,,experienced2,,,,,
2026-02-02 19:20:05.923Z,GAME_ACTION,up,2.0,7.0,,2.0,4.0,,,,experienced2,,,,,
2026-02-02 19:20:06.306Z,GAME_ACTION,up,2.0,6.0,,2.0,4.0,,,,experienced2,,,,,
2026-02-02 19:20:06.672Z,GAME_ACTION,up,2.0,5.0,,2.0,4.0,,,,experienced2,,,,,
2026-02-02 19:20:07.056Z,GAME_ACTION,up,2.0,4.0,,2.0,4.0,,,,experienced2,,,,,
2026-02-02 19:20:07.906Z,GAME_ACTION,left,2.0,3.0,,2.0,4.0,,,,experienced2,,,,,
2026-02-02 19:20:08.255Z,GAME_ACTION,left,1.0,3.0,,2.0,4.0,,,,experienced2,,,,,
2026-02-02 19:20:09.490Z,GAME_ACTION,down,0.0,3.0,,2.0,4.0,,,,experienced2,,,,,
2026-02-02 19:20:09.822Z,GAME_ACTION,down,0.0,4.0,,2.0,4.0,,,,experienced2,,,,,
2026-02-02 19:20:10.206Z,GAME_ACTION,down,0.0,5.0,,2.0,4.0,,,,experienced2,,,,,
2026-02-02 19:20:10.206Z,INTERACTION,,0.0,5.0,,2.0,4.0,,,,experienced2,,,,wizard_interaction,blueAmulet
2026-02-02 19:20:11.757Z,GAME_ACTION,up,0.0,5.0,,2.0,4.0,,,,experienced2,,,,,
2026-02-02 19:20:12.122Z,GAME_ACTION,up,0.0,4.0,,2.0,4.0,,,,experienced2,,,,,
2026-02-02 19:20:12.988Z,GAME_ACTION,right,0.0,3.0,,2.0,4.0,,,,experienced2,,,,,
2026-02-02 19:20:13.374Z,GAME_ACTION,right,1.0,3.0,,2.0,4.0,,,,experienced2,,,,,
2026-02-02 19:20:14.456Z,GAME_ACTION,down,2.0,3.0,,2.0,4.0,,,,experienced2,,,,,
2026-02-02 19:20:14.757Z,GAME_ACTION,down,2.0,4.0,,2.0,4.0,,,,experienced2,,,,,
2026-02-02 19:20:15.140Z,GAME_ACTION,down,2.0,5.0,,2.0,4.0,,,,experienced2,,,,,
2026-02-02 19:20:15.507Z,GAME_ACTION,down,2.0,6.0,,2.0,4.0,,,,experienced2,,,,,
2026-02-02 19:20:15.890Z,GAME_ACTION,down,2.0,7.0,,2.0,4.0,,,,experienced2,,,,,
2026-02-02 19:20:17.023Z,GAME_ACTION,right,2.0,8.0,,2.0,4.0,,,,experienced2,,,,,
2026-02-02 19:20:17.356Z,GAME_ACTION,right,3.0,8.0,,2.0,4.0,,,,experienced2,,,,,
2026-02-02 19:20:17.890Z,GAME_ACTION,right,4.0,8.0,,2.0,4.0,,,,experienced2,,,,,
2026-02-02 19:20:18.756Z,GAME_ACTION,down,5.0,8.0,,2.0,4.0,,,,experienced2,,,,,
2026-02-02 19:20:19.123Z,GAME_ACTION,down,5.0,9.0,,2.0,4.0,,,,experienced2,,,,,
2026-02-02 19:20:19.557Z,GAME_ACTION,down,5.0,10.0,,2.0,4.0,,,,experienced2,,,,,
2026-02-02 19:20:19.557Z,INTERACTION,,5.0,10.0,,2.0,4.0,,,,experienced2,,,,treasure_interaction,B
2026-02-02 19:20:19.557Z,LEVEL_COMPLETE,,5.0,10.0,,2.0,4.0,,,,experienced2,,,,,
2026-02-02 19:20:22.559Z,LEVEL_COMPLETE,,5.0,10.0,,2.0,4.0,,,15.0,experienced2,,,,,

Level: sm351_1
Timestamp,Type,Player Action,Player X,Player Y,Observed Agent ID,NPC 1 X,NPC 1 Y,NPC 2 X,NPC 2 Y,Steps Remaining,NPC 1 Path Type,NPC 1 Path Index,NPC 2 Path Type,NPC 2 Path Index,Interaction Type,Interaction Details
2026-02-02 19:14:48.916Z,LEVEL_START,,,,,,,,,,,,,,,
2026-02-02 19:14:48.923Z,LEVEL_START,,,,,,,,,,,,,,,
2026-02-02 19:15:04.707Z,AGENT_OBSERVE,,10.0,11.0,3.0,5.0,2.0,,,,experienced1,,,,,
2026-02-02 19:15:05.505Z,AGENT_OBSERVE,,10.0,11.0,3.0,5.0,2.0,,,,experienced1,,,,,
2026-02-02 19:15:06.673Z,AGENT_OBSERVE,,10.0,11.0,3.0,5.0,3.0,,,,experienced1,,,,,
2026-02-02 19:15:07.290Z,AGENT_OBSERVE,,10.0,11.0,3.0,6.0,3.0,,,,experienced1,,,,,
2026-02-02 19:15:07.973Z,AGENT_OBSERVE,,10.0,11.0,3.0,7.0,3.0,,,,experienced1,,,,,
2026-02-02 19:15:08.474Z,AGENT_OBSERVE,,10.0,11.0,3.0,7.0,2.0,,,,experienced1,,,,,
2026-02-02 19:15:09.041Z,AGENT_OBSERVE,,10.0,11.0,3.0,7.0,2.0,,,,experienced1,,,,,
2026-02-02 19:15:09.757Z,AGENT_OBSERVE,,10.0,11.0,3.0,7.0,3.0,,,,experienced1,,,,,
2026-02-02 19:15:10.790Z,AGENT_OBSERVE,,10.0,11.0,3.0,8.0,3.0,,,,experienced1,,,,,
2026-02-02 19:15:13.357Z,GAME_ACTION,left,10.0,11.0,,8.0,3.0,,,,experienced1,,,,,
2026-02-02 19:15:13.674Z,GAME_ACTION,left,9.0,11.0,,8.0,3.0,,,,experienced1,,,,,
2026-02-02 19:15:14.040Z,GAME_ACTION,left,8.0,11.0,,8.0,3.0,,,,experienced1,,,,,
2026-02-02 19:15:14.408Z,GAME_ACTION,left,7.0,11.0,,8.0,3.0,,,,experienced1,,,,,
2026-02-02 19:15:14.957Z,GAME_ACTION,left,6.0,11.0,,8.0,3.0,,,,experienced1,,,,,
2026-02-02 19:15:15.790Z,GAME_ACTION,up,5.0,11.0,,8.0,3.0,,,,experienced1,,,,,
2026-02-02 19:15:16.140Z,GAME_ACTION,up,5.0,10.0,,8.0,3.0,,,,experienced1,,,,,
2026-02-02 19:15:16.491Z,GAME_ACTION,up,5.0,9.0,,8.0,3.0,,,,experienced1,,,,,
2026-02-02 19:15:16.858Z,GAME_ACTION,up,5.0,8.0,,8.0,3.0,,,,experienced1,,,,,
2026-02-02 19:15:17.208Z,GAME_ACTION,up,5.0,7.0,,8.0,3.0,,,,experienced1,,,,,
2026-02-02 19:15:17.591Z,GAME_ACTION,up,5.0,6.0,,8.0,3.0,,,,experienced1,,,,,
2026-02-02 19:15:17.989Z,GAME_ACTION,up,5.0,5.0,,8.0,3.0,,,,experienced1,,,,,
2026-02-02 19:15:18.740Z,GAME_ACTION,up,5.0,4.0,,8.0,3.0,,,,experienced1,,,,,
2026-02-02 19:15:19.742Z,GAME_ACTION,right,5.0,3.0,,8.0,3.0,,,,experienced1,,,,,
2026-02-02 19:15:20.074Z,GAME_ACTION,right,6.0,3.0,,8.0,3.0,,,,experienced1,,,,,
2026-02-02 19:15:20.441Z,GAME_ACTION,right,7.0,3.0,,8.0,3.0,,,,experienced1,,,,,
2026-02-02 19:15:20.792Z,GAME_ACTION,right,8.0,3.0,,8.0,3.0,,,,experienced1,,,,,
2026-02-02 19:15:21.226Z,GAME_ACTION,right,9.0,3.0,,8.0,3.0,,,,experienced1,,,,,
2026-02-02 19:15:22.376Z,GAME_ACTION,up,10.0,3.0,,8.0,3.0,,,,experienced1,,,,,
2026-02-02 19:15:22.793Z,GAME_ACTION,up,10.0,2.0,,8.0,3.0,,,,experienced1,,,,,
2026-02-02 19:15:22.793Z,INTERACTION,,10.0,2.0,,8.0,3.0,,,,experienced1,,,,wizard_interaction,blueAmulet
2026-02-02 19:15:29.393Z,GAME_ACTION,down,10.0,2.0,,8.0,3.0,,,,experienced1,,,,,
2026-02-02 19:15:30.377Z,GAME_ACTION,left,10.0,3.0,,8.0,3.0,,,,experienced1,,,,,
2026-02-02 19:15:30.693Z,GAME_ACTION,left,9.0,3.0,,8.0,3.0,,,,experienced1,,,,,
2026-02-02 19:15:31.077Z,GAME_ACTION,left,8.0,3.0,,8.0,3.0,,,,experienced1,,,,,
2026-02-02 19:15:31.478Z,GAME_ACTION,left,7.0,3.0,,8.0,3.0,,,,experienced1,,,,,
2026-02-02 19:15:32.427Z,GAME_ACTION,left,6.0,3.0,,8.0,3.0,,,,experienced1,,,,,
2026-02-02 19:15:33.695Z,GAME_ACTION,down,5.0,3.0,,8.0,3.0,,,,experienced1,,,,,
2026-02-02 19:15:34.044Z,GAME_ACTION,down,5.0,4.0,,8.0,3.0,,,,experienced1,,,,,
2026-02-02 19:15:34.395Z,GAME_ACTION,down,5.0,5.0,,8.0,3.0,,,,experienced1,,,,,
2026-02-02 19:15:34.762Z,GAME_ACTION,down,5.0,6.0,,8.0,3.0,,,,experienced1,,,,,
2026-02-02 19:15:35.227Z,GAME_ACTION,down,5.0,7.0,,8.0,3.0,,,,experienced1,,,,,
2026-02-02 19:15:35.911Z,GAME_ACTION,down,5.0,8.0,,8.0,3.0,,,,experienced1,,,,,
2026-02-02 19:15:36.782Z,GAME_ACTION,right,5.0,9.0,,8.0,3.0,,,,experienced1,,,,,
2026-02-02 19:15:37.078Z,GAME_ACTION,right,6.0,9.0,,8.0,3.0,,,,experienced1,,,,,
2026-02-02 19:15:37.494Z,GAME_ACTION,right,7.0,9.0,,8.0,3.0,,,,experienced1,,,,,
2026-02-02 19:15:37.862Z,GAME_ACTION,right,8.0,9.0,,8.0,3.0,,,,experienced1,,,,,
2026-02-02 19:15:38.278Z,GAME_ACTION,right,9.0,9.0,,8.0,3.0,,,,experienced1,,,,,
2026-02-02 19:15:38.278Z,INTERACTION,,9.0,9.0,,8.0,3.0,,,,experienced1,,,,treasure_interaction,C
2026-02-02 19:15:38.278Z,LEVEL_COMPLETE,,9.0,9.0,,8.0,3.0,,,,experienced1,,,,,
2026-02-02 19:15:41.280Z,LEVEL_COMPLETE,,9.0,9.0,,8.0,3.0,,,17.0,experienced1,,,,,

Level: sm361_1
Timestamp,Type,Player Action,Player X,Player Y,Observed Agent ID,NPC 1 X,NPC 1 Y,NPC 2 X,NPC 2 Y,Steps Remaining,NPC 1 Path Type,NPC 1 Path Index,NPC 2 Path Type,NPC 2 Path Index,Interaction Type,Interaction Details
2026-02-02 19:13:52.478Z,LEVEL_START,,,,,,,,,,,,,,,
2026-02-02 19:13:52.487Z,LEVEL_START,,,,,,,,,,,,,,,
2026-02-02 19:14:16.783Z,AGENT_OBSERVE,,8.0,9.0,2.0,,,4.0,3.0,,,,experienced1,,,
2026-02-02 19:14:19.300Z,AGENT_OBSERVE,,8.0,9.0,3.0,7.0,1.0,4.0,3.0,,experienced1,,experienced1,,,
2026-02-02 19:14:19.835Z,AGENT_OBSERVE,,8.0,9.0,3.0,7.0,1.0,4.0,3.0,,experienced1,,experienced1,,,
2026-02-02 19:14:21.818Z,AGENT_OBSERVE,,8.0,9.0,3.0,7.0,2.0,4.0,3.0,,experienced1,,experienced1,,,
2026-02-02 19:14:22.501Z,AGENT_OBSERVE,,8.0,9.0,3.0,8.0,2.0,4.0,3.0,,experienced1,,experienced1,,,
2026-02-02 19:14:23.134Z,AGENT_OBSERVE,,8.0,9.0,3.0,9.0,2.0,4.0,3.0,,experienced1,,experienced1,,,
2026-02-02 19:14:24.101Z,AGENT_OBSERVE,,8.0,9.0,3.0,9.0,1.0,4.0,3.0,,experienced1,,experienced1,,,
2026-02-02 19:14:24.634Z,AGENT_OBSERVE,,8.0,9.0,3.0,9.0,1.0,4.0,3.0,,experienced1,,experienced1,,,
2026-02-02 19:14:25.317Z,AGENT_OBSERVE,,8.0,9.0,3.0,9.0,2.0,4.0,3.0,,experienced1,,experienced1,,,
2026-02-02 19:14:25.802Z,AGENT_OBSERVE,,8.0,9.0,3.0,8.0,2.0,4.0,3.0,,experienced1,,experienced1,,,
2026-02-02 19:14:26.334Z,AGENT_OBSERVE,,8.0,9.0,3.0,8.0,3.0,4.0,3.0,,experienced1,,experienced1,,,
2026-02-02 19:14:29.485Z,GAME_ACTION,up,8.0,9.0,,8.0,3.0,4.0,3.0,,experienced1,,experienced1,,,
2026-02-02 19:14:29.752Z,GAME_ACTION,up,8.0,8.0,,8.0,3.0,4.0,3.0,,experienced1,,experienced1,,,
2026-02-02 19:14:30.086Z,GAME_ACTION,up,8.0,7.0,,8.0,3.0,4.0,3.0,,experienced1,,experienced1,,,
2026-02-02 19:14:30.435Z,GAME_ACTION,up,8.0,6.0,,8.0,3.0,4.0,3.0,,experienced1,,experienced1,,,
2026-02-02 19:14:30.835Z,GAME_ACTION,up,8.0,5.0,,8.0,3.0,4.0,3.0,,experienced1,,experienced1,,,
2026-02-02 19:14:31.202Z,GAME_ACTION,up,8.0,4.0,,8.0,3.0,4.0,3.0,,experienced1,,experienced1,,,
2026-02-02 19:14:31.586Z,GAME_ACTION,up,8.0,3.0,,8.0,3.0,4.0,3.0,,experienced1,,experienced1,,,
2026-02-02 19:14:32.520Z,GAME_ACTION,right,8.0,2.0,,8.0,3.0,4.0,3.0,,experienced1,,experienced1,,,
2026-02-02 19:14:33.336Z,GAME_ACTION,up,9.0,2.0,,8.0,3.0,4.0,3.0,,experienced1,,experienced1,,,
2026-02-02 19:14:33.703Z,GAME_ACTION,up,9.0,1.0,,8.0,3.0,4.0,3.0,,experienced1,,experienced1,,,
2026-02-02 19:14:33.703Z,INTERACTION,,9.0,1.0,,8.0,3.0,4.0,3.0,,experienced1,,experienced1,,wizard_interaction,blueAmulet
2026-02-02 19:14:35.037Z,GAME_ACTION,down,9.0,1.0,,8.0,3.0,4.0,3.0,,experienced1,,experienced1,,,
2026-02-02 19:14:36.651Z,GAME_ACTION,left,9.0,2.0,,8.0,3.0,4.0,3.0,,experienced1,,experienced1,,,
2026-02-02 19:14:37.619Z,GAME_ACTION,down,8.0,2.0,,8.0,3.0,4.0,3.0,,experienced1,,experienced1,,,
2026-02-02 19:14:37.969Z,GAME_ACTION,down,8.0,3.0,,8.0,3.0,4.0,3.0,,experienced1,,experienced1,,,
2026-02-02 19:14:38.303Z,GAME_ACTION,down,8.0,4.0,,8.0,3.0,4.0,3.0,,experienced1,,experienced1,,,
2026-02-02 19:14:38.636Z,GAME_ACTION,down,8.0,5.0,,8.0,3.0,4.0,3.0,,experienced1,,experienced1,,,
2026-02-02 19:14:39.036Z,GAME_ACTION,down,8.0,6.0,,8.0,3.0,4.0,3.0,,experienced1,,experienced1,,,
2026-02-02 19:14:39.404Z,GAME_ACTION,down,8.0,7.0,,8.0,3.0,4.0,3.0,,experienced1,,experienced1,,,
2026-02-02 19:14:39.903Z,GAME_ACTION,down,8.0,8.0,,8.0,3.0,4.0,3.0,,experienced1,,experienced1,,,
2026-02-02 19:14:41.303Z,GAME_ACTION,left,8.0,9.0,,8.0,3.0,4.0,3.0,,experienced1,,experienced1,,,
2026-02-02 19:14:42.738Z,GAME_ACTION,down,7.0,9.0,,8.0,3.0,4.0,3.0,,experienced1,,experienced1,,,
2026-02-02 19:14:43.454Z,GAME_ACTION,right,7.0,10.0,,8.0,3.0,4.0,3.0,,experienced1,,experienced1,,,
2026-02-02 19:14:44.469Z,GAME_ACTION,down,7.0,10.0,,8.0,3.0,4.0,3.0,,experienced1,,experienced1,,,
2026-02-02 19:14:45.154Z,GAME_ACTION,right,7.0,11.0,,8.0,3.0,4.0,3.0,,experienced1,,experienced1,,,
2026-02-02 19:14:45.470Z,GAME_ACTION,right,8.0,11.0,,8.0,3.0,4.0,3.0,,experienced1,,experienced1,,,
2026-02-02 19:14:45.837Z,GAME_ACTION,right,9.0,11.0,,8.0,3.0,4.0,3.0,,experienced1,,experienced1,,,
2026-02-02 19:14:45.837Z,INTERACTION,,9.0,11.0,,8.0,3.0,4.0,3.0,,experienced1,,experienced1,,treasure_interaction,C
2026-02-02 19:14:45.837Z,LEVEL_COMPLETE,,9.0,11.0,,8.0,3.0,4.0,3.0,,experienced1,,experienced1,,,
2026-02-02 19:14:48.839Z,LEVEL_COMPLETE,,9.0,11.0,,8.0,3.0,4.0,3.0,11.0,experienced1,,experienced1,,,

Level: sm421_2
Timestamp,Type,Player Action,Player X,Player Y,Observed Agent ID,NPC 1 X,NPC 1 Y,NPC 2 X,NPC 2 Y,Steps Remaining,NPC 1 Path Type,NPC 1 Path Index,NPC 2 Path Type,NPC 2 Path Index,Interaction Type,Interaction Details
2026-02-02 19:11:30.449Z,LEVEL_START,,,,,,,,,,,,,,,
2026-02-02 19:11:30.458Z,LEVEL_START,,,,,,,,,,,,,,,
2026-02-02 19:11:49.183Z,AGENT_OBSERVE,,0.0,9.0,2.0,,,4.0,9.0,,,,experienced2,,,
2026-02-02 19:11:49.667Z,AGENT_OBSERVE,,0.0,9.0,2.0,,,3.0,9.0,,,,experienced2,,,
2026-02-02 19:11:50.117Z,AGENT_OBSERVE,,0.0,9.0,2.0,,,3.0,10.0,,,,experienced2,,,
2026-02-02 19:11:50.784Z,AGENT_OBSERVE,,0.0,9.0,2.0,,,3.0,11.0,,,,experienced2,,,
2026-02-02 19:11:51.251Z,AGENT_OBSERVE,,0.0,9.0,2.0,,,4.0,11.0,,,,experienced2,,,
2026-02-02 19:11:52.068Z,AGENT_OBSERVE,,0.0,9.0,2.0,,,5.0,11.0,,,,experienced2,,,
2026-02-02 19:11:52.800Z,AGENT_OBSERVE,,0.0,9.0,2.0,,,6.0,11.0,,,,experienced2,,,
2026-02-02 19:11:53.301Z,AGENT_OBSERVE,,0.0,9.0,2.0,,,7.0,11.0,,,,experienced2,,,
2026-02-02 19:11:54.101Z,AGENT_OBSERVE,,0.0,9.0,2.0,,,8.0,11.0,,,,experienced2,,,
2026-02-02 19:11:54.650Z,AGENT_OBSERVE,,0.0,9.0,2.0,,,9.0,11.0,,,,experienced2,,,
2026-02-02 19:11:55.118Z,AGENT_OBSERVE,,0.0,9.0,2.0,,,10.0,11.0,,,,experienced2,,,
2026-02-02 19:12:02.236Z,AGENT_OBSERVE,,0.0,9.0,3.0,9.0,9.0,10.0,11.0,,experienced2,,experienced2,,,
2026-02-02 19:12:03.202Z,AGENT_OBSERVE,,0.0,9.0,3.0,9.0,9.0,10.0,11.0,,experienced2,,experienced2,,,
2026-02-02 19:12:04.035Z,AGENT_OBSERVE,,0.0,9.0,3.0,8.0,9.0,10.0,11.0,,experienced2,,experienced2,,,
2026-02-02 19:12:04.469Z,AGENT_OBSERVE,,0.0,9.0,3.0,8.0,8.0,10.0,11.0,,experienced2,,experienced2,,,
2026-02-02 19:12:05.068Z,AGENT_OBSERVE,,0.0,9.0,3.0,8.0,7.0,10.0,11.0,,experienced2,,experienced2,,,
2026-02-02 19:12:05.601Z,AGENT_OBSERVE,,0.0,9.0,3.0,9.0,7.0,10.0,11.0,,experienced2,,experienced2,,,
2026-02-02 19:12:06.220Z,AGENT_OBSERVE,,0.0,9.0,3.0,9.0,7.0,10.0,11.0,,experienced2,,experienced2,,,
2026-02-02 19:12:06.920Z,AGENT_OBSERVE,,0.0,9.0,3.0,8.0,7.0,10.0,11.0,,experienced2,,experienced2,,,
2026-02-02 19:12:07.486Z,AGENT_OBSERVE,,0.0,9.0,3.0,8.0,6.0,10.0,11.0,,experienced2,,experienced2,,,
2026-02-02 19:12:08.952Z,AGENT_OBSERVE,,0.0,9.0,3.0,8.0,5.0,10.0,11.0,,experienced2,,experienced2,,,
2026-02-02 19:12:09.736Z,AGENT_OBSERVE,,0.0,9.0,3.0,9.0,5.0,10.0,11.0,,experienced2,,experienced2,,,
2026-02-02 19:12:10.172Z,AGENT_OBSERVE,,0.0,9.0,3.0,9.0,5.0,10.0,11.0,,experienced2,,experienced2,,,
2026-02-02 19:12:11.103Z,AGENT_OBSERVE,,0.0,9.0,3.0,8.0,5.0,10.0,11.0,,experienced2,,experienced2,,,
2026-02-02 19:12:11.620Z,AGENT_OBSERVE,,0.0,9.0,3.0,8.0,4.0,10.0,11.0,,experienced2,,experienced2,,,
2026-02-02 19:12:13.871Z,GAME_ACTION,right,0.0,9.0,,8.0,4.0,10.0,11.0,,experienced2,,experienced2,,,
2026-02-02 19:12:14.204Z,GAME_ACTION,right,1.0,9.0,,8.0,4.0,10.0,11.0,,experienced2,,experienced2,,,
2026-02-02 19:12:14.469Z,GAME_ACTION,right,2.0,9.0,,8.0,4.0,10.0,11.0,,experienced2,,experienced2,,,
2026-02-02 19:12:14.853Z,GAME_ACTION,right,3.0,9.0,,8.0,4.0,10.0,11.0,,experienced2,,experienced2,,,
2026-02-02 19:12:15.186Z,GAME_ACTION,right,4.0,9.0,,8.0,4.0,10.0,11.0,,experienced2,,experienced2,,,
2026-02-02 19:12:15.570Z,GAME_ACTION,right,5.0,9.0,,8.0,4.0,10.0,11.0,,experienced2,,experienced2,,,
2026-02-02 19:12:15.921Z,GAME_ACTION,right,6.0,9.0,,8.0,4.0,10.0,11.0,,experienced2,,experienced2,,,
2026-02-02 19:12:16.452Z,GAME_ACTION,right,7.0,9.0,,8.0,4.0,10.0,11.0,,experienced2,,experienced2,,,
2026-02-02 19:12:17.240Z,GAME_ACTION,up,8.0,9.0,,8.0,4.0,10.0,11.0,,experienced2,,experienced2,,,
2026-02-02 19:12:17.570Z,GAME_ACTION,up,8.0,8.0,,8.0,4.0,10.0,11.0,,experienced2,,experienced2,,,
2026-02-02 19:12:17.871Z,GAME_ACTION,up,8.0,7.0,,8.0,4.0,10.0,11.0,,experienced2,,experienced2,,,
2026-02-02 19:12:18.253Z,GAME_ACTION,up,8.0,6.0,,8.0,4.0,10.0,11.0,,experienced2,,experienced2,,,
2026-02-02 19:12:18.653Z,GAME_ACTION,up,8.0,5.0,,8.0,4.0,10.0,11.0,,experienced2,,experienced2,,,
2026-02-02 19:12:19.587Z,GAME_ACTION,up,8.0,4.0,,8.0,4.0,10.0,11.0,,experienced2,,experienced2,,,
2026-02-02 19:12:20.337Z,GAME_ACTION,left,8.0,3.0,,8.0,4.0,10.0,11.0,,experienced2,,experienced2,,,
2026-02-02 19:12:20.604Z,GAME_ACTION,left,7.0,3.0,,8.0,4.0,10.0,11.0,,experienced2,,experienced2,,,
2026-02-02 19:12:20.971Z,GAME_ACTION,left,6.0,3.0,,8.0,4.0,10.0,11.0,,experienced2,,experienced2,,,
2026-02-02 19:12:21.305Z,GAME_ACTION,left,5.0,3.0,,8.0,4.0,10.0,11.0,,experienced2,,experienced2,,,
2026-02-02 19:12:21.721Z,GAME_ACTION,left,4.0,3.0,,8.0,4.0,10.0,11.0,,experienced2,,experienced2,,,
2026-02-02 19:12:22.038Z,GAME_ACTION,left,3.0,3.0,,8.0,4.0,10.0,11.0,,experienced2,,experienced2,,,
2026-02-02 19:12:22.739Z,GAME_ACTION,up,2.0,3.0,,8.0,4.0,10.0,11.0,,experienced2,,experienced2,,,
2026-02-02 19:12:23.088Z,GAME_ACTION,up,2.0,2.0,,8.0,4.0,10.0,11.0,,experienced2,,experienced2,,,
2026-02-02 19:12:23.521Z,GAME_ACTION,up,2.0,1.0,,8.0,4.0,10.0,11.0,,experienced2,,experienced2,,,
2026-02-02 19:12:23.521Z,INTERACTION,,2.0,1.0,,8.0,4.0,10.0,11.0,,experienced2,,experienced2,,wizard_interaction,blueAmulet
2026-02-02 19:12:26.039Z,GAME_ACTION,down,2.0,1.0,,8.0,4.0,10.0,11.0,,experienced2,,experienced2,,,
2026-02-02 19:12:26.372Z,GAME_ACTION,down,2.0,2.0,,8.0,4.0,10.0,11.0,,experienced2,,experienced2,,,
2026-02-02 19:12:27.123Z,GAME_ACTION,right,2.0,3.0,,8.0,4.0,10.0,11.0,,experienced2,,experienced2,,,
2026-02-02 19:12:27.754Z,GAME_ACTION,right,3.0,3.0,,8.0,4.0,10.0,11.0,,experienced2,,experienced2,,,
2026-02-02 19:12:28.171Z,GAME_ACTION,right,4.0,3.0,,8.0,4.0,10.0,11.0,,experienced2,,experienced2,,,
2026-02-02 19:12:28.605Z,GAME_ACTION,right,5.0,3.0,,8.0,4.0,10.0,11.0,,experienced2,,experienced2,,,
2026-02-02 19:12:29.038Z,GAME_ACTION,right,6.0,3.0,,8.0,4.0,10.0,11.0,,experienced2,,experienced2,,,
2026-02-02 19:12:29.405Z,GAME_ACTION,right,7.0,3.0,,8.0,4.0,10.0,11.0,,experienced2,,experienced2,,,
2026-02-02 19:12:30.272Z,GAME_ACTION,down,8.0,3.0,,8.0,4.0,10.0,11.0,,experienced2,,experienced2,,,
2026-02-02 19:12:30.623Z,GAME_ACTION,down,8.0,4.0,,8.0,4.0,10.0,11.0,,experienced2,,experienced2,,,
2026-02-02 19:12:30.989Z,GAME_ACTION,down,8.0,5.0,,8.0,4.0,10.0,11.0,,experienced2,,experienced2,,,
2026-02-02 19:12:31.340Z,GAME_ACTION,down,8.0,6.0,,8.0,4.0,10.0,11.0,,experienced2,,experienced2,,,
2026-02-02 19:12:31.739Z,GAME_ACTION,down,8.0,7.0,,8.0,4.0,10.0,11.0,,experienced2,,experienced2,,,
2026-02-02 19:12:32.140Z,GAME_ACTION,down,8.0,8.0,,8.0,4.0,10.0,11.0,,experienced2,,experienced2,,,
2026-02-02 19:12:32.990Z,GAME_ACTION,left,8.0,9.0,,8.0,4.0,10.0,11.0,,experienced2,,experienced2,,,
2026-02-02 19:12:33.322Z,GAME_ACTION,left,7.0,9.0,,8.0,4.0,10.0,11.0,,experienced2,,experienced2,,,
2026-02-02 19:12:33.689Z,GAME_ACTION,left,6.0,9.0,,8.0,4.0,10.0,11.0,,experienced2,,experienced2,,,
2026-02-02 19:12:34.073Z,GAME_ACTION,left,5.0,9.0,,8.0,4.0,10.0,11.0,,experienced2,,experienced2,,,
2026-02-02 19:12:34.473Z,GAME_ACTION,left,4.0,9.0,,8.0,4.0,10.0,11.0,,experienced2,,experienced2,,,
2026-02-02 19:12:34.857Z,GAME_ACTION,left,3.0,9.0,,8.0,4.0,10.0,11.0,,experienced2,,experienced2,,,
2026-02-02 19:12:35.273Z,GAME_ACTION,left,2.0,9.0,,8.0,4.0,10.0,11.0,,experienced2,,experienced2,,,
2026-02-02 19:12:35.790Z,GAME_ACTION,left,1.0,9.0,,8.0,4.0,10.0,11.0,,experienced2,,experienced2,,,
2026-02-02 19:12:37.005Z,GAME_ACTION,down,0.0,9.0,,8.0,4.0,10.0,11.0,,experienced2,,experienced2,,,
2026-02-02 19:12:37.390Z,GAME_ACTION,down,0.0,10.0,,8.0,4.0,10.0,11.0,,experienced2,,experienced2,,,
2026-02-02 19:12:37.390Z,INTERACTION,,0.0,10.0,,8.0,4.0,10.0,11.0,,experienced2,,experienced2,,treasure_interaction,B
2026-02-02 19:12:37.390Z,LEVEL_COMPLETE,,0.0,10.0,,8.0,4.0,10.0,11.0,,experienced2,,experienced2,,,
2026-02-02 19:12:40.391Z,LEVEL_COMPLETE,,0.0,10.0,,8.0,4.0,10.0,11.0,1.0,experienced2,,experienced2,,,

Level: sm431_2
Timestamp,Type,Player Action,Player X,Player Y,Observed Agent ID,NPC 1 X,NPC 1 Y,NPC 2 X,NPC 2 Y,Steps Remaining,NPC 1 Path Type,NPC 1 Path Index,NPC 2 Path Type,NPC 2 Path Index,Interaction Type,Interaction Details
2026-02-02 19:15:41.360Z,LEVEL_START,,,,,,,,,,,,,,,
2026-02-02 19:15:41.369Z,LEVEL_START,,,,,,,,,,,,,,,
2026-02-02 19:16:01.667Z,AGENT_OBSERVE,,5.0,9.0,3.0,0.0,2.0,,,,experienced2,,,,,
2026-02-02 19:16:02.184Z,AGENT_OBSERVE,,5.0,9.0,3.0,0.0,2.0,,,,experienced2,,,,,
2026-02-02 19:16:03.050Z,AGENT_OBSERVE,,5.0,9.0,3.0,0.0,3.0,,,,experienced2,,,,,
2026-02-02 19:16:03.768Z,AGENT_OBSERVE,,5.0,9.0,3.0,1.0,3.0,,,,experienced2,,,,,
2026-02-02 19:16:04.484Z,AGENT_OBSERVE,,5.0,9.0,3.0,2.0,3.0,,,,experienced2,,,,,
2026-02-02 19:16:04.935Z,AGENT_OBSERVE,,5.0,9.0,3.0,2.0,2.0,,,,experienced2,,,,,
2026-02-02 19:16:05.468Z,AGENT_OBSERVE,,5.0,9.0,3.0,2.0,2.0,,,,experienced2,,,,,
2026-02-02 19:16:06.402Z,AGENT_OBSERVE,,5.0,9.0,3.0,2.0,3.0,,,,experienced2,,,,,
2026-02-02 19:16:07.252Z,AGENT_OBSERVE,,5.0,9.0,3.0,3.0,3.0,,,,experienced2,,,,,
2026-02-02 19:16:15.137Z,GAME_ACTION,left,5.0,9.0,,3.0,3.0,,,,experienced2,,,,,
2026-02-02 19:16:15.604Z,GAME_ACTION,left,4.0,9.0,,3.0,3.0,,,,experienced2,,,,,
2026-02-02 19:16:17.222Z,GAME_ACTION,up,3.0,9.0,,3.0,3.0,,,,experienced2,,,,,
2026-02-02 19:16:17.605Z,GAME_ACTION,up,3.0,8.0,,3.0,3.0,,,,experienced2,,,,,
2026-02-02 19:16:17.972Z,GAME_ACTION,up,3.0,7.0,,3.0,3.0,,,,experienced2,,,,,
2026-02-02 19:16:18.370Z,GAME_ACTION,up,3.0,6.0,,3.0,3.0,,,,experienced2,,,,,
2026-02-02 19:16:19.220Z,GAME_ACTION,left,3.0,5.0,,3.0,3.0,,,,experienced2,,,,,
2026-02-02 19:16:19.570Z,GAME_ACTION,left,2.0,5.0,,3.0,3.0,,,,experienced2,,,,,
2026-02-02 19:16:19.953Z,GAME_ACTION,left,1.0,5.0,,3.0,3.0,,,,experienced2,,,,,
2026-02-02 19:16:20.722Z,GAME_ACTION,up,0.0,5.0,,3.0,3.0,,,,experienced2,,,,,
2026-02-02 19:16:21.122Z,GAME_ACTION,up,0.0,4.0,,3.0,3.0,,,,experienced2,,,,,
2026-02-02 19:16:22.021Z,GAME_ACTION,right,0.0,3.0,,3.0,3.0,,,,experienced2,,,,,
2026-02-02 19:16:22.339Z,GAME_ACTION,right,1.0,3.0,,3.0,3.0,,,,experienced2,,,,,
2026-02-02 19:16:22.672Z,GAME_ACTION,right,2.0,3.0,,3.0,3.0,,,,experienced2,,,,,
2026-02-02 19:16:23.055Z,GAME_ACTION,right,3.0,3.0,,3.0,3.0,,,,experienced2,,,,,
2026-02-02 19:16:23.971Z,GAME_ACTION,up,4.0,3.0,,3.0,3.0,,,,experienced2,,,,,
2026-02-02 19:16:24.371Z,GAME_ACTION,up,4.0,2.0,,3.0,3.0,,,,experienced2,,,,,
2026-02-02 19:16:24.372Z,INTERACTION,,4.0,2.0,,3.0,3.0,,,,experienced2,,,,wizard_interaction,blueAmulet
2026-02-02 19:16:26.656Z,GAME_ACTION,down,4.0,2.0,,3.0,3.0,,,,experienced2,,,,,
2026-02-02 19:16:27.706Z,GAME_ACTION,left,4.0,3.0,,3.0,3.0,,,,experienced2,,,,,
2026-02-02 19:16:28.005Z,GAME_ACTION,left,3.0,3.0,,3.0,3.0,,,,experienced2,,,,,
2026-02-02 19:16:28.323Z,GAME_ACTION,left,2.0,3.0,,3.0,3.0,,,,experienced2,,,,,
2026-02-02 19:16:28.722Z,GAME_ACTION,left,1.0,3.0,,3.0,3.0,,,,experienced2,,,,,
2026-02-02 19:16:29.654Z,GAME_ACTION,down,0.0,3.0,,3.0,3.0,,,,experienced2,,,,,
2026-02-02 19:16:29.971Z,GAME_ACTION,down,0.0,4.0,,3.0,3.0,,,,experienced2,,,,,
2026-02-02 19:16:30.689Z,GAME_ACTION,right,0.0,5.0,,3.0,3.0,,,,experienced2,,,,,
2026-02-02 19:16:30.988Z,GAME_ACTION,right,1.0,5.0,,3.0,3.0,,,,experienced2,,,,,
2026-02-02 19:16:31.322Z,GAME_ACTION,right,2.0,5.0,,3.0,3.0,,,,experienced2,,,,,
2026-02-02 19:16:32.189Z,GAME_ACTION,down,3.0,5.0,,3.0,3.0,,,,experienced2,,,,,
2026-02-02 19:16:32.523Z,GAME_ACTION,down,3.0,6.0,,3.0,3.0,,,,experienced2,,,,,
2026-02-02 19:16:32.856Z,GAME_ACTION,down,3.0,7.0,,3.0,3.0,,,,experienced2,,,,,
2026-02-02 19:16:33.322Z,GAME_ACTION,down,3.0,8.0,,3.0,3.0,,,,experienced2,,,,,
2026-02-02 19:16:34.173Z,GAME_ACTION,left,3.0,9.0,,3.0,3.0,,,,experienced2,,,,,
2026-02-02 19:16:34.423Z,GAME_ACTION,left,2.0,9.0,,3.0,3.0,,,,experienced2,,,,,
2026-02-02 19:16:34.756Z,GAME_ACTION,left,1.0,9.0,,3.0,3.0,,,,experienced2,,,,,
2026-02-02 19:16:35.539Z,GAME_ACTION,down,0.0,9.0,,3.0,3.0,,,,experienced2,,,,,
2026-02-02 19:16:36.040Z,GAME_ACTION,down,0.0,10.0,,3.0,3.0,,,,experienced2,,,,,
2026-02-02 19:16:36.040Z,INTERACTION,,0.0,10.0,,3.0,3.0,,,,experienced2,,,,treasure_interaction,B
2026-02-02 19:16:36.040Z,LEVEL_COMPLETE,,0.0,10.0,,3.0,3.0,,,,experienced2,,,,,
2026-02-02 19:16:39.041Z,LEVEL_COMPLETE,,0.0,10.0,,3.0,3.0,,,15.0,experienced2,,,,,

Level: sm511_1
Timestamp,Type,Player Action,Player X,Player Y,Observed Agent ID,NPC 1 X,NPC 1 Y,NPC 2 X,NPC 2 Y,Steps Remaining,NPC 1 Path Type,NPC 1 Path Index,NPC 2 Path Type,NPC 2 Path Index,Interaction Type,Interaction Details
2026-02-02 19:10:22.010Z,LEVEL_START,,,,,,,,,,,,,,,
2026-02-02 19:10:22.017Z,LEVEL_START,,,,,,,,,,,,,,,
2026-02-02 19:10:40.443Z,AGENT_OBSERVE,,7.0,9.0,3.0,0.0,2.0,,,,experienced1,,,,,
2026-02-02 19:10:41.093Z,AGENT_OBSERVE,,7.0,9.0,3.0,0.0,3.0,,,,experienced1,,,,,
2026-02-02 19:10:41.974Z,AGENT_OBSERVE,,7.0,9.0,3.0,1.0,3.0,,,,experienced1,,,,,
2026-02-02 19:10:42.642Z,AGENT_OBSERVE,,7.0,9.0,3.0,2.0,3.0,,,,experienced1,,,,,
2026-02-02 19:10:43.176Z,AGENT_OBSERVE,,7.0,9.0,3.0,3.0,3.0,,,,experienced1,,,,,
2026-02-02 19:10:43.775Z,AGENT_OBSERVE,,7.0,9.0,3.0,3.0,2.0,,,,experienced1,,,,,
2026-02-02 19:10:44.659Z,AGENT_OBSERVE,,7.0,9.0,3.0,3.0,2.0,,,,experienced1,,,,,
2026-02-02 19:10:45.477Z,AGENT_OBSERVE,,7.0,9.0,3.0,3.0,3.0,,,,experienced1,,,,,
2026-02-02 19:10:46.360Z,AGENT_OBSERVE,,7.0,9.0,3.0,4.0,3.0,,,,experienced1,,,,,
2026-02-02 19:10:46.959Z,AGENT_OBSERVE,,7.0,9.0,3.0,5.0,3.0,,,,experienced1,,,,,
2026-02-02 19:10:52.476Z,AGENT_OBSERVE,,7.0,9.0,3.0,6.0,3.0,,,,experienced1,,,,,
2026-02-02 19:10:53.160Z,AGENT_OBSERVE,,7.0,9.0,3.0,6.0,2.0,,,,experienced1,,,,,
2026-02-02 19:10:53.795Z,AGENT_OBSERVE,,7.0,9.0,3.0,6.0,2.0,,,,experienced1,,,,,
2026-02-02 19:10:57.194Z,AGENT_OBSERVE,,7.0,9.0,3.0,6.0,3.0,,,,experienced1,,,,,
2026-02-02 19:10:57.695Z,AGENT_OBSERVE,,7.0,9.0,3.0,7.0,3.0,,,,experienced1,,,,,
2026-02-02 19:10:58.460Z,AGENT_OBSERVE,,7.0,9.0,3.0,8.0,3.0,,,,experienced1,,,,,
2026-02-02 19:10:59.328Z,AGENT_OBSERVE,,7.0,9.0,3.0,9.0,3.0,,,,experienced1,,,,,
2026-02-02 19:10:59.910Z,AGENT_OBSERVE,,7.0,9.0,3.0,10.0,3.0,,,,experienced1,,,,,
2026-02-02 19:11:00.628Z,AGENT_OBSERVE,,7.0,9.0,3.0,10.0,2.0,,,,experienced1,,,,,
2026-02-02 19:11:01.328Z,AGENT_OBSERVE,,7.0,9.0,3.0,10.0,2.0,,,,experienced1,,,,,
2026-02-02 19:11:02.195Z,AGENT_OBSERVE,,7.0,9.0,3.0,10.0,3.0,,,,experienced1,,,,,
2026-02-02 19:11:02.760Z,AGENT_OBSERVE,,7.0,9.0,3.0,9.0,3.0,,,,experienced1,,,,,
2026-02-02 19:11:03.478Z,AGENT_OBSERVE,,7.0,9.0,3.0,8.0,3.0,,,,experienced1,,,,,
2026-02-02 19:11:05.294Z,GAME_ACTION,left,7.0,9.0,,8.0,3.0,,,,experienced1,,,,,
2026-02-02 19:11:05.645Z,GAME_ACTION,left,6.0,9.0,,8.0,3.0,,,,experienced1,,,,,
2026-02-02 19:11:05.995Z,GAME_ACTION,left,5.0,9.0,,8.0,3.0,,,,experienced1,,,,,
2026-02-02 19:11:06.328Z,GAME_ACTION,left,4.0,9.0,,8.0,3.0,,,,experienced1,,,,,
2026-02-02 19:11:06.745Z,GAME_ACTION,left,3.0,9.0,,8.0,3.0,,,,experienced1,,,,,
2026-02-02 19:11:07.563Z,GAME_ACTION,up,2.0,9.0,,8.0,3.0,,,,experienced1,,,,,
2026-02-02 19:11:07.928Z,GAME_ACTION,up,2.0,8.0,,8.0,3.0,,,,experienced1,,,,,
2026-02-02 19:11:08.211Z,GAME_ACTION,up,2.0,7.0,,8.0,3.0,,,,experienced1,,,,,
2026-02-02 19:11:08.596Z,GAME_ACTION,up,2.0,6.0,,8.0,3.0,,,,experienced1,,,,,
2026-02-02 19:11:08.945Z,GAME_ACTION,up,2.0,5.0,,8.0,3.0,,,,experienced1,,,,,
2026-02-02 19:11:09.346Z,GAME_ACTION,up,2.0,4.0,,8.0,3.0,,,,experienced1,,,,,
2026-02-02 19:11:10.596Z,GAME_ACTION,right,2.0,3.0,,8.0,3.0,,,,experienced1,,,,,
2026-02-02 19:11:10.878Z,GAME_ACTION,right,3.0,3.0,,8.0,3.0,,,,experienced1,,,,,
2026-02-02 19:11:11.229Z,GAME_ACTION,right,4.0,3.0,,8.0,3.0,,,,experienced1,,,,,
2026-02-02 19:11:11.545Z,GAME_ACTION,right,5.0,3.0,,8.0,3.0,,,,experienced1,,,,,
2026-02-02 19:11:11.879Z,GAME_ACTION,right,6.0,3.0,,8.0,3.0,,,,experienced1,,,,,
2026-02-02 19:11:12.213Z,GAME_ACTION,right,7.0,3.0,,8.0,3.0,,,,experienced1,,,,,
2026-02-02 19:11:12.662Z,GAME_ACTION,right,8.0,3.0,,8.0,3.0,,,,experienced1,,,,,
2026-02-02 19:11:13.146Z,GAME_ACTION,right,9.0,3.0,,8.0,3.0,,,,experienced1,,,,,
2026-02-02 19:11:14.196Z,GAME_ACTION,up,10.0,3.0,,8.0,3.0,,,,experienced1,,,,,
2026-02-02 19:11:14.563Z,GAME_ACTION,up,10.0,2.0,,8.0,3.0,,,,experienced1,,,,,
2026-02-02 19:11:14.564Z,INTERACTION,,10.0,2.0,,8.0,3.0,,,,experienced1,,,,wizard_interaction,blueAmulet
2026-02-02 19:11:16.464Z,GAME_ACTION,down,10.0,2.0,,8.0,3.0,,,,experienced1,,,,,
2026-02-02 19:11:17.781Z,GAME_ACTION,left,10.0,3.0,,8.0,3.0,,,,experienced1,,,,,
2026-02-02 19:11:18.145Z,GAME_ACTION,left,9.0,3.0,,8.0,3.0,,,,experienced1,,,,,
2026-02-02 19:11:18.528Z,GAME_ACTION,left,8.0,3.0,,8.0,3.0,,,,experienced1,,,,,
2026-02-02 19:11:19.247Z,GAME_ACTION,left,7.0,3.0,,8.0,3.0,,,,experienced1,,,,,
2026-02-02 19:11:19.664Z,GAME_ACTION,left,6.0,3.0,,8.0,3.0,,,,experienced1,,,,,
2026-02-02 19:11:20.029Z,GAME_ACTION,left,5.0,3.0,,8.0,3.0,,,,experienced1,,,,,
2026-02-02 19:11:20.412Z,GAME_ACTION,left,4.0,3.0,,8.0,3.0,,,,experienced1,,,,,
2026-02-02 19:11:20.847Z,GAME_ACTION,left,3.0,3.0,,8.0,3.0,,,,experienced1,,,,,
2026-02-02 19:11:21.948Z,GAME_ACTION,down,2.0,3.0,,8.0,3.0,,,,experienced1,,,,,
2026-02-02 19:11:22.313Z,GAME_ACTION,down,2.0,4.0,,8.0,3.0,,,,experienced1,,,,,
2026-02-02 19:11:22.680Z,GAME_ACTION,down,2.0,5.0,,8.0,3.0,,,,experienced1,,,,,
2026-02-02 19:11:23.031Z,GAME_ACTION,down,2.0,6.0,,8.0,3.0,,,,experienced1,,,,,
2026-02-02 19:11:23.429Z,GAME_ACTION,down,2.0,7.0,,8.0,3.0,,,,experienced1,,,,,
2026-02-02 19:11:23.830Z,GAME_ACTION,down,2.0,8.0,,8.0,3.0,,,,experienced1,,,,,
2026-02-02 19:11:24.786Z,GAME_ACTION,left,2.0,9.0,,8.0,3.0,,,,experienced1,,,,,
2026-02-02 19:11:25.180Z,GAME_ACTION,left,1.0,9.0,,8.0,3.0,,,,experienced1,,,,,
2026-02-02 19:11:26.331Z,GAME_ACTION,down,0.0,9.0,,8.0,3.0,,,,experienced1,,,,,
2026-02-02 19:11:27.364Z,GAME_ACTION,down,0.0,10.0,,8.0,3.0,,,,experienced1,,,,,
2026-02-02 19:11:27.364Z,INTERACTION,,0.0,10.0,,8.0,3.0,,,,experienced1,,,,treasure_interaction,B
2026-02-02 19:11:27.364Z,LEVEL_COMPLETE,,0.0,10.0,,8.0,3.0,,,,experienced1,,,,,
2026-02-02 19:11:30.365Z,LEVEL_COMPLETE,,0.0,10.0,,8.0,3.0,,,-1.0,experienced1,,,,,

Level: sm521_2
Timestamp,Type,Player Action,Player X,Player Y,Observed Agent ID,NPC 1 X,NPC 1 Y,NPC 2 X,NPC 2 Y,Steps Remaining,NPC 1 Path Type,NPC 1 Path Index,NPC 2 Path Type,NPC 2 Path Index,Interaction Type,Interaction Details
2026-02-02 19:17:58.081Z,LEVEL_START,,,,,,,,,,,,,,,
2026-02-02 19:17:58.089Z,LEVEL_START,,,,,,,,,,,,,,,
2026-02-02 19:18:13.687Z,AGENT_OBSERVE,,0.0,9.0,2.0,,,6.0,9.0,,,,experienced2,,,
2026-02-02 19:18:14.138Z,AGENT_OBSERVE,,0.0,9.0,2.0,,,7.0,9.0,,,,experienced2,,,
2026-02-02 19:18:14.688Z,AGENT_OBSERVE,,0.0,9.0,2.0,,,8.0,9.0,,,,experienced2,,,
2026-02-02 19:18:15.321Z,AGENT_OBSERVE,,0.0,9.0,2.0,,,8.0,8.0,,,,experienced2,,,
2026-02-02 19:18:16.055Z,AGENT_OBSERVE,,0.0,9.0,2.0,,,8.0,7.0,,,,experienced2,,,
2026-02-02 19:18:16.772Z,AGENT_OBSERVE,,0.0,9.0,2.0,,,8.0,6.0,,,,experienced2,,,
2026-02-02 19:18:17.538Z,AGENT_OBSERVE,,0.0,9.0,2.0,,,8.0,5.0,,,,experienced2,,,
2026-02-02 19:18:18.321Z,AGENT_OBSERVE,,0.0,9.0,2.0,,,8.0,4.0,,,,experienced2,,,
2026-02-02 19:18:19.406Z,AGENT_OBSERVE,,0.0,9.0,2.0,,,8.0,3.0,,,,experienced2,,,
2026-02-02 19:18:20.038Z,AGENT_OBSERVE,,0.0,9.0,2.0,,,7.0,3.0,,,,experienced2,,,
2026-02-02 19:18:22.106Z,GAME_ACTION,right,0.0,9.0,,,,7.0,3.0,,,,experienced2,,,
2026-02-02 19:18:22.322Z,GAME_ACTION,right,1.0,9.0,,,,7.0,3.0,,,,experienced2,,,
2026-02-02 19:18:22.690Z,GAME_ACTION,right,2.0,9.0,,,,7.0,3.0,,,,experienced2,,,
2026-02-02 19:18:23.140Z,GAME_ACTION,right,3.0,9.0,,,,7.0,3.0,,,,experienced2,,,
2026-02-02 19:18:23.474Z,GAME_ACTION,right,4.0,9.0,,,,7.0,3.0,,,,experienced2,,,
2026-02-02 19:18:23.855Z,GAME_ACTION,right,5.0,9.0,,,,7.0,3.0,,,,experienced2,,,
2026-02-02 19:18:24.290Z,GAME_ACTION,right,6.0,9.0,,,,7.0,3.0,,,,experienced2,,,
2026-02-02 19:18:24.707Z,GAME_ACTION,right,7.0,9.0,,,,7.0,3.0,,,,experienced2,,,
2026-02-02 19:18:25.574Z,GAME_ACTION,up,8.0,9.0,,,,7.0,3.0,,,,experienced2,,,
2026-02-02 19:18:25.857Z,GAME_ACTION,up,8.0,8.0,,,,7.0,3.0,,,,experienced2,,,
2026-02-02 19:18:26.189Z,GAME_ACTION,up,8.0,7.0,,,,7.0,3.0,,,,experienced2,,,
2026-02-02 19:18:26.539Z,GAME_ACTION,up,8.0,6.0,,,,7.0,3.0,,,,experienced2,,,
2026-02-02 19:18:26.889Z,GAME_ACTION,up,8.0,5.0,,,,7.0,3.0,,,,experienced2,,,
2026-02-02 19:18:27.257Z,GAME_ACTION,up,8.0,4.0,,,,7.0,3.0,,,,experienced2,,,
2026-02-02 19:18:28.139Z,GAME_ACTION,left,8.0,3.0,,,,7.0,3.0,,,,experienced2,,,
2026-02-02 19:18:28.408Z,GAME_ACTION,left,7.0,3.0,,,,7.0,3.0,,,,experienced2,,,
2026-02-02 19:18:28.791Z,GAME_ACTION,left,6.0,3.0,,,,7.0,3.0,,,,experienced2,,,
2026-02-02 19:18:29.157Z,GAME_ACTION,left,5.0,3.0,,,,7.0,3.0,,,,experienced2,,,
2026-02-02 19:18:29.523Z,GAME_ACTION,left,4.0,3.0,,,,7.0,3.0,,,,experienced2,,,
2026-02-02 19:18:29.874Z,GAME_ACTION,left,3.0,3.0,,,,7.0,3.0,,,,experienced2,,,
2026-02-02 19:18:30.508Z,GAME_ACTION,up,2.0,3.0,,,,7.0,3.0,,,,experienced2,,,
2026-02-02 19:18:30.857Z,GAME_ACTION,up,2.0,2.0,,,,7.0,3.0,,,,experienced2,,,
2026-02-02 19:18:31.273Z,GAME_ACTION,up,2.0,1.0,,,,7.0,3.0,,,,experienced2,,,
2026-02-02 19:18:31.274Z,INTERACTION,,2.0,1.0,,,,7.0,3.0,,,,experienced2,,wizard_interaction,blueAmulet
2026-02-02 19:18:32.509Z,GAME_ACTION,down,2.0,1.0,,,,7.0,3.0,,,,experienced2,,,
2026-02-02 19:18:32.824Z,GAME_ACTION,down,2.0,2.0,,,,7.0,3.0,,,,experienced2,,,
2026-02-02 19:18:33.609Z,GAME_ACTION,right,2.0,3.0,,,,7.0,3.0,,,,experienced2,,,
2026-02-02 19:18:33.891Z,GAME_ACTION,right,3.0,3.0,,,,7.0,3.0,,,,experienced2,,,
2026-02-02 19:18:34.240Z,GAME_ACTION,right,4.0,3.0,,,,7.0,3.0,,,,experienced2,,,
2026-02-02 19:18:37.825Z,GAME_ACTION,right,5.0,3.0,,,,7.0,3.0,,,,experienced2,,,
2026-02-02 19:18:38.157Z,GAME_ACTION,right,6.0,3.0,,,,7.0,3.0,,,,experienced2,,,
2026-02-02 19:18:38.691Z,GAME_ACTION,right,7.0,3.0,,,,7.0,3.0,,,,experienced2,,,
2026-02-02 19:18:39.424Z,GAME_ACTION,down,8.0,3.0,,,,7.0,3.0,,,,experienced2,,,
2026-02-02 19:18:39.776Z,GAME_ACTION,down,8.0,4.0,,,,7.0,3.0,,,,experienced2,,,
2026-02-02 19:18:40.142Z,GAME_ACTION,down,8.0,5.0,,,,7.0,3.0,,,,experienced2,,,
2026-02-02 19:18:40.542Z,GAME_ACTION,down,8.0,6.0,,,,7.0,3.0,,,,experienced2,,,
2026-02-02 19:18:40.925Z,GAME_ACTION,down,8.0,7.0,,,,7.0,3.0,,,,experienced2,,,
2026-02-02 19:18:41.309Z,GAME_ACTION,down,8.0,8.0,,,,7.0,3.0,,,,experienced2,,,
2026-02-02 19:18:42.443Z,GAME_ACTION,left,8.0,9.0,,,,7.0,3.0,,,,experienced2,,,
2026-02-02 19:18:42.775Z,GAME_ACTION,left,7.0,9.0,,,,7.0,3.0,,,,experienced2,,,
2026-02-02 19:18:43.126Z,GAME_ACTION,left,6.0,9.0,,,,7.0,3.0,,,,experienced2,,,
2026-02-02 19:18:43.526Z,GAME_ACTION,left,5.0,9.0,,,,7.0,3.0,,,,experienced2,,,
2026-02-02 19:18:43.876Z,GAME_ACTION,left,4.0,9.0,,,,7.0,3.0,,,,experienced2,,,
2026-02-02 19:18:44.259Z,GAME_ACTION,left,3.0,9.0,,,,7.0,3.0,,,,experienced2,,,
2026-02-02 19:18:44.657Z,GAME_ACTION,left,2.0,9.0,,,,7.0,3.0,,,,experienced2,,,
2026-02-02 19:18:44.993Z,GAME_ACTION,left,1.0,9.0,,,,7.0,3.0,,,,experienced2,,,
2026-02-02 19:18:45.975Z,GAME_ACTION,down,0.0,9.0,,,,7.0,3.0,,,,experienced2,,,
2026-02-02 19:18:46.392Z,GAME_ACTION,down,0.0,10.0,,,,7.0,3.0,,,,experienced2,,,
2026-02-02 19:18:46.392Z,INTERACTION,,0.0,10.0,,,,7.0,3.0,,,,experienced2,,treasure_interaction,B
2026-02-02 19:18:46.392Z,LEVEL_COMPLETE,,0.0,10.0,,,,7.0,3.0,,,,experienced2,,,
2026-02-02 19:18:49.393Z,LEVEL_COMPLETE,,0.0,10.0,,,,7.0,3.0,16.0,,,experienced2,,,

Level: sm543_1
Timestamp,Type,Player Action,Player X,Player Y,Observed Agent ID,NPC 1 X,NPC 1 Y,NPC 2 X,NPC 2 Y,Steps Remaining,NPC 1 Path Type,NPC 1 Path Index,NPC 2 Path Type,NPC 2 Path Index,Interaction Type,Interaction Details
2026-02-02 19:18:49.482Z,LEVEL_START,,,,,,,,,,,,,,,
2026-02-02 19:18:49.482Z,LEVEL_START,,,,,,,,,,,,,,,
2026-02-02 19:19:06.279Z,AGENT_OBSERVE,,3.0,0.0,2.0,,,9.0,9.0,,,,experienced1,,,
2026-02-02 19:19:06.729Z,AGENT_OBSERVE,,3.0,0.0,2.0,,,8.0,9.0,,,,experienced1,,,
2026-02-02 19:19:07.561Z,AGENT_OBSERVE,,3.0,0.0,2.0,,,7.0,9.0,,,,experienced1,,,
2026-02-02 19:19:08.129Z,AGENT_OBSERVE,,3.0,0.0,2.0,,,6.0,9.0,,,,experienced1,,,
2026-02-02 19:19:08.777Z,AGENT_OBSERVE,,3.0,0.0,2.0,,,5.0,9.0,,,,experienced1,,,
2026-02-02 19:19:09.379Z,AGENT_OBSERVE,,3.0,0.0,2.0,,,5.0,8.0,,,,experienced1,,,
2026-02-02 19:19:09.962Z,AGENT_OBSERVE,,3.0,0.0,2.0,,,5.0,7.0,,,,experienced1,,,
2026-02-02 19:19:10.463Z,AGENT_OBSERVE,,3.0,0.0,2.0,,,5.0,6.0,,,,experienced1,,,
2026-02-02 19:19:10.929Z,AGENT_OBSERVE,,3.0,0.0,2.0,,,5.0,5.0,,,,experienced1,,,
2026-02-02 19:19:11.413Z,AGENT_OBSERVE,,3.0,0.0,2.0,,,5.0,4.0,,,,experienced1,,,
2026-02-02 19:19:11.861Z,AGENT_OBSERVE,,3.0,0.0,2.0,,,5.0,3.0,,,,experienced1,,,
2026-02-02 19:19:12.330Z,AGENT_OBSERVE,,3.0,0.0,2.0,,,5.0,2.0,,,,experienced1,,,
2026-02-02 19:19:12.846Z,AGENT_OBSERVE,,3.0,0.0,2.0,,,4.0,2.0,,,,experienced1,,,
2026-02-02 19:19:13.397Z,AGENT_OBSERVE,,3.0,0.0,2.0,,,3.0,2.0,,,,experienced1,,,
2026-02-02 19:19:13.980Z,AGENT_OBSERVE,,3.0,0.0,2.0,,,3.0,1.0,,,,experienced1,,,
2026-02-02 19:19:14.512Z,AGENT_OBSERVE,,3.0,0.0,2.0,,,3.0,0.0,,,,experienced1,,,
2026-02-02 19:19:15.230Z,AGENT_OBSERVE,,3.0,0.0,2.0,,,4.0,0.0,,,,experienced1,,,
2026-02-02 19:19:16.997Z,GAME_ACTION,right,3.0,0.0,,,,4.0,0.0,,,,experienced1,,,
2026-02-02 19:19:17.462Z,GAME_ACTION,right,4.0,0.0,,,,4.0,0.0,,,,experienced1,,,
2026-02-02 19:19:17.463Z,INTERACTION,,4.0,0.0,,,,4.0,0.0,,,,experienced1,,wizard_interaction,blueAmulet
2026-02-02 19:19:18.762Z,GAME_ACTION,left,4.0,0.0,,,,4.0,0.0,,,,experienced1,,,
2026-02-02 19:19:19.995Z,GAME_ACTION,down,3.0,0.0,,,,4.0,0.0,,,,experienced1,,,
2026-02-02 19:19:20.464Z,GAME_ACTION,down,3.0,1.0,,,,4.0,0.0,,,,experienced1,,,
2026-02-02 19:19:21.297Z,GAME_ACTION,right,3.0,2.0,,,,4.0,0.0,,,,experienced1,,,
2026-02-02 19:19:21.697Z,GAME_ACTION,right,4.0,2.0,,,,4.0,0.0,,,,experienced1,,,
2026-02-02 19:19:22.497Z,GAME_ACTION,down,5.0,2.0,,,,4.0,0.0,,,,experienced1,,,
2026-02-02 19:19:22.963Z,GAME_ACTION,down,5.0,3.0,,,,4.0,0.0,,,,experienced1,,,
2026-02-02 19:19:23.414Z,GAME_ACTION,down,5.0,4.0,,,,4.0,0.0,,,,experienced1,,,
2026-02-02 19:19:24.380Z,GAME_ACTION,left,5.0,5.0,,,,4.0,0.0,,,,experienced1,,,
2026-02-02 19:19:24.747Z,GAME_ACTION,left,4.0,5.0,,,,4.0,0.0,,,,experienced1,,,
2026-02-02 19:19:25.131Z,GAME_ACTION,left,3.0,5.0,,,,4.0,0.0,,,,experienced1,,,
2026-02-02 19:19:25.547Z,GAME_ACTION,left,2.0,5.0,,,,4.0,0.0,,,,experienced1,,,
2026-02-02 19:19:25.913Z,GAME_ACTION,left,1.0,5.0,,,,4.0,0.0,,,,experienced1,,,
2026-02-02 19:19:25.913Z,INTERACTION,,1.0,5.0,,,,4.0,0.0,,,,experienced1,,treasure_interaction,A
2026-02-02 19:19:25.913Z,LEVEL_COMPLETE,,1.0,5.0,,,,4.0,0.0,,,,experienced1,,,
2026-02-02 19:19:28.916Z,LEVEL_COMPLETE,,1.0,5.0,,,,4.0,0.0,5.0,,,experienced1,,,

Level: sm611_1
Timestamp,Type,Player Action,Player X,Player Y,Observed Agent ID,NPC 1 X,NPC 1 Y,NPC 2 X,NPC 2 Y,Steps Remaining,NPC 1 Path Type,NPC 1 Path Index,NPC 2 Path Type,NPC 2 Path Index,Interaction Type,Interaction Details
2026-02-02 19:12:40.474Z,LEVEL_START,,,,,,,,,,,,,,,
2026-02-02 19:12:40.474Z,LEVEL_START,,,,,,,,,,,,,,,
2026-02-02 19:13:31.341Z,AGENT_OBSERVE,,2.0,11.0,2.0,,,6.0,4.0,,,,experienced1,,,
2026-02-02 19:13:31.924Z,AGENT_OBSERVE,,2.0,11.0,2.0,,,5.0,4.0,,,,experienced1,,,
2026-02-02 19:13:32.441Z,AGENT_OBSERVE,,2.0,11.0,2.0,,,4.0,4.0,,,,experienced1,,,
2026-02-02 19:13:35.225Z,GAME_ACTION,up,2.0,11.0,,,,4.0,4.0,,,,experienced1,,,
2026-02-02 19:13:35.593Z,GAME_ACTION,up,2.0,10.0,,,,4.0,4.0,,,,experienced1,,,
2026-02-02 19:13:36.042Z,GAME_ACTION,up,2.0,9.0,,,,4.0,4.0,,,,experienced1,,,
2026-02-02 19:13:36.943Z,GAME_ACTION,right,2.0,8.0,,,,4.0,4.0,,,,experienced1,,,
2026-02-02 19:13:37.259Z,GAME_ACTION,right,3.0,8.0,,,,4.0,4.0,,,,experienced1,,,
2026-02-02 19:13:37.625Z,GAME_ACTION,right,4.0,8.0,,,,4.0,4.0,,,,experienced1,,,
2026-02-02 19:13:37.975Z,GAME_ACTION,right,5.0,8.0,,,,4.0,4.0,,,,experienced1,,,
2026-02-02 19:13:38.825Z,GAME_ACTION,up,6.0,8.0,,,,4.0,4.0,,,,experienced1,,,
2026-02-02 19:13:39.158Z,GAME_ACTION,up,6.0,7.0,,,,4.0,4.0,,,,experienced1,,,
2026-02-02 19:13:39.543Z,GAME_ACTION,up,6.0,6.0,,,,4.0,4.0,,,,experienced1,,,
2026-02-02 19:13:39.925Z,GAME_ACTION,up,6.0,5.0,,,,4.0,4.0,,,,experienced1,,,
2026-02-02 19:13:40.808Z,GAME_ACTION,left,6.0,4.0,,,,4.0,4.0,,,,experienced1,,,
2026-02-02 19:13:41.093Z,GAME_ACTION,left,5.0,4.0,,,,4.0,4.0,,,,experienced1,,,
2026-02-02 19:13:41.410Z,GAME_ACTION,left,4.0,4.0,,,,4.0,4.0,,,,experienced1,,,
2026-02-02 19:13:41.777Z,GAME_ACTION,left,3.0,4.0,,,,4.0,4.0,,,,experienced1,,,
2026-02-02 19:13:42.160Z,GAME_ACTION,left,2.0,4.0,,,,4.0,4.0,,,,experienced1,,,
2026-02-02 19:13:42.559Z,GAME_ACTION,left,1.0,4.0,,,,4.0,4.0,,,,experienced1,,,
2026-02-02 19:13:42.559Z,INTERACTION,,1.0,4.0,,,,4.0,4.0,,,,experienced1,,wizard_interaction,blueAmulet
2026-02-02 19:13:43.627Z,GAME_ACTION,right,1.0,4.0,,,,4.0,4.0,,,,experienced1,,,
2026-02-02 19:13:43.910Z,GAME_ACTION,right,2.0,4.0,,,,4.0,4.0,,,,experienced1,,,
2026-02-02 19:13:44.259Z,GAME_ACTION,right,3.0,4.0,,,,4.0,4.0,,,,experienced1,,,
2026-02-02 19:13:44.692Z,GAME_ACTION,right,4.0,4.0,,,,4.0,4.0,,,,experienced1,,,
2026-02-02 19:13:45.075Z,GAME_ACTION,right,5.0,4.0,,,,4.0,4.0,,,,experienced1,,,
2026-02-02 19:13:46.059Z,GAME_ACTION,up,6.0,4.0,,,,4.0,4.0,,,,experienced1,,,
2026-02-02 19:13:47.676Z,GAME_ACTION,right,6.0,3.0,,,,4.0,4.0,,,,experienced1,,,
2026-02-02 19:13:48.593Z,GAME_ACTION,up,7.0,3.0,,,,4.0,4.0,,,,experienced1,,,
2026-02-02 19:13:48.975Z,GAME_ACTION,up,7.0,2.0,,,,4.0,4.0,,,,experienced1,,,
2026-02-02 19:13:49.392Z,GAME_ACTION,up,7.0,1.0,,,,4.0,4.0,,,,experienced1,,,
2026-02-02 19:13:49.392Z,INTERACTION,,7.0,1.0,,,,4.0,4.0,,,,experienced1,,treasure_interaction,A
2026-02-02 19:13:49.392Z,LEVEL_COMPLETE,,7.0,1.0,,,,4.0,4.0,,,,experienced1,,,
2026-02-02 19:13:52.394Z,LEVEL_COMPLETE,,7.0,1.0,,,,4.0,4.0,23.0,,,experienced1,,,

