Session ID,u1760985191006
Completed At,2025-10-20 18:40:23.809Z
Created At,2025-10-20 18:33:11.006Z

User Data
(no demographics found),

Comprehension Check
Passed,FALSE

Level: s111_1
Timestamp,Type,Player Action,Player X,Player Y,NPC X,NPC Y,Steps Remaining,NPC Path Type,NPC Current Path Index,Interaction Type,Interaction Details
2025-10-20 18:33:11.087Z,LEVEL_START,,,,,,,,,,

Level: s111_2
Timestamp,Type,Player Action,Player X,Player Y,NPC X,NPC Y,Steps Remaining,NPC Path Type,NPC Current Path Index,Interaction Type,Interaction Details
2025-10-20 18:33:11.128Z,LEVEL_START,,,,,,,,,,
2025-10-20 18:33:11.128Z,LEVEL_START,,,,,,,,,,

Level: s211
Timestamp,Type,Player Action,Player X,Player Y,NPC X,NPC Y,Steps Remaining,NPC Path Type,NPC Current Path Index,Interaction Type,Interaction Details
2025-10-20 18:36:05.593Z,LEVEL_START,,,,,,,,,,

Level: s221
Timestamp,Type,Player Action,Player X,Player Y,NPC X,NPC Y,Steps Remaining,NPC Path Type,NPC Current Path Index,Interaction Type,Interaction Details
2025-10-20 18:36:15.166Z,LEVEL_START,,,,,,,,,,

Level: s311
Timestamp,Type,Player Action,Player X,Player Y,NPC X,NPC Y,Steps Remaining,NPC Path Type,NPC Current Path Index,Interaction Type,Interaction Details
2025-10-20 18:36:24.712Z,LEVEL_START,,,,,,,,,,

Level: s321
Timestamp,Type,Player Action,Player X,Player Y,NPC X,NPC Y,Steps Remaining,NPC Path Type,NPC Current Path Index,Interaction Type,Interaction Details
2025-10-20 18:36:34.227Z,LEVEL_START,,,,,,,,,,

Level: s331
Timestamp,Type,Player Action,Player X,Player Y,NPC X,NPC Y,Steps Remaining,NPC Path Type,NPC Current Path Index,Interaction Type,Interaction Details
2025-10-20 18:36:43.748Z,LEVEL_START,,,,,,,,,,

Level: s332
Timestamp,Type,Player Action,Player X,Player Y,NPC X,NPC Y,Steps Remaining,NPC Path Type,NPC Current Path Index,Interaction Type,Interaction Details
2025-10-20 18:36:53.268Z,LEVEL_START,,,,,,,,,,

Level: s341
Timestamp,Type,Player Action,Player X,Player Y,NPC X,NPC Y,Steps Remaining,NPC Path Type,NPC Current Path Index,Interaction Type,Interaction Details
2025-10-20 18:37:02.790Z,LEVEL_START,,,,,,,,,,

Level: s342
Timestamp,Type,Player Action,Player X,Player Y,NPC X,NPC Y,Steps Remaining,NPC Path Type,NPC Current Path Index,Interaction Type,Interaction Details
2025-10-20 18:37:12.313Z,LEVEL_START,,,,,,,,,,

Level: s351
Timestamp,Type,Player Action,Player X,Player Y,NPC X,NPC Y,Steps Remaining,NPC Path Type,NPC Current Path Index,Interaction Type,Interaction Details
2025-10-20 18:37:21.828Z,LEVEL_START,,,,,,,,,,

Level: s361
Timestamp,Type,Player Action,Player X,Player Y,NPC X,NPC Y,Steps Remaining,NPC Path Type,NPC Current Path Index,Interaction Type,Interaction Details
2025-10-20 18:37:31.333Z,LEVEL_START,,,,,,,,,,

Level: s371
Timestamp,Type,Player Action,Player X,Player Y,NPC X,NPC Y,Steps Remaining,NPC Path Type,NPC Current Path Index,Interaction Type,Interaction Details
2025-10-20 18:37:40.846Z,LEVEL_START,,,,,,,,,,

Level: s411
Timestamp,Type,Player Action,Player X,Player Y,NPC X,NPC Y,Steps Remaining,NPC Path Type,NPC Current Path Index,Interaction Type,Interaction Details
2025-10-20 18:37:50.310Z,LEVEL_START,,,,,,,,,,

Level: s421
Timestamp,Type,Player Action,Player X,Player Y,NPC X,NPC Y,Steps Remaining,NPC Path Type,NPC Current Path Index,Interaction Type,Interaction Details
2025-10-20 18:37:59.802Z,LEVEL_START,,,,,,,,,,

Level: s431
Timestamp,Type,Player Action,Player X,Player Y,NPC X,NPC Y,Steps Remaining,NPC Path Type,NPC Current Path Index,Interaction Type,Interaction Details
2025-10-20 18:38:09.273Z,LEVEL_START,,,,,,,,,,

Level: s432
Timestamp,Type,Player Action,Player X,Player Y,NPC X,NPC Y,Steps Remaining,NPC Path Type,NPC Current Path Index,Interaction Type,Interaction Details
2025-10-20 18:38:18.771Z,LEVEL_START,,,,,,,,,,

Level: s441
Timestamp,Type,Player Action,Player X,Player Y,NPC X,NPC Y,Steps Remaining,NPC Path Type,NPC Current Path Index,Interaction Type,Interaction Details
2025-10-20 18:38:28.255Z,LEVEL_START,,,,,,,,,,

Level: s442
Timestamp,Type,Player Action,Player X,Player Y,NPC X,NPC Y,Steps Remaining,NPC Path Type,NPC Current Path Index,Interaction Type,Interaction Details
2025-10-20 18:38:37.721Z,LEVEL_START,,,,,,,,,,

Level: s511
Timestamp,Type,Player Action,Player X,Player Y,NPC X,NPC Y,Steps Remaining,NPC Path Type,NPC Current Path Index,Interaction Type,Interaction Details
2025-10-20 18:38:47.196Z,LEVEL_START,,,,,,,,,,

Level: s521
Timestamp,Type,Player Action,Player X,Player Y,NPC X,NPC Y,Steps Remaining,NPC Path Type,NPC Current Path Index,Interaction Type,Interaction Details
2025-10-20 18:38:56.724Z,LEVEL_START,,,,,,,,,,

Level: s531
Timestamp,Type,Player Action,Player X,Player Y,NPC X,NPC Y,Steps Remaining,NPC Path Type,NPC Current Path Index,Interaction Type,Interaction Details
2025-10-20 18:39:06.245Z,LEVEL_START,,,,,,,,,,

Level: s532
Timestamp,Type,Player Action,Player X,Player Y,NPC X,NPC Y,Steps Remaining,NPC Path Type,NPC Current Path Index,Interaction Type,Interaction Details
2025-10-20 18:39:15.758Z,LEVEL_START,,,,,,,,,,

Level: s541
Timestamp,Type,Player Action,Player X,Player Y,NPC X,NPC Y,Steps Remaining,NPC Path Type,NPC Current Path Index,Interaction Type,Interaction Details
2025-10-20 18:39:25.281Z,LEVEL_START,,,,,,,,,,

Level: s542
Timestamp,Type,Player Action,Player X,Player Y,NPC X,NPC Y,Steps Remaining,NPC Path Type,NPC Current Path Index,Interaction Type,Interaction Details
2025-10-20 18:39:34.795Z,LEVEL_START,,,,,,,,,,

Level: s543
Timestamp,Type,Player Action,Player X,Player Y,NPC X,NPC Y,Steps Remaining,NPC Path Type,NPC Current Path Index,Interaction Type,Interaction Details
2025-10-20 18:39:44.304Z,LEVEL_START,,,,,,,,,,

Level: s544
Timestamp,Type,Player Action,Player X,Player Y,NPC X,NPC Y,Steps Remaining,NPC Path Type,NPC Current Path Index,Interaction Type,Interaction Details
2025-10-20 18:39:53.806Z,LEVEL_START,,,,,,,,,,

