Session ID,u1770049899541
Completed At,2026-02-02 16:49:31.500Z
Created At,2026-02-02 16:31:39.541Z

User Data
prolificId,68c96774c5a755579634545f
age,23
gender,female
feedback,I forgot until the end that I did not always need to get the red amulet. I think that cost me a lot of points.
timestamp,1770050975120

Comprehension Check
Passed,TRUE

Level: comprehension_check
Timestamp,Type,Player Action,Player X,Player Y,Observed Agent ID,NPC 1 X,NPC 1 Y,NPC 2 X,NPC 2 Y,Steps Remaining,NPC 1 Path Type,NPC 1 Path Index,NPC 2 Path Type,NPC 2 Path Index,Interaction Type,Interaction Details
2026-02-02 16:36:43.423Z,INTERACTION,,,,,,,,,,,,,,comprehension_check,passed

Level: experiment
Timestamp,Type,Player Action,Player X,Player Y,Observed Agent ID,NPC 1 X,NPC 1 Y,NPC 2 X,NPC 2 Y,Steps Remaining,NPC 1 Path Type,NPC 1 Path Index,NPC 2 Path Type,NPC 2 Path Index,Interaction Type,Interaction Details
2026-02-02 16:49:01.517Z,EXPERIMENT_COMPLETE,,,,,,,,,,,,,,,

Level: s111_1
Timestamp,Type,Player Action,Player X,Player Y,Observed Agent ID,NPC 1 X,NPC 1 Y,NPC 2 X,NPC 2 Y,Steps Remaining,NPC 1 Path Type,NPC 1 Path Index,NPC 2 Path Type,NPC 2 Path Index,Interaction Type,Interaction Details
2026-02-02 16:31:39.706Z,LEVEL_START,,,,,,,,,,,,,,,

Level: sm111_1
Timestamp,Type,Player Action,Player X,Player Y,Observed Agent ID,NPC 1 X,NPC 1 Y,NPC 2 X,NPC 2 Y,Steps Remaining,NPC 1 Path Type,NPC 1 Path Index,NPC 2 Path Type,NPC 2 Path Index,Interaction Type,Interaction Details
2026-02-02 16:31:39.791Z,LEVEL_START,,,,,,,,,,,,,,,
2026-02-02 16:37:03.774Z,AGENT_OBSERVE,,5.0,6.0,3.0,1.0,2.0,,,,experienced1,,,,,
2026-02-02 16:37:05.122Z,AGENT_OBSERVE,,5.0,6.0,3.0,1.0,2.0,,,,experienced1,,,,,
2026-02-02 16:37:09.556Z,AGENT_OBSERVE,,5.0,6.0,3.0,2.0,2.0,,,,experienced1,,,,,
2026-02-02 16:37:10.239Z,AGENT_OBSERVE,,5.0,6.0,3.0,3.0,2.0,,,,experienced1,,,,,
2026-02-02 16:37:10.773Z,AGENT_OBSERVE,,5.0,6.0,3.0,4.0,2.0,,,,experienced1,,,,,
2026-02-02 16:37:11.502Z,AGENT_OBSERVE,,5.0,6.0,3.0,5.0,2.0,,,,experienced1,,,,,
2026-02-02 16:37:12.155Z,AGENT_OBSERVE,,5.0,6.0,3.0,5.0,2.0,,,,experienced1,,,,,
2026-02-02 16:37:19.554Z,AGENT_OBSERVE,,5.0,6.0,3.0,6.0,2.0,,,,experienced1,,,,,
2026-02-02 16:37:23.839Z,AGENT_OBSERVE,,5.0,6.0,3.0,7.0,2.0,,,,experienced1,,,,,
2026-02-02 16:37:24.321Z,AGENT_OBSERVE,,5.0,6.0,3.0,8.0,2.0,,,,experienced1,,,,,
2026-02-02 16:37:24.805Z,AGENT_OBSERVE,,5.0,6.0,3.0,9.0,2.0,,,,experienced1,,,,,
2026-02-02 16:37:25.243Z,AGENT_OBSERVE,,5.0,6.0,3.0,9.0,2.0,,,,experienced1,,,,,
2026-02-02 16:37:26.721Z,AGENT_OBSERVE,,5.0,6.0,3.0,8.0,2.0,,,,experienced1,,,,,
2026-02-02 16:37:27.257Z,AGENT_OBSERVE,,5.0,6.0,3.0,7.0,2.0,,,,experienced1,,,,,
2026-02-02 16:37:27.704Z,AGENT_OBSERVE,,5.0,6.0,3.0,6.0,2.0,,,,experienced1,,,,,
2026-02-02 16:37:29.805Z,AGENT_OBSERVE,,5.0,6.0,3.0,5.0,2.0,,,,experienced1,,,,,
2026-02-02 16:37:39.540Z,GAME_ACTION,up,5.0,6.0,,5.0,2.0,,,,experienced1,,,,,
2026-02-02 16:37:40.022Z,GAME_ACTION,up,5.0,5.0,,5.0,2.0,,,,experienced1,,,,,
2026-02-02 16:37:41.322Z,GAME_ACTION,right,5.0,4.0,,5.0,2.0,,,,experienced1,,,,,
2026-02-02 16:37:41.756Z,GAME_ACTION,right,6.0,4.0,,5.0,2.0,,,,experienced1,,,,,
2026-02-02 16:37:42.120Z,GAME_ACTION,right,7.0,4.0,,5.0,2.0,,,,experienced1,,,,,
2026-02-02 16:37:42.639Z,GAME_ACTION,right,8.0,4.0,,5.0,2.0,,,,experienced1,,,,,
2026-02-02 16:37:42.640Z,INTERACTION,,8.0,4.0,,5.0,2.0,,,,experienced1,,,,wizard_interaction,redAmulet
2026-02-02 16:37:44.406Z,GAME_ACTION,left,8.0,4.0,,5.0,2.0,,,,experienced1,,,,,
2026-02-02 16:37:44.821Z,GAME_ACTION,left,7.0,4.0,,5.0,2.0,,,,experienced1,,,,,
2026-02-02 16:37:45.104Z,GAME_ACTION,left,6.0,4.0,,5.0,2.0,,,,experienced1,,,,,
2026-02-02 16:37:46.589Z,GAME_ACTION,down,5.0,4.0,,5.0,2.0,,,,experienced1,,,,,
2026-02-02 16:37:47.239Z,GAME_ACTION,down,5.0,5.0,,5.0,2.0,,,,experienced1,,,,,
2026-02-02 16:37:48.839Z,GAME_ACTION,left,5.0,6.0,,5.0,2.0,,,,experienced1,,,,,
2026-02-02 16:37:49.289Z,GAME_ACTION,left,4.0,6.0,,5.0,2.0,,,,experienced1,,,,,
2026-02-02 16:37:50.010Z,GAME_ACTION,left,3.0,6.0,,5.0,2.0,,,,experienced1,,,,,
2026-02-02 16:37:50.389Z,GAME_ACTION,left,3.0,6.0,,5.0,2.0,,,,experienced1,,,,,
2026-02-02 16:37:54.155Z,GAME_ACTION,right,3.0,6.0,,5.0,2.0,,,,experienced1,,,,,
2026-02-02 16:37:56.138Z,GAME_ACTION,left,4.0,6.0,,5.0,2.0,,,,experienced1,,,,,
2026-02-02 16:37:58.038Z,AGENT_OBSERVE,,3.0,6.0,2.0,5.0,2.0,2.0,8.0,,experienced1,,experienced1,,,
2026-02-02 16:37:58.655Z,AGENT_OBSERVE,,3.0,6.0,2.0,5.0,2.0,3.0,8.0,,experienced1,,experienced1,,,
2026-02-02 16:37:59.171Z,AGENT_OBSERVE,,3.0,6.0,2.0,5.0,2.0,4.0,8.0,,experienced1,,experienced1,,,
2026-02-02 16:37:59.670Z,AGENT_OBSERVE,,3.0,6.0,2.0,5.0,2.0,5.0,8.0,,experienced1,,experienced1,,,
2026-02-02 16:38:00.137Z,AGENT_OBSERVE,,3.0,6.0,2.0,5.0,2.0,5.0,7.0,,experienced1,,experienced1,,,
2026-02-02 16:38:00.705Z,AGENT_OBSERVE,,3.0,6.0,2.0,5.0,2.0,5.0,6.0,,experienced1,,experienced1,,,
2026-02-02 16:38:01.149Z,AGENT_OBSERVE,,3.0,6.0,2.0,5.0,2.0,5.0,5.0,,experienced1,,experienced1,,,
2026-02-02 16:38:01.637Z,AGENT_OBSERVE,,3.0,6.0,2.0,5.0,2.0,5.0,4.0,,experienced1,,experienced1,,,
2026-02-02 16:38:02.087Z,AGENT_OBSERVE,,3.0,6.0,2.0,5.0,2.0,5.0,3.0,,experienced1,,experienced1,,,
2026-02-02 16:38:02.637Z,AGENT_OBSERVE,,3.0,6.0,2.0,5.0,2.0,5.0,2.0,,experienced1,,experienced1,,,
2026-02-02 16:38:03.356Z,AGENT_OBSERVE,,3.0,6.0,2.0,5.0,2.0,6.0,2.0,,experienced1,,experienced1,,,
2026-02-02 16:38:03.955Z,AGENT_OBSERVE,,3.0,6.0,2.0,5.0,2.0,7.0,2.0,,experienced1,,experienced1,,,
2026-02-02 16:38:04.921Z,AGENT_OBSERVE,,3.0,6.0,2.0,5.0,2.0,8.0,2.0,,experienced1,,experienced1,,,
2026-02-02 16:38:07.572Z,AGENT_OBSERVE,,3.0,6.0,2.0,5.0,2.0,9.0,2.0,,experienced1,,experienced1,,,
2026-02-02 16:38:08.222Z,AGENT_OBSERVE,,3.0,6.0,2.0,5.0,2.0,9.0,2.0,,experienced1,,experienced1,,,
2026-02-02 16:38:09.322Z,AGENT_OBSERVE,,3.0,6.0,2.0,5.0,2.0,8.0,2.0,,experienced1,,experienced1,,,
2026-02-02 16:38:09.854Z,AGENT_OBSERVE,,3.0,6.0,2.0,5.0,2.0,7.0,2.0,,experienced1,,experienced1,,,
2026-02-02 16:38:10.337Z,AGENT_OBSERVE,,3.0,6.0,2.0,5.0,2.0,6.0,2.0,,experienced1,,experienced1,,,
2026-02-02 16:38:13.738Z,AGENT_OBSERVE,,3.0,6.0,2.0,5.0,2.0,5.0,2.0,,experienced1,,experienced1,,,
2026-02-02 16:38:14.254Z,AGENT_OBSERVE,,3.0,6.0,2.0,5.0,2.0,5.0,3.0,,experienced1,,experienced1,,,
2026-02-02 16:38:14.948Z,AGENT_OBSERVE,,3.0,6.0,2.0,5.0,2.0,5.0,4.0,,experienced1,,experienced1,,,
2026-02-02 16:38:15.487Z,AGENT_OBSERVE,,3.0,6.0,2.0,5.0,2.0,5.0,5.0,,experienced1,,experienced1,,,
2026-02-02 16:38:16.372Z,AGENT_OBSERVE,,3.0,6.0,2.0,5.0,2.0,5.0,6.0,,experienced1,,experienced1,,,
2026-02-02 16:38:16.887Z,AGENT_OBSERVE,,3.0,6.0,2.0,5.0,2.0,5.0,7.0,,experienced1,,experienced1,,,
2026-02-02 16:38:17.387Z,AGENT_OBSERVE,,3.0,6.0,2.0,5.0,2.0,5.0,8.0,,experienced1,,experienced1,,,
2026-02-02 16:38:20.122Z,AGENT_OBSERVE,,3.0,6.0,3.0,5.0,3.0,5.0,8.0,,experienced1,,experienced1,,,
2026-02-02 16:38:20.557Z,AGENT_OBSERVE,,3.0,6.0,3.0,5.0,4.0,5.0,8.0,,experienced1,,experienced1,,,
2026-02-02 16:38:21.122Z,AGENT_OBSERVE,,3.0,6.0,3.0,5.0,5.0,5.0,8.0,,experienced1,,experienced1,,,
2026-02-02 16:38:21.704Z,AGENT_OBSERVE,,3.0,6.0,3.0,5.0,6.0,5.0,8.0,,experienced1,,experienced1,,,
2026-02-02 16:38:22.537Z,AGENT_OBSERVE,,3.0,6.0,3.0,5.0,7.0,5.0,8.0,,experienced1,,experienced1,,,
2026-02-02 16:38:23.036Z,AGENT_OBSERVE,,3.0,6.0,3.0,5.0,8.0,5.0,8.0,,experienced1,,experienced1,,,
2026-02-02 16:38:23.470Z,AGENT_OBSERVE,,3.0,6.0,3.0,6.0,8.0,5.0,8.0,,experienced1,,experienced1,,,
2026-02-02 16:38:23.987Z,AGENT_OBSERVE,,3.0,6.0,3.0,7.0,8.0,5.0,8.0,,experienced1,,experienced1,,,
2026-02-02 16:38:24.504Z,AGENT_OBSERVE,,3.0,6.0,3.0,8.0,8.0,5.0,8.0,,experienced1,,experienced1,,,
2026-02-02 16:38:27.488Z,GAME_ACTION,down,3.0,6.0,,8.0,8.0,5.0,8.0,,experienced1,,experienced1,,,
2026-02-02 16:38:28.396Z,GAME_ACTION,right,3.0,6.0,,8.0,8.0,5.0,8.0,,experienced1,,experienced1,,,
2026-02-02 16:38:29.155Z,GAME_ACTION,right,4.0,6.0,,8.0,8.0,5.0,8.0,,experienced1,,experienced1,,,
2026-02-02 16:38:31.687Z,GAME_ACTION,down,5.0,6.0,,8.0,8.0,5.0,8.0,,experienced1,,experienced1,,,
2026-02-02 16:38:32.237Z,GAME_ACTION,down,5.0,7.0,,8.0,8.0,5.0,8.0,,experienced1,,experienced1,,,
2026-02-02 16:38:33.283Z,GAME_ACTION,right,5.0,8.0,,8.0,8.0,5.0,8.0,,experienced1,,experienced1,,,
2026-02-02 16:38:33.654Z,GAME_ACTION,right,6.0,8.0,,8.0,8.0,5.0,8.0,,experienced1,,experienced1,,,
2026-02-02 16:38:34.037Z,GAME_ACTION,right,7.0,8.0,,8.0,8.0,5.0,8.0,,experienced1,,experienced1,,,
2026-02-02 16:38:34.403Z,GAME_ACTION,right,7.0,8.0,,8.0,8.0,5.0,8.0,,experienced1,,experienced1,,,
2026-02-02 16:38:41.221Z,GAME_ACTION,left,7.0,8.0,,8.0,8.0,5.0,8.0,,experienced1,,experienced1,,,
2026-02-02 16:38:41.520Z,GAME_ACTION,left,6.0,8.0,,8.0,8.0,5.0,8.0,,experienced1,,experienced1,,,
2026-02-02 16:38:44.005Z,GAME_ACTION,up,5.0,8.0,,8.0,8.0,5.0,8.0,,experienced1,,experienced1,,,
2026-02-02 16:38:44.387Z,GAME_ACTION,up,5.0,7.0,,8.0,8.0,5.0,8.0,,experienced1,,experienced1,,,
2026-02-02 16:38:44.644Z,GAME_ACTION,up,5.0,6.0,,8.0,8.0,5.0,8.0,,experienced1,,experienced1,,,
2026-02-02 16:38:45.020Z,GAME_ACTION,up,5.0,5.0,,8.0,8.0,5.0,8.0,,experienced1,,experienced1,,,
2026-02-02 16:38:45.257Z,GAME_ACTION,up,5.0,4.0,,8.0,8.0,5.0,8.0,,experienced1,,experienced1,,,
2026-02-02 16:38:45.471Z,GAME_ACTION,up,5.0,3.0,,8.0,8.0,5.0,8.0,,experienced1,,experienced1,,,
2026-02-02 16:38:45.715Z,GAME_ACTION,up,5.0,2.0,,8.0,8.0,5.0,8.0,,experienced1,,experienced1,,,
2026-02-02 16:38:45.715Z,INTERACTION,,5.0,2.0,,8.0,8.0,5.0,8.0,,experienced1,,experienced1,,wizard_interaction,
2026-02-02 16:38:48.288Z,GAME_ACTION,right,5.0,2.0,,8.0,8.0,5.0,8.0,,experienced1,,experienced1,,,
2026-02-02 16:38:48.503Z,GAME_ACTION,right,6.0,2.0,,8.0,8.0,5.0,8.0,,experienced1,,experienced1,,,
2026-02-02 16:38:48.904Z,GAME_ACTION,right,7.0,2.0,,8.0,8.0,5.0,8.0,,experienced1,,experienced1,,,
2026-02-02 16:38:49.603Z,GAME_ACTION,right,8.0,2.0,,8.0,8.0,5.0,8.0,,experienced1,,experienced1,,,
2026-02-02 16:38:50.404Z,GAME_ACTION,up,9.0,2.0,,8.0,8.0,5.0,8.0,,experienced1,,experienced1,,,
2026-02-02 16:38:50.404Z,INTERACTION,,9.0,2.0,,8.0,8.0,5.0,8.0,,experienced1,,experienced1,,wizard_interaction,blueAmulet
2026-02-02 16:38:52.154Z,GAME_ACTION,left,9.0,2.0,,8.0,8.0,5.0,8.0,,experienced1,,experienced1,,,
2026-02-02 16:38:52.571Z,GAME_ACTION,left,8.0,2.0,,8.0,8.0,5.0,8.0,,experienced1,,experienced1,,,
2026-02-02 16:38:52.806Z,GAME_ACTION,left,7.0,2.0,,8.0,8.0,5.0,8.0,,experienced1,,experienced1,,,
2026-02-02 16:38:53.069Z,GAME_ACTION,left,6.0,2.0,,8.0,8.0,5.0,8.0,,experienced1,,experienced1,,,
2026-02-02 16:38:54.054Z,GAME_ACTION,down,5.0,2.0,,8.0,8.0,5.0,8.0,,experienced1,,experienced1,,,
2026-02-02 16:38:54.436Z,GAME_ACTION,down,5.0,3.0,,8.0,8.0,5.0,8.0,,experienced1,,experienced1,,,
2026-02-02 16:38:54.854Z,GAME_ACTION,down,5.0,4.0,,8.0,8.0,5.0,8.0,,experienced1,,experienced1,,,
2026-02-02 16:38:55.637Z,GAME_ACTION,down,5.0,5.0,,8.0,8.0,5.0,8.0,,experienced1,,experienced1,,,
2026-02-02 16:38:56.805Z,GAME_ACTION,left,5.0,6.0,,8.0,8.0,5.0,8.0,,experienced1,,experienced1,,,
2026-02-02 16:38:57.203Z,GAME_ACTION,left,4.0,6.0,,8.0,8.0,5.0,8.0,,experienced1,,experienced1,,,
2026-02-02 16:38:57.420Z,GAME_ACTION,left,3.0,6.0,,8.0,8.0,5.0,8.0,,experienced1,,experienced1,,,
2026-02-02 16:38:57.889Z,GAME_ACTION,left,2.0,6.0,,8.0,8.0,5.0,8.0,,experienced1,,experienced1,,,
2026-02-02 16:38:57.890Z,INTERACTION,,2.0,6.0,,8.0,8.0,5.0,8.0,,experienced1,,experienced1,,treasure_interaction,A
2026-02-02 16:39:01.571Z,GAME_ACTION,right,1.0,6.0,,8.0,8.0,5.0,8.0,,experienced1,,experienced1,,,
2026-02-02 16:39:01.812Z,GAME_ACTION,right,2.0,6.0,,8.0,8.0,5.0,8.0,,experienced1,,experienced1,,,
2026-02-02 16:39:02.040Z,GAME_ACTION,right,3.0,6.0,,8.0,8.0,5.0,8.0,,experienced1,,experienced1,,,
2026-02-02 16:39:02.286Z,GAME_ACTION,right,4.0,6.0,,8.0,8.0,5.0,8.0,,experienced1,,experienced1,,,
2026-02-02 16:39:02.536Z,GAME_ACTION,right,5.0,6.0,,8.0,8.0,5.0,8.0,,experienced1,,experienced1,,,
2026-02-02 16:39:04.020Z,GAME_ACTION,down,5.0,6.0,,8.0,8.0,5.0,8.0,,experienced1,,experienced1,,,
2026-02-02 16:39:04.488Z,GAME_ACTION,down,5.0,7.0,,8.0,8.0,5.0,8.0,,experienced1,,experienced1,,,
2026-02-02 16:39:05.388Z,GAME_ACTION,right,5.0,8.0,,8.0,8.0,5.0,8.0,,experienced1,,experienced1,,,
2026-02-02 16:39:05.769Z,GAME_ACTION,right,6.0,8.0,,8.0,8.0,5.0,8.0,,experienced1,,experienced1,,,
2026-02-02 16:39:06.171Z,GAME_ACTION,right,7.0,8.0,,8.0,8.0,5.0,8.0,,experienced1,,experienced1,,,
2026-02-02 16:39:06.387Z,GAME_ACTION,right,8.0,8.0,,8.0,8.0,5.0,8.0,,experienced1,,experienced1,,,
2026-02-02 16:39:06.387Z,INTERACTION,,8.0,8.0,,8.0,8.0,5.0,8.0,,experienced1,,experienced1,,treasure_interaction,B
2026-02-02 16:39:06.387Z,LEVEL_COMPLETE,,8.0,8.0,,8.0,8.0,5.0,8.0,,experienced1,,experienced1,,,
2026-02-02 16:39:09.389Z,LEVEL_COMPLETE,,8.0,8.0,,8.0,8.0,5.0,8.0,-124.0,experienced1,,experienced1,,,

Level: sm112_1
Timestamp,Type,Player Action,Player X,Player Y,Observed Agent ID,NPC 1 X,NPC 1 Y,NPC 2 X,NPC 2 Y,Steps Remaining,NPC 1 Path Type,NPC 1 Path Index,NPC 2 Path Type,NPC 2 Path Index,Interaction Type,Interaction Details
2026-02-02 16:39:09.597Z,LEVEL_START,,,,,,,,,,,,,,,
2026-02-02 16:39:09.679Z,LEVEL_START,,,,,,,,,,,,,,,
2026-02-02 16:39:24.753Z,GAME_ACTION,right,5.0,6.0,,,,,,,,,,,,
2026-02-02 16:39:28.221Z,GAME_ACTION,up,5.0,6.0,,,,,,,,,,,,
2026-02-02 16:39:28.871Z,GAME_ACTION,up,5.0,5.0,,,,,,,,,,,,
2026-02-02 16:39:29.987Z,GAME_ACTION,right,5.0,4.0,,,,,,,,,,,,
2026-02-02 16:39:30.471Z,GAME_ACTION,right,6.0,4.0,,,,,,,,,,,,
2026-02-02 16:39:31.171Z,GAME_ACTION,right,7.0,4.0,,,,,,,,,,,,
2026-02-02 16:39:31.769Z,INTERACTION,,7.0,4.0,,,,,,,,,,,wizard_interaction,blueAmulet
2026-02-02 16:39:31.769Z,GAME_ACTION,right,8.0,4.0,,,,,,,,,,,,
2026-02-02 16:39:34.003Z,GAME_ACTION,left,8.0,4.0,,,,,,,,,,,,
2026-02-02 16:39:35.086Z,GAME_ACTION,left,7.0,4.0,,,,,,,,,,,,
2026-02-02 16:39:35.838Z,GAME_ACTION,left,6.0,4.0,,,,,,,,,,,,
2026-02-02 16:39:37.185Z,GAME_ACTION,down,5.0,4.0,,,,,,,,,,,,
2026-02-02 16:39:37.671Z,GAME_ACTION,down,5.0,5.0,,,,,,,,,,,,
2026-02-02 16:39:38.937Z,GAME_ACTION,left,5.0,6.0,,,,,,,,,,,,
2026-02-02 16:39:39.304Z,GAME_ACTION,left,4.0,6.0,,,,,,,,,,,,
2026-02-02 16:39:41.937Z,GAME_ACTION,right,4.0,6.0,,,,,,,,,,,,
2026-02-02 16:39:42.887Z,GAME_ACTION,down,5.0,6.0,,,,,,,,,,,,
2026-02-02 16:39:43.736Z,GAME_ACTION,left,5.0,7.0,,,,,,,,,,,,
2026-02-02 16:39:44.887Z,GAME_ACTION,down,5.0,7.0,,,,,,,,,,,,
2026-02-02 16:39:45.817Z,GAME_ACTION,left,5.0,8.0,,,,,,,,,,,,
2026-02-02 16:39:46.220Z,GAME_ACTION,left,4.0,8.0,,,,,,,,,,,,
2026-02-02 16:39:46.519Z,GAME_ACTION,left,3.0,8.0,,,,,,,,,,,,
2026-02-02 16:39:47.138Z,GAME_ACTION,left,2.0,8.0,,,,,,,,,,,,
2026-02-02 16:39:47.977Z,GAME_ACTION,down,1.0,8.0,,,,,,,,,,,,
2026-02-02 16:39:48.970Z,GAME_ACTION,down,1.0,9.0,,,,,,,,,,,,
2026-02-02 16:39:48.970Z,INTERACTION,,1.0,9.0,,,,,,,,,,,wizard_interaction,redAmulet
2026-02-02 16:39:50.269Z,GAME_ACTION,up,1.0,9.0,,,,,,,,,,,,
2026-02-02 16:39:51.686Z,GAME_ACTION,right,1.0,8.0,,,,,,,,,,,,
2026-02-02 16:39:52.155Z,GAME_ACTION,right,2.0,8.0,,,,,,,,,,,,
2026-02-02 16:39:52.553Z,GAME_ACTION,right,3.0,8.0,,,,,,,,,,,,
2026-02-02 16:39:53.053Z,GAME_ACTION,right,4.0,8.0,,,,,,,,,,,,
2026-02-02 16:39:54.303Z,GAME_ACTION,up,5.0,8.0,,,,,,,,,,,,
2026-02-02 16:39:54.703Z,GAME_ACTION,up,5.0,7.0,,,,,,,,,,,,
2026-02-02 16:39:55.854Z,GAME_ACTION,left,5.0,6.0,,,,,,,,,,,,
2026-02-02 16:39:56.253Z,GAME_ACTION,left,4.0,6.0,,,,,,,,,,,,
2026-02-02 16:39:56.703Z,GAME_ACTION,left,3.0,6.0,,,,,,,,,,,,
2026-02-02 16:39:57.470Z,GAME_ACTION,left,2.0,6.0,,,,,,,,,,,,
2026-02-02 16:39:57.470Z,INTERACTION,,2.0,6.0,,,,,,,,,,,treasure_interaction,A
2026-02-02 16:39:57.470Z,LEVEL_COMPLETE,,2.0,6.0,,,,,,,,,,,,
2026-02-02 16:40:00.471Z,LEVEL_COMPLETE,,2.0,6.0,,,,,,20.0,,,,,,

Level: sm221_1
Timestamp,Type,Player Action,Player X,Player Y,Observed Agent ID,NPC 1 X,NPC 1 Y,NPC 2 X,NPC 2 Y,Steps Remaining,NPC 1 Path Type,NPC 1 Path Index,NPC 2 Path Type,NPC 2 Path Index,Interaction Type,Interaction Details
2026-02-02 16:44:46.584Z,LEVEL_START,,,,,,,,,,,,,,,
2026-02-02 16:44:46.584Z,LEVEL_START,,,,,,,,,,,,,,,
2026-02-02 16:45:00.685Z,AGENT_OBSERVE,,3.0,9.0,3.0,9.0,9.0,,,,experienced1,,,,,
2026-02-02 16:45:01.766Z,AGENT_OBSERVE,,3.0,9.0,3.0,8.0,9.0,,,,experienced1,,,,,
2026-02-02 16:45:03.300Z,AGENT_OBSERVE,,3.0,9.0,3.0,7.0,9.0,,,,experienced1,,,,,
2026-02-02 16:45:10.916Z,GAME_ACTION,down,3.0,9.0,,7.0,9.0,,,,experienced1,,,,,
2026-02-02 16:45:11.400Z,GAME_ACTION,down,3.0,10.0,,7.0,9.0,,,,experienced1,,,,,
2026-02-02 16:45:12.455Z,GAME_ACTION,right,3.0,11.0,,7.0,9.0,,,,experienced1,,,,,
2026-02-02 16:45:12.868Z,GAME_ACTION,right,4.0,11.0,,7.0,9.0,,,,experienced1,,,,,
2026-02-02 16:45:13.233Z,GAME_ACTION,right,5.0,11.0,,7.0,9.0,,,,experienced1,,,,,
2026-02-02 16:45:13.457Z,GAME_ACTION,right,6.0,11.0,,7.0,9.0,,,,experienced1,,,,,
2026-02-02 16:45:13.687Z,GAME_ACTION,right,7.0,11.0,,7.0,9.0,,,,experienced1,,,,,
2026-02-02 16:45:13.901Z,GAME_ACTION,right,8.0,11.0,,7.0,9.0,,,,experienced1,,,,,
2026-02-02 16:45:14.166Z,GAME_ACTION,right,9.0,11.0,,7.0,9.0,,,,experienced1,,,,,
2026-02-02 16:45:14.166Z,INTERACTION,,9.0,11.0,,7.0,9.0,,,,experienced1,,,,wizard_interaction,redAmulet
2026-02-02 16:45:16.018Z,GAME_ACTION,left,9.0,11.0,,7.0,9.0,,,,experienced1,,,,,
2026-02-02 16:45:16.259Z,GAME_ACTION,left,8.0,11.0,,7.0,9.0,,,,experienced1,,,,,
2026-02-02 16:45:16.467Z,GAME_ACTION,left,7.0,11.0,,7.0,9.0,,,,experienced1,,,,,
2026-02-02 16:45:16.696Z,GAME_ACTION,left,6.0,11.0,,7.0,9.0,,,,experienced1,,,,,
2026-02-02 16:45:16.921Z,GAME_ACTION,left,5.0,11.0,,7.0,9.0,,,,experienced1,,,,,
2026-02-02 16:45:17.216Z,GAME_ACTION,left,4.0,11.0,,7.0,9.0,,,,experienced1,,,,,
2026-02-02 16:45:18.583Z,GAME_ACTION,up,3.0,11.0,,7.0,9.0,,,,experienced1,,,,,
2026-02-02 16:45:19.017Z,GAME_ACTION,up,3.0,10.0,,7.0,9.0,,,,experienced1,,,,,
2026-02-02 16:45:20.834Z,GAME_ACTION,right,3.0,9.0,,7.0,9.0,,,,experienced1,,,,,
2026-02-02 16:45:21.183Z,GAME_ACTION,right,4.0,9.0,,7.0,9.0,,,,experienced1,,,,,
2026-02-02 16:45:22.401Z,GAME_ACTION,up,5.0,9.0,,7.0,9.0,,,,experienced1,,,,,
2026-02-02 16:45:22.766Z,GAME_ACTION,up,5.0,8.0,,7.0,9.0,,,,experienced1,,,,,
2026-02-02 16:45:23.169Z,GAME_ACTION,up,5.0,7.0,,7.0,9.0,,,,experienced1,,,,,
2026-02-02 16:45:23.416Z,GAME_ACTION,up,5.0,6.0,,7.0,9.0,,,,experienced1,,,,,
2026-02-02 16:45:23.683Z,GAME_ACTION,up,5.0,5.0,,7.0,9.0,,,,experienced1,,,,,
2026-02-02 16:45:24.218Z,GAME_ACTION,up,5.0,4.0,,7.0,9.0,,,,experienced1,,,,,
2026-02-02 16:45:24.899Z,GAME_ACTION,left,5.0,3.0,,7.0,9.0,,,,experienced1,,,,,
2026-02-02 16:45:25.200Z,GAME_ACTION,left,4.0,3.0,,7.0,9.0,,,,experienced1,,,,,
2026-02-02 16:45:25.635Z,GAME_ACTION,left,3.0,3.0,,7.0,9.0,,,,experienced1,,,,,
2026-02-02 16:45:26.300Z,GAME_ACTION,up,2.0,3.0,,7.0,9.0,,,,experienced1,,,,,
2026-02-02 16:45:26.666Z,GAME_ACTION,up,2.0,2.0,,7.0,9.0,,,,experienced1,,,,,
2026-02-02 16:45:27.218Z,GAME_ACTION,up,2.0,1.0,,7.0,9.0,,,,experienced1,,,,,
2026-02-02 16:45:27.219Z,INTERACTION,,2.0,1.0,,7.0,9.0,,,,experienced1,,,,wizard_interaction,blueAmulet
2026-02-02 16:45:29.317Z,GAME_ACTION,down,2.0,1.0,,7.0,9.0,,,,experienced1,,,,,
2026-02-02 16:45:29.733Z,GAME_ACTION,down,2.0,2.0,,7.0,9.0,,,,experienced1,,,,,
2026-02-02 16:45:31.468Z,GAME_ACTION,right,2.0,3.0,,7.0,9.0,,,,experienced1,,,,,
2026-02-02 16:45:31.733Z,GAME_ACTION,right,3.0,3.0,,7.0,9.0,,,,experienced1,,,,,
2026-02-02 16:45:31.966Z,GAME_ACTION,right,4.0,3.0,,7.0,9.0,,,,experienced1,,,,,
2026-02-02 16:45:32.199Z,GAME_ACTION,right,5.0,3.0,,7.0,9.0,,,,experienced1,,,,,
2026-02-02 16:45:32.600Z,GAME_ACTION,right,6.0,3.0,,7.0,9.0,,,,experienced1,,,,,
2026-02-02 16:45:33.066Z,GAME_ACTION,right,7.0,3.0,,7.0,9.0,,,,experienced1,,,,,
2026-02-02 16:45:33.901Z,GAME_ACTION,up,8.0,3.0,,7.0,9.0,,,,experienced1,,,,,
2026-02-02 16:45:34.301Z,GAME_ACTION,up,8.0,2.0,,7.0,9.0,,,,experienced1,,,,,
2026-02-02 16:45:34.868Z,GAME_ACTION,up,8.0,1.0,,7.0,9.0,,,,experienced1,,,,,
2026-02-02 16:45:34.868Z,INTERACTION,,8.0,1.0,,7.0,9.0,,,,experienced1,,,,treasure_interaction,A
2026-02-02 16:45:34.868Z,LEVEL_COMPLETE,,8.0,1.0,,7.0,9.0,,,,experienced1,,,,,
2026-02-02 16:45:37.870Z,LEVEL_COMPLETE,,8.0,1.0,,7.0,9.0,,,-34.0,experienced1,,,,,

Level: sm311_2
Timestamp,Type,Player Action,Player X,Player Y,Observed Agent ID,NPC 1 X,NPC 1 Y,NPC 2 X,NPC 2 Y,Steps Remaining,NPC 1 Path Type,NPC 1 Path Index,NPC 2 Path Type,NPC 2 Path Index,Interaction Type,Interaction Details
2026-02-02 16:40:00.644Z,LEVEL_START,,,,,,,,,,,,,,,
2026-02-02 16:40:00.644Z,LEVEL_START,,,,,,,,,,,,,,,
2026-02-02 16:40:18.288Z,AGENT_OBSERVE,,7.0,9.0,3.0,0.0,2.0,,,,experienced2,,,,,
2026-02-02 16:40:20.954Z,AGENT_OBSERVE,,7.0,9.0,3.0,0.0,3.0,,,,experienced2,,,,,
2026-02-02 16:40:21.771Z,AGENT_OBSERVE,,7.0,9.0,3.0,1.0,3.0,,,,experienced2,,,,,
2026-02-02 16:40:22.421Z,AGENT_OBSERVE,,7.0,9.0,3.0,2.0,3.0,,,,experienced2,,,,,
2026-02-02 16:40:23.137Z,AGENT_OBSERVE,,7.0,9.0,3.0,2.0,2.0,,,,experienced2,,,,,
2026-02-02 16:40:26.003Z,AGENT_OBSERVE,,7.0,9.0,3.0,2.0,2.0,,,,experienced2,,,,,
2026-02-02 16:40:26.653Z,AGENT_OBSERVE,,7.0,9.0,3.0,2.0,3.0,,,,experienced2,,,,,
2026-02-02 16:40:27.219Z,AGENT_OBSERVE,,7.0,9.0,3.0,3.0,3.0,,,,experienced2,,,,,
2026-02-02 16:40:32.838Z,GAME_ACTION,left,7.0,9.0,,3.0,3.0,,,,experienced2,,,,,
2026-02-02 16:40:33.720Z,GAME_ACTION,left,6.0,9.0,,3.0,3.0,,,,experienced2,,,,,
2026-02-02 16:40:34.035Z,GAME_ACTION,left,5.0,9.0,,3.0,3.0,,,,experienced2,,,,,
2026-02-02 16:40:34.571Z,GAME_ACTION,left,4.0,9.0,,3.0,3.0,,,,experienced2,,,,,
2026-02-02 16:40:35.088Z,GAME_ACTION,left,3.0,9.0,,3.0,3.0,,,,experienced2,,,,,
2026-02-02 16:40:36.302Z,GAME_ACTION,down,2.0,9.0,,3.0,3.0,,,,experienced2,,,,,
2026-02-02 16:40:36.819Z,GAME_ACTION,down,2.0,10.0,,3.0,3.0,,,,experienced2,,,,,
2026-02-02 16:40:36.819Z,INTERACTION,,2.0,10.0,,3.0,3.0,,,,experienced2,,,,wizard_interaction,redAmulet
2026-02-02 16:40:39.586Z,GAME_ACTION,up,2.0,10.0,,3.0,3.0,,,,experienced2,,,,,
2026-02-02 16:40:40.079Z,GAME_ACTION,up,2.0,9.0,,3.0,3.0,,,,experienced2,,,,,
2026-02-02 16:40:40.488Z,GAME_ACTION,up,2.0,8.0,,3.0,3.0,,,,experienced2,,,,,
2026-02-02 16:40:40.702Z,GAME_ACTION,up,2.0,7.0,,3.0,3.0,,,,experienced2,,,,,
2026-02-02 16:40:41.303Z,GAME_ACTION,up,2.0,6.0,,3.0,3.0,,,,experienced2,,,,,
2026-02-02 16:40:41.620Z,GAME_ACTION,up,2.0,5.0,,3.0,3.0,,,,experienced2,,,,,
2026-02-02 16:40:41.868Z,GAME_ACTION,up,2.0,4.0,,3.0,3.0,,,,experienced2,,,,,
2026-02-02 16:40:43.453Z,GAME_ACTION,right,2.0,3.0,,3.0,3.0,,,,experienced2,,,,,
2026-02-02 16:40:43.699Z,GAME_ACTION,right,3.0,3.0,,3.0,3.0,,,,experienced2,,,,,
2026-02-02 16:40:44.138Z,GAME_ACTION,right,4.0,3.0,,3.0,3.0,,,,experienced2,,,,,
2026-02-02 16:40:44.535Z,GAME_ACTION,right,5.0,3.0,,3.0,3.0,,,,experienced2,,,,,
2026-02-02 16:40:44.785Z,GAME_ACTION,right,6.0,3.0,,3.0,3.0,,,,experienced2,,,,,
2026-02-02 16:40:45.135Z,GAME_ACTION,right,7.0,3.0,,3.0,3.0,,,,experienced2,,,,,
2026-02-02 16:40:45.477Z,GAME_ACTION,right,8.0,3.0,,3.0,3.0,,,,experienced2,,,,,
2026-02-02 16:40:45.836Z,GAME_ACTION,right,9.0,3.0,,3.0,3.0,,,,experienced2,,,,,
2026-02-02 16:40:46.721Z,GAME_ACTION,up,10.0,3.0,,3.0,3.0,,,,experienced2,,,,,
2026-02-02 16:40:46.986Z,GAME_ACTION,up,10.0,2.0,,3.0,3.0,,,,experienced2,,,,,
2026-02-02 16:40:46.986Z,INTERACTION,,10.0,2.0,,3.0,3.0,,,,experienced2,,,,wizard_interaction,blueAmulet
2026-02-02 16:40:49.259Z,GAME_ACTION,down,10.0,2.0,,3.0,3.0,,,,experienced2,,,,,
2026-02-02 16:40:50.120Z,GAME_ACTION,left,10.0,3.0,,3.0,3.0,,,,experienced2,,,,,
2026-02-02 16:40:50.368Z,GAME_ACTION,left,9.0,3.0,,3.0,3.0,,,,experienced2,,,,,
2026-02-02 16:40:50.602Z,GAME_ACTION,left,8.0,3.0,,3.0,3.0,,,,experienced2,,,,,
2026-02-02 16:40:51.104Z,GAME_ACTION,left,7.0,3.0,,3.0,3.0,,,,experienced2,,,,,
2026-02-02 16:40:51.320Z,GAME_ACTION,left,6.0,3.0,,3.0,3.0,,,,experienced2,,,,,
2026-02-02 16:40:51.585Z,GAME_ACTION,left,5.0,3.0,,3.0,3.0,,,,experienced2,,,,,
2026-02-02 16:40:52.187Z,GAME_ACTION,left,4.0,3.0,,3.0,3.0,,,,experienced2,,,,,
2026-02-02 16:40:52.770Z,GAME_ACTION,left,3.0,3.0,,3.0,3.0,,,,experienced2,,,,,
2026-02-02 16:40:54.057Z,GAME_ACTION,down,2.0,3.0,,3.0,3.0,,,,experienced2,,,,,
2026-02-02 16:40:54.602Z,GAME_ACTION,down,2.0,4.0,,3.0,3.0,,,,experienced2,,,,,
2026-02-02 16:40:55.086Z,GAME_ACTION,down,2.0,5.0,,3.0,3.0,,,,experienced2,,,,,
2026-02-02 16:40:55.487Z,GAME_ACTION,down,2.0,6.0,,3.0,3.0,,,,experienced2,,,,,
2026-02-02 16:40:55.971Z,GAME_ACTION,down,2.0,7.0,,3.0,3.0,,,,experienced2,,,,,
2026-02-02 16:40:56.471Z,GAME_ACTION,down,2.0,8.0,,3.0,3.0,,,,experienced2,,,,,
2026-02-02 16:40:57.302Z,GAME_ACTION,left,2.0,9.0,,3.0,3.0,,,,experienced2,,,,,
2026-02-02 16:40:57.754Z,GAME_ACTION,left,1.0,9.0,,3.0,3.0,,,,experienced2,,,,,
2026-02-02 16:40:58.553Z,GAME_ACTION,down,0.0,9.0,,3.0,3.0,,,,experienced2,,,,,
2026-02-02 16:40:59.271Z,GAME_ACTION,down,0.0,10.0,,3.0,3.0,,,,experienced2,,,,,
2026-02-02 16:40:59.271Z,INTERACTION,,0.0,10.0,,3.0,3.0,,,,experienced2,,,,treasure_interaction,B
2026-02-02 16:40:59.271Z,LEVEL_COMPLETE,,0.0,10.0,,3.0,3.0,,,,experienced2,,,,,
2026-02-02 16:41:02.273Z,LEVEL_COMPLETE,,0.0,10.0,,3.0,3.0,,,3.0,experienced2,,,,,

Level: sm371_2
Timestamp,Type,Player Action,Player X,Player Y,Observed Agent ID,NPC 1 X,NPC 1 Y,NPC 2 X,NPC 2 Y,Steps Remaining,NPC 1 Path Type,NPC 1 Path Index,NPC 2 Path Type,NPC 2 Path Index,Interaction Type,Interaction Details
2026-02-02 16:43:15.322Z,LEVEL_START,,,,,,,,,,,,,,,
2026-02-02 16:43:15.326Z,LEVEL_START,,,,,,,,,,,,,,,
2026-02-02 16:43:36.119Z,GAME_ACTION,down,0.0,3.0,,,,,,,,,,,,
2026-02-02 16:43:36.618Z,GAME_ACTION,down,0.0,4.0,,,,,,,,,,,,
2026-02-02 16:43:36.618Z,INTERACTION,,0.0,4.0,,,,,,,,,,,wizard_interaction,blueAmulet
2026-02-02 16:43:39.234Z,GAME_ACTION,up,0.0,4.0,,,,,,,,,,,,
2026-02-02 16:43:40.293Z,GAME_ACTION,right,0.0,3.0,,,,,,,,,,,,
2026-02-02 16:43:40.718Z,GAME_ACTION,right,1.0,3.0,,,,,,,,,,,,
2026-02-02 16:43:41.151Z,GAME_ACTION,right,2.0,3.0,,,,,,,,,,,,
2026-02-02 16:43:41.417Z,GAME_ACTION,right,3.0,3.0,,,,,,,,,,,,
2026-02-02 16:43:41.650Z,GAME_ACTION,right,4.0,3.0,,,,,,,,,,,,
2026-02-02 16:43:41.950Z,GAME_ACTION,right,5.0,3.0,,,,,,,,,,,,
2026-02-02 16:43:42.217Z,GAME_ACTION,right,6.0,3.0,,,,,,,,,,,,
2026-02-02 16:43:42.567Z,GAME_ACTION,right,7.0,3.0,,,,,,,,,,,,
2026-02-02 16:43:43.067Z,GAME_ACTION,right,8.0,3.0,,,,,,,,,,,,
2026-02-02 16:43:43.852Z,GAME_ACTION,up,9.0,3.0,,,,,,,,,,,,
2026-02-02 16:43:44.100Z,GAME_ACTION,up,9.0,2.0,,,,,,,,,,,,
2026-02-02 16:43:44.468Z,GAME_ACTION,up,9.0,1.0,,,,,,,,,,,,
2026-02-02 16:43:44.468Z,INTERACTION,,9.0,1.0,,,,,,,,,,,treasure_interaction,A
2026-02-02 16:43:44.468Z,LEVEL_COMPLETE,,9.0,1.0,,,,,,,,,,,,
2026-02-02 16:43:47.471Z,LEVEL_COMPLETE,,9.0,1.0,,,,,,22.0,,,,,,

Level: sm431_1
Timestamp,Type,Player Action,Player X,Player Y,Observed Agent ID,NPC 1 X,NPC 1 Y,NPC 2 X,NPC 2 Y,Steps Remaining,NPC 1 Path Type,NPC 1 Path Index,NPC 2 Path Type,NPC 2 Path Index,Interaction Type,Interaction Details
2026-02-02 16:45:38.039Z,LEVEL_START,,,,,,,,,,,,,,,
2026-02-02 16:45:38.040Z,LEVEL_START,,,,,,,,,,,,,,,
2026-02-02 16:45:52.751Z,AGENT_OBSERVE,,5.0,9.0,2.0,,,0.0,5.0,,,,experienced1,,,
2026-02-02 16:45:53.318Z,AGENT_OBSERVE,,5.0,9.0,2.0,,,0.0,4.0,,,,experienced1,,,
2026-02-02 16:45:53.799Z,AGENT_OBSERVE,,5.0,9.0,2.0,,,0.0,3.0,,,,experienced1,,,
2026-02-02 16:45:54.300Z,AGENT_OBSERVE,,5.0,9.0,2.0,,,1.0,3.0,,,,experienced1,,,
2026-02-02 16:45:54.901Z,AGENT_OBSERVE,,5.0,9.0,2.0,,,2.0,3.0,,,,experienced1,,,
2026-02-02 16:45:55.366Z,AGENT_OBSERVE,,5.0,9.0,2.0,,,3.0,3.0,,,,experienced1,,,
2026-02-02 16:45:55.883Z,AGENT_OBSERVE,,5.0,9.0,2.0,,,4.0,3.0,,,,experienced1,,,
2026-02-02 16:45:56.417Z,AGENT_OBSERVE,,5.0,9.0,2.0,,,4.0,2.0,,,,experienced1,,,
2026-02-02 16:45:56.900Z,AGENT_OBSERVE,,5.0,9.0,2.0,,,4.0,2.0,,,,experienced1,,,
2026-02-02 16:45:59.251Z,AGENT_OBSERVE,,5.0,9.0,2.0,,,4.0,3.0,,,,experienced1,,,
2026-02-02 16:45:59.693Z,AGENT_OBSERVE,,5.0,9.0,2.0,,,3.0,3.0,,,,experienced1,,,
2026-02-02 16:46:00.504Z,AGENT_OBSERVE,,5.0,9.0,2.0,,,2.0,3.0,,,,experienced1,,,
2026-02-02 16:46:01.083Z,AGENT_OBSERVE,,5.0,9.0,2.0,,,1.0,3.0,,,,experienced1,,,
2026-02-02 16:46:01.576Z,AGENT_OBSERVE,,5.0,9.0,2.0,,,0.0,3.0,,,,experienced1,,,
2026-02-02 16:46:02.020Z,AGENT_OBSERVE,,5.0,9.0,2.0,,,0.0,4.0,,,,experienced1,,,
2026-02-02 16:46:02.483Z,AGENT_OBSERVE,,5.0,9.0,2.0,,,0.0,5.0,,,,experienced1,,,
2026-02-02 16:46:03.207Z,AGENT_OBSERVE,,5.0,9.0,2.0,,,1.0,5.0,,,,experienced1,,,
2026-02-02 16:46:03.649Z,AGENT_OBSERVE,,5.0,9.0,2.0,,,2.0,5.0,,,,experienced1,,,
2026-02-02 16:46:04.093Z,AGENT_OBSERVE,,5.0,9.0,2.0,,,3.0,5.0,,,,experienced1,,,
2026-02-02 16:46:04.967Z,AGENT_OBSERVE,,5.0,9.0,2.0,,,4.0,5.0,,,,experienced1,,,
2026-02-02 16:46:05.767Z,AGENT_OBSERVE,,5.0,9.0,2.0,,,5.0,5.0,,,,experienced1,,,
2026-02-02 16:46:06.442Z,AGENT_OBSERVE,,5.0,9.0,2.0,,,6.0,5.0,,,,experienced1,,,
2026-02-02 16:46:06.884Z,AGENT_OBSERVE,,5.0,9.0,2.0,,,7.0,5.0,,,,experienced1,,,
2026-02-02 16:46:07.326Z,AGENT_OBSERVE,,5.0,9.0,2.0,,,8.0,5.0,,,,experienced1,,,
2026-02-02 16:46:08.592Z,AGENT_OBSERVE,,5.0,9.0,2.0,,,9.0,5.0,,,,experienced1,,,
2026-02-02 16:46:15.967Z,GAME_ACTION,right,5.0,9.0,,,,9.0,5.0,,,,experienced1,,,
2026-02-02 16:46:16.535Z,GAME_ACTION,right,6.0,9.0,,,,9.0,5.0,,,,experienced1,,,
2026-02-02 16:46:16.985Z,GAME_ACTION,right,7.0,9.0,,,,9.0,5.0,,,,experienced1,,,
2026-02-02 16:46:17.466Z,GAME_ACTION,right,8.0,9.0,,,,9.0,5.0,,,,experienced1,,,
2026-02-02 16:46:17.467Z,INTERACTION,,8.0,9.0,,,,9.0,5.0,,,,experienced1,,wizard_interaction,redAmulet
2026-02-02 16:46:19.084Z,GAME_ACTION,left,8.0,9.0,,,,9.0,5.0,,,,experienced1,,,
2026-02-02 16:46:19.411Z,GAME_ACTION,left,7.0,9.0,,,,9.0,5.0,,,,experienced1,,,
2026-02-02 16:46:19.648Z,GAME_ACTION,left,6.0,9.0,,,,9.0,5.0,,,,experienced1,,,
2026-02-02 16:46:19.899Z,GAME_ACTION,left,5.0,9.0,,,,9.0,5.0,,,,experienced1,,,
2026-02-02 16:46:20.132Z,GAME_ACTION,left,4.0,9.0,,,,9.0,5.0,,,,experienced1,,,
2026-02-02 16:46:20.365Z,GAME_ACTION,left,3.0,9.0,,,,9.0,5.0,,,,experienced1,,,
2026-02-02 16:46:21.733Z,GAME_ACTION,right,2.0,9.0,,,,9.0,5.0,,,,experienced1,,,
2026-02-02 16:46:22.666Z,GAME_ACTION,up,3.0,9.0,,,,9.0,5.0,,,,experienced1,,,
2026-02-02 16:46:22.916Z,GAME_ACTION,up,3.0,8.0,,,,9.0,5.0,,,,experienced1,,,
2026-02-02 16:46:23.173Z,GAME_ACTION,up,3.0,7.0,,,,9.0,5.0,,,,experienced1,,,
2026-02-02 16:46:23.833Z,GAME_ACTION,up,3.0,6.0,,,,9.0,5.0,,,,experienced1,,,
2026-02-02 16:46:24.516Z,GAME_ACTION,left,3.0,5.0,,,,9.0,5.0,,,,experienced1,,,
2026-02-02 16:46:24.771Z,GAME_ACTION,left,2.0,5.0,,,,9.0,5.0,,,,experienced1,,,
2026-02-02 16:46:25.032Z,GAME_ACTION,left,1.0,5.0,,,,9.0,5.0,,,,experienced1,,,
2026-02-02 16:46:25.932Z,GAME_ACTION,up,0.0,5.0,,,,9.0,5.0,,,,experienced1,,,
2026-02-02 16:46:26.216Z,GAME_ACTION,up,0.0,4.0,,,,9.0,5.0,,,,experienced1,,,
2026-02-02 16:46:26.532Z,GAME_ACTION,up,0.0,3.0,,,,9.0,5.0,,,,experienced1,,,
2026-02-02 16:46:26.932Z,GAME_ACTION,up,0.0,2.0,,,,9.0,5.0,,,,experienced1,,,
2026-02-02 16:46:26.933Z,INTERACTION,,0.0,2.0,,,,9.0,5.0,,,,experienced1,,wizard_interaction,
2026-02-02 16:46:29.116Z,GAME_ACTION,down,0.0,2.0,,,,9.0,5.0,,,,experienced1,,,
2026-02-02 16:46:30.017Z,GAME_ACTION,right,0.0,3.0,,,,9.0,5.0,,,,experienced1,,,
2026-02-02 16:46:30.382Z,GAME_ACTION,right,1.0,3.0,,,,9.0,5.0,,,,experienced1,,,
2026-02-02 16:46:31.184Z,GAME_ACTION,up,2.0,3.0,,,,9.0,5.0,,,,experienced1,,,
2026-02-02 16:46:31.499Z,GAME_ACTION,up,2.0,2.0,,,,9.0,5.0,,,,experienced1,,,
2026-02-02 16:46:31.499Z,INTERACTION,,2.0,2.0,,,,9.0,5.0,,,,experienced1,,wizard_interaction,
2026-02-02 16:46:33.268Z,GAME_ACTION,down,2.0,2.0,,,,9.0,5.0,,,,experienced1,,,
2026-02-02 16:46:34.751Z,GAME_ACTION,right,2.0,3.0,,,,9.0,5.0,,,,experienced1,,,
2026-02-02 16:46:35.149Z,GAME_ACTION,right,3.0,3.0,,,,9.0,5.0,,,,experienced1,,,
2026-02-02 16:46:35.984Z,GAME_ACTION,up,4.0,3.0,,,,9.0,5.0,,,,experienced1,,,
2026-02-02 16:46:36.249Z,GAME_ACTION,up,4.0,2.0,,,,9.0,5.0,,,,experienced1,,,
2026-02-02 16:46:36.249Z,INTERACTION,,4.0,2.0,,,,9.0,5.0,,,,experienced1,,wizard_interaction,blueAmulet
2026-02-02 16:46:37.934Z,GAME_ACTION,down,4.0,2.0,,,,9.0,5.0,,,,experienced1,,,
2026-02-02 16:46:39.298Z,GAME_ACTION,left,4.0,3.0,,,,9.0,5.0,,,,experienced1,,,
2026-02-02 16:46:39.616Z,GAME_ACTION,left,3.0,3.0,,,,9.0,5.0,,,,experienced1,,,
2026-02-02 16:46:39.999Z,GAME_ACTION,left,2.0,3.0,,,,9.0,5.0,,,,experienced1,,,
2026-02-02 16:46:40.249Z,GAME_ACTION,left,1.0,3.0,,,,9.0,5.0,,,,experienced1,,,
2026-02-02 16:46:41.600Z,GAME_ACTION,down,0.0,3.0,,,,9.0,5.0,,,,experienced1,,,
2026-02-02 16:46:41.849Z,GAME_ACTION,down,0.0,4.0,,,,9.0,5.0,,,,experienced1,,,
2026-02-02 16:46:43.333Z,GAME_ACTION,right,0.0,5.0,,,,9.0,5.0,,,,experienced1,,,
2026-02-02 16:46:43.766Z,GAME_ACTION,right,1.0,5.0,,,,9.0,5.0,,,,experienced1,,,
2026-02-02 16:46:44.283Z,GAME_ACTION,right,2.0,5.0,,,,9.0,5.0,,,,experienced1,,,
2026-02-02 16:46:45.434Z,GAME_ACTION,down,3.0,5.0,,,,9.0,5.0,,,,experienced1,,,
2026-02-02 16:46:45.832Z,GAME_ACTION,down,3.0,6.0,,,,9.0,5.0,,,,experienced1,,,
2026-02-02 16:46:46.292Z,GAME_ACTION,down,3.0,7.0,,,,9.0,5.0,,,,experienced1,,,
2026-02-02 16:46:46.916Z,GAME_ACTION,down,3.0,8.0,,,,9.0,5.0,,,,experienced1,,,
2026-02-02 16:46:48.284Z,GAME_ACTION,left,3.0,9.0,,,,9.0,5.0,,,,experienced1,,,
2026-02-02 16:46:48.565Z,GAME_ACTION,left,2.0,9.0,,,,9.0,5.0,,,,experienced1,,,
2026-02-02 16:46:48.832Z,GAME_ACTION,left,1.0,9.0,,,,9.0,5.0,,,,experienced1,,,
2026-02-02 16:46:49.683Z,GAME_ACTION,down,0.0,9.0,,,,9.0,5.0,,,,experienced1,,,
2026-02-02 16:46:50.267Z,GAME_ACTION,down,0.0,10.0,,,,9.0,5.0,,,,experienced1,,,
2026-02-02 16:46:50.267Z,INTERACTION,,0.0,10.0,,,,9.0,5.0,,,,experienced1,,treasure_interaction,B
2026-02-02 16:46:50.267Z,LEVEL_COMPLETE,,0.0,10.0,,,,9.0,5.0,,,,experienced1,,,
2026-02-02 16:46:53.269Z,LEVEL_COMPLETE,,0.0,10.0,,,,9.0,5.0,-52.0,,,experienced1,,,

Level: sm511_2
Timestamp,Type,Player Action,Player X,Player Y,Observed Agent ID,NPC 1 X,NPC 1 Y,NPC 2 X,NPC 2 Y,Steps Remaining,NPC 1 Path Type,NPC 1 Path Index,NPC 2 Path Type,NPC 2 Path Index,Interaction Type,Interaction Details
2026-02-02 16:43:48.003Z,LEVEL_START,,,,,,,,,,,,,,,
2026-02-02 16:43:48.004Z,LEVEL_START,,,,,,,,,,,,,,,
2026-02-02 16:44:01.302Z,GAME_ACTION,left,7.0,9.0,,,,,,,,,,,,
2026-02-02 16:44:01.735Z,GAME_ACTION,left,6.0,9.0,,,,,,,,,,,,
2026-02-02 16:44:02.100Z,GAME_ACTION,left,5.0,9.0,,,,,,,,,,,,
2026-02-02 16:44:02.450Z,GAME_ACTION,left,4.0,9.0,,,,,,,,,,,,
2026-02-02 16:44:02.885Z,GAME_ACTION,left,3.0,9.0,,,,,,,,,,,,
2026-02-02 16:44:03.667Z,GAME_ACTION,up,2.0,9.0,,,,,,,,,,,,
2026-02-02 16:44:04.335Z,GAME_ACTION,up,2.0,8.0,,,,,,,,,,,,
2026-02-02 16:44:05.635Z,GAME_ACTION,left,2.0,7.0,,,,,,,,,,,,
2026-02-02 16:44:06.069Z,GAME_ACTION,left,1.0,7.0,,,,,,,,,,,,
2026-02-02 16:44:06.070Z,INTERACTION,,1.0,7.0,,,,,,,,,,,wizard_interaction,redAmulet
2026-02-02 16:44:08.435Z,AGENT_OBSERVE,,1.0,7.0,3.0,0.0,2.0,,,,experienced2,,,,,
2026-02-02 16:44:09.101Z,AGENT_OBSERVE,,1.0,7.0,3.0,0.0,3.0,,,,experienced2,,,,,
2026-02-02 16:44:09.566Z,AGENT_OBSERVE,,1.0,7.0,3.0,1.0,3.0,,,,experienced2,,,,,
2026-02-02 16:44:10.969Z,AGENT_OBSERVE,,1.0,7.0,3.0,2.0,3.0,,,,experienced2,,,,,
2026-02-02 16:44:11.450Z,AGENT_OBSERVE,,1.0,7.0,3.0,3.0,3.0,,,,experienced2,,,,,
2026-02-02 16:44:13.152Z,AGENT_OBSERVE,,1.0,7.0,3.0,3.0,2.0,,,,experienced2,,,,,
2026-02-02 16:44:13.596Z,AGENT_OBSERVE,,1.0,7.0,3.0,3.0,2.0,,,,experienced2,,,,,
2026-02-02 16:44:14.134Z,AGENT_OBSERVE,,1.0,7.0,3.0,3.0,3.0,,,,experienced2,,,,,
2026-02-02 16:44:14.669Z,AGENT_OBSERVE,,1.0,7.0,3.0,4.0,3.0,,,,experienced2,,,,,
2026-02-02 16:44:21.602Z,GAME_ACTION,right,1.0,7.0,,4.0,3.0,,,,experienced2,,,,,
2026-02-02 16:44:22.752Z,GAME_ACTION,up,2.0,7.0,,4.0,3.0,,,,experienced2,,,,,
2026-02-02 16:44:23.150Z,GAME_ACTION,up,2.0,6.0,,4.0,3.0,,,,experienced2,,,,,
2026-02-02 16:44:23.484Z,GAME_ACTION,up,2.0,5.0,,4.0,3.0,,,,experienced2,,,,,
2026-02-02 16:44:23.783Z,GAME_ACTION,up,2.0,4.0,,4.0,3.0,,,,experienced2,,,,,
2026-02-02 16:44:24.783Z,GAME_ACTION,right,2.0,3.0,,4.0,3.0,,,,experienced2,,,,,
2026-02-02 16:44:25.033Z,GAME_ACTION,right,3.0,3.0,,4.0,3.0,,,,experienced2,,,,,
2026-02-02 16:44:25.268Z,GAME_ACTION,right,4.0,3.0,,4.0,3.0,,,,experienced2,,,,,
2026-02-02 16:44:25.751Z,GAME_ACTION,right,5.0,3.0,,4.0,3.0,,,,experienced2,,,,,
2026-02-02 16:44:26.934Z,GAME_ACTION,up,6.0,3.0,,4.0,3.0,,,,experienced2,,,,,
2026-02-02 16:44:27.385Z,GAME_ACTION,up,6.0,2.0,,4.0,3.0,,,,experienced2,,,,,
2026-02-02 16:44:27.386Z,INTERACTION,,6.0,2.0,,4.0,3.0,,,,experienced2,,,,wizard_interaction,
2026-02-02 16:44:29.133Z,GAME_ACTION,down,6.0,2.0,,4.0,3.0,,,,experienced2,,,,,
2026-02-02 16:44:30.751Z,GAME_ACTION,right,6.0,3.0,,4.0,3.0,,,,experienced2,,,,,
2026-02-02 16:44:31.101Z,GAME_ACTION,right,7.0,3.0,,4.0,3.0,,,,experienced2,,,,,
2026-02-02 16:44:31.416Z,GAME_ACTION,right,8.0,3.0,,4.0,3.0,,,,experienced2,,,,,
2026-02-02 16:44:31.817Z,GAME_ACTION,right,9.0,3.0,,4.0,3.0,,,,experienced2,,,,,
2026-02-02 16:44:32.434Z,GAME_ACTION,up,10.0,3.0,,4.0,3.0,,,,experienced2,,,,,
2026-02-02 16:44:32.851Z,GAME_ACTION,up,10.0,2.0,,4.0,3.0,,,,experienced2,,,,,
2026-02-02 16:44:32.851Z,INTERACTION,,10.0,2.0,,4.0,3.0,,,,experienced2,,,,wizard_interaction,blueAmulet
2026-02-02 16:44:35.029Z,GAME_ACTION,down,10.0,2.0,,4.0,3.0,,,,experienced2,,,,,
2026-02-02 16:44:35.918Z,GAME_ACTION,left,10.0,3.0,,4.0,3.0,,,,experienced2,,,,,
2026-02-02 16:44:36.133Z,GAME_ACTION,left,9.0,3.0,,4.0,3.0,,,,experienced2,,,,,
2026-02-02 16:44:36.534Z,GAME_ACTION,left,8.0,3.0,,4.0,3.0,,,,experienced2,,,,,
2026-02-02 16:44:37.051Z,GAME_ACTION,left,7.0,3.0,,4.0,3.0,,,,experienced2,,,,,
2026-02-02 16:44:37.485Z,GAME_ACTION,left,6.0,3.0,,4.0,3.0,,,,experienced2,,,,,
2026-02-02 16:44:37.734Z,GAME_ACTION,left,5.0,3.0,,4.0,3.0,,,,experienced2,,,,,
2026-02-02 16:44:37.966Z,GAME_ACTION,left,4.0,3.0,,4.0,3.0,,,,experienced2,,,,,
2026-02-02 16:44:38.316Z,GAME_ACTION,left,3.0,3.0,,4.0,3.0,,,,experienced2,,,,,
2026-02-02 16:44:39.502Z,GAME_ACTION,down,2.0,3.0,,4.0,3.0,,,,experienced2,,,,,
2026-02-02 16:44:39.742Z,GAME_ACTION,down,2.0,4.0,,4.0,3.0,,,,experienced2,,,,,
2026-02-02 16:44:39.983Z,GAME_ACTION,down,2.0,5.0,,4.0,3.0,,,,experienced2,,,,,
2026-02-02 16:44:40.207Z,GAME_ACTION,down,2.0,6.0,,4.0,3.0,,,,experienced2,,,,,
2026-02-02 16:44:40.417Z,GAME_ACTION,down,2.0,7.0,,4.0,3.0,,,,experienced2,,,,,
2026-02-02 16:44:40.666Z,GAME_ACTION,down,2.0,8.0,,4.0,3.0,,,,experienced2,,,,,
2026-02-02 16:44:41.533Z,GAME_ACTION,left,2.0,9.0,,4.0,3.0,,,,experienced2,,,,,
2026-02-02 16:44:41.834Z,GAME_ACTION,left,1.0,9.0,,4.0,3.0,,,,experienced2,,,,,
2026-02-02 16:44:42.802Z,GAME_ACTION,down,0.0,9.0,,4.0,3.0,,,,experienced2,,,,,
2026-02-02 16:44:43.017Z,GAME_ACTION,down,0.0,10.0,,4.0,3.0,,,,experienced2,,,,,
2026-02-02 16:44:43.017Z,INTERACTION,,0.0,10.0,,4.0,3.0,,,,experienced2,,,,treasure_interaction,B
2026-02-02 16:44:43.017Z,LEVEL_COMPLETE,,0.0,10.0,,4.0,3.0,,,,experienced2,,,,,
2026-02-02 16:44:46.019Z,LEVEL_COMPLETE,,0.0,10.0,,4.0,3.0,,,-9.0,experienced2,,,,,

Level: sm521_1
Timestamp,Type,Player Action,Player X,Player Y,Observed Agent ID,NPC 1 X,NPC 1 Y,NPC 2 X,NPC 2 Y,Steps Remaining,NPC 1 Path Type,NPC 1 Path Index,NPC 2 Path Type,NPC 2 Path Index,Interaction Type,Interaction Details
2026-02-02 16:41:02.445Z,LEVEL_START,,,,,,,,,,,,,,,
2026-02-02 16:41:02.445Z,LEVEL_START,,,,,,,,,,,,,,,
2026-02-02 16:41:15.802Z,AGENT_OBSERVE,,0.0,9.0,3.0,9.0,9.0,,,,experienced1,,,,,
2026-02-02 16:41:16.326Z,AGENT_OBSERVE,,0.0,9.0,3.0,9.0,9.0,,,,experienced1,,,,,
2026-02-02 16:41:17.654Z,AGENT_OBSERVE,,0.0,9.0,3.0,8.0,9.0,,,,experienced1,,,,,
2026-02-02 16:41:18.336Z,AGENT_OBSERVE,,0.0,9.0,3.0,8.0,8.0,,,,experienced1,,,,,
2026-02-02 16:41:21.453Z,AGENT_OBSERVE,,0.0,9.0,2.0,8.0,8.0,4.0,9.0,,experienced1,,experienced1,,,
2026-02-02 16:41:27.036Z,AGENT_OBSERVE,,0.0,9.0,2.0,8.0,8.0,3.0,9.0,,experienced1,,experienced1,,,
2026-02-02 16:41:27.519Z,AGENT_OBSERVE,,0.0,9.0,2.0,8.0,8.0,3.0,10.0,,experienced1,,experienced1,,,
2026-02-02 16:41:28.653Z,AGENT_OBSERVE,,0.0,9.0,2.0,8.0,8.0,3.0,11.0,,experienced1,,experienced1,,,
2026-02-02 16:41:29.376Z,AGENT_OBSERVE,,0.0,9.0,2.0,8.0,8.0,4.0,11.0,,experienced1,,experienced1,,,
2026-02-02 16:41:29.869Z,AGENT_OBSERVE,,0.0,9.0,2.0,8.0,8.0,5.0,11.0,,experienced1,,experienced1,,,
2026-02-02 16:41:30.469Z,AGENT_OBSERVE,,0.0,9.0,2.0,8.0,8.0,6.0,11.0,,experienced1,,experienced1,,,
2026-02-02 16:41:30.935Z,AGENT_OBSERVE,,0.0,9.0,2.0,8.0,8.0,7.0,11.0,,experienced1,,experienced1,,,
2026-02-02 16:41:31.619Z,AGENT_OBSERVE,,0.0,9.0,2.0,8.0,8.0,8.0,11.0,,experienced1,,experienced1,,,
2026-02-02 16:41:32.101Z,AGENT_OBSERVE,,0.0,9.0,2.0,8.0,8.0,9.0,11.0,,experienced1,,experienced1,,,
2026-02-02 16:41:32.569Z,AGENT_OBSERVE,,0.0,9.0,2.0,8.0,8.0,10.0,11.0,,experienced1,,experienced1,,,
2026-02-02 16:41:43.970Z,GAME_ACTION,right,0.0,9.0,,8.0,8.0,10.0,11.0,,experienced1,,experienced1,,,
2026-02-02 16:41:44.838Z,GAME_ACTION,right,1.0,9.0,,8.0,8.0,10.0,11.0,,experienced1,,experienced1,,,
2026-02-02 16:41:45.470Z,GAME_ACTION,right,2.0,9.0,,8.0,8.0,10.0,11.0,,experienced1,,experienced1,,,
2026-02-02 16:41:45.987Z,GAME_ACTION,right,3.0,9.0,,8.0,8.0,10.0,11.0,,experienced1,,experienced1,,,
2026-02-02 16:41:46.520Z,GAME_ACTION,right,4.0,9.0,,8.0,8.0,10.0,11.0,,experienced1,,experienced1,,,
2026-02-02 16:41:47.037Z,GAME_ACTION,right,5.0,9.0,,8.0,8.0,10.0,11.0,,experienced1,,experienced1,,,
2026-02-02 16:41:47.537Z,GAME_ACTION,right,6.0,9.0,,8.0,8.0,10.0,11.0,,experienced1,,experienced1,,,
2026-02-02 16:41:48.070Z,GAME_ACTION,right,7.0,9.0,,8.0,8.0,10.0,11.0,,experienced1,,experienced1,,,
2026-02-02 16:41:49.287Z,GAME_ACTION,up,8.0,9.0,,8.0,8.0,10.0,11.0,,experienced1,,experienced1,,,
2026-02-02 16:41:50.119Z,GAME_ACTION,up,8.0,8.0,,8.0,8.0,10.0,11.0,,experienced1,,experienced1,,,
2026-02-02 16:41:51.085Z,GAME_ACTION,up,8.0,7.0,,8.0,8.0,10.0,11.0,,experienced1,,experienced1,,,
2026-02-02 16:41:51.503Z,GAME_ACTION,up,8.0,6.0,,8.0,8.0,10.0,11.0,,experienced1,,experienced1,,,
2026-02-02 16:41:52.701Z,GAME_ACTION,right,8.0,5.0,,8.0,8.0,10.0,11.0,,experienced1,,experienced1,,,
2026-02-02 16:41:53.120Z,GAME_ACTION,right,9.0,5.0,,8.0,8.0,10.0,11.0,,experienced1,,experienced1,,,
2026-02-02 16:41:53.121Z,INTERACTION,,9.0,5.0,,8.0,8.0,10.0,11.0,,experienced1,,experienced1,,wizard_interaction,
2026-02-02 16:41:54.868Z,GAME_ACTION,left,9.0,5.0,,8.0,8.0,10.0,11.0,,experienced1,,experienced1,,,
2026-02-02 16:41:55.786Z,GAME_ACTION,up,8.0,5.0,,8.0,8.0,10.0,11.0,,experienced1,,experienced1,,,
2026-02-02 16:41:56.303Z,GAME_ACTION,up,8.0,4.0,,8.0,8.0,10.0,11.0,,experienced1,,experienced1,,,
2026-02-02 16:41:57.336Z,GAME_ACTION,right,8.0,3.0,,8.0,8.0,10.0,11.0,,experienced1,,experienced1,,,
2026-02-02 16:41:57.685Z,GAME_ACTION,right,9.0,3.0,,8.0,8.0,10.0,11.0,,experienced1,,experienced1,,,
2026-02-02 16:41:57.685Z,INTERACTION,,9.0,3.0,,8.0,8.0,10.0,11.0,,experienced1,,experienced1,,wizard_interaction,
2026-02-02 16:42:01.669Z,AGENT_OBSERVE,,9.0,3.0,3.0,8.0,7.0,10.0,11.0,,experienced1,,experienced1,,,
2026-02-02 16:42:02.169Z,AGENT_OBSERVE,,9.0,3.0,3.0,9.0,7.0,10.0,11.0,,experienced1,,experienced1,,,
2026-02-02 16:42:03.219Z,AGENT_OBSERVE,,9.0,3.0,3.0,8.0,7.0,10.0,11.0,,experienced1,,experienced1,,,
2026-02-02 16:42:03.719Z,AGENT_OBSERVE,,9.0,3.0,3.0,8.0,6.0,10.0,11.0,,experienced1,,experienced1,,,
2026-02-02 16:42:05.320Z,GAME_ACTION,left,9.0,3.0,,8.0,6.0,10.0,11.0,,experienced1,,experienced1,,,
2026-02-02 16:42:05.684Z,GAME_ACTION,left,8.0,3.0,,8.0,6.0,10.0,11.0,,experienced1,,experienced1,,,
2026-02-02 16:42:06.035Z,GAME_ACTION,left,7.0,3.0,,8.0,6.0,10.0,11.0,,experienced1,,experienced1,,,
2026-02-02 16:42:06.351Z,GAME_ACTION,left,6.0,3.0,,8.0,6.0,10.0,11.0,,experienced1,,experienced1,,,
2026-02-02 16:42:06.601Z,GAME_ACTION,left,5.0,3.0,,8.0,6.0,10.0,11.0,,experienced1,,experienced1,,,
2026-02-02 16:42:06.823Z,GAME_ACTION,left,4.0,3.0,,8.0,6.0,10.0,11.0,,experienced1,,experienced1,,,
2026-02-02 16:42:07.118Z,GAME_ACTION,left,3.0,3.0,,8.0,6.0,10.0,11.0,,experienced1,,experienced1,,,
2026-02-02 16:42:08.035Z,GAME_ACTION,up,2.0,3.0,,8.0,6.0,10.0,11.0,,experienced1,,experienced1,,,
2026-02-02 16:42:08.418Z,GAME_ACTION,up,2.0,2.0,,8.0,6.0,10.0,11.0,,experienced1,,experienced1,,,
2026-02-02 16:42:08.986Z,GAME_ACTION,up,2.0,1.0,,8.0,6.0,10.0,11.0,,experienced1,,experienced1,,,
2026-02-02 16:42:08.987Z,INTERACTION,,2.0,1.0,,8.0,6.0,10.0,11.0,,experienced1,,experienced1,,wizard_interaction,blueAmulet
2026-02-02 16:42:10.736Z,GAME_ACTION,down,2.0,1.0,,8.0,6.0,10.0,11.0,,experienced1,,experienced1,,,
2026-02-02 16:42:11.185Z,GAME_ACTION,down,2.0,2.0,,8.0,6.0,10.0,11.0,,experienced1,,experienced1,,,
2026-02-02 16:42:12.061Z,GAME_ACTION,left,2.0,3.0,,8.0,6.0,10.0,11.0,,experienced1,,experienced1,,,
2026-02-02 16:42:12.852Z,GAME_ACTION,right,1.0,3.0,,8.0,6.0,10.0,11.0,,experienced1,,experienced1,,,
2026-02-02 16:42:13.184Z,GAME_ACTION,right,2.0,3.0,,8.0,6.0,10.0,11.0,,experienced1,,experienced1,,,
2026-02-02 16:42:13.451Z,GAME_ACTION,right,3.0,3.0,,8.0,6.0,10.0,11.0,,experienced1,,experienced1,,,
2026-02-02 16:42:13.701Z,GAME_ACTION,right,4.0,3.0,,8.0,6.0,10.0,11.0,,experienced1,,experienced1,,,
2026-02-02 16:42:13.934Z,GAME_ACTION,right,5.0,3.0,,8.0,6.0,10.0,11.0,,experienced1,,experienced1,,,
2026-02-02 16:42:14.179Z,GAME_ACTION,right,6.0,3.0,,8.0,6.0,10.0,11.0,,experienced1,,experienced1,,,
2026-02-02 16:42:14.551Z,GAME_ACTION,right,7.0,3.0,,8.0,6.0,10.0,11.0,,experienced1,,experienced1,,,
2026-02-02 16:42:15.536Z,GAME_ACTION,down,8.0,3.0,,8.0,6.0,10.0,11.0,,experienced1,,experienced1,,,
2026-02-02 16:42:15.834Z,GAME_ACTION,down,8.0,4.0,,8.0,6.0,10.0,11.0,,experienced1,,experienced1,,,
2026-02-02 16:42:16.068Z,GAME_ACTION,down,8.0,5.0,,8.0,6.0,10.0,11.0,,experienced1,,experienced1,,,
2026-02-02 16:42:16.317Z,GAME_ACTION,down,8.0,6.0,,8.0,6.0,10.0,11.0,,experienced1,,experienced1,,,
2026-02-02 16:42:16.551Z,GAME_ACTION,down,8.0,7.0,,8.0,6.0,10.0,11.0,,experienced1,,experienced1,,,
2026-02-02 16:42:16.868Z,GAME_ACTION,down,8.0,8.0,,8.0,6.0,10.0,11.0,,experienced1,,experienced1,,,
2026-02-02 16:42:18.170Z,GAME_ACTION,left,8.0,9.0,,8.0,6.0,10.0,11.0,,experienced1,,experienced1,,,
2026-02-02 16:42:19.369Z,GAME_ACTION,left,7.0,9.0,,8.0,6.0,10.0,11.0,,experienced1,,experienced1,,,
2026-02-02 16:42:19.605Z,GAME_ACTION,left,6.0,9.0,,8.0,6.0,10.0,11.0,,experienced1,,experienced1,,,
2026-02-02 16:42:20.036Z,GAME_ACTION,left,5.0,9.0,,8.0,6.0,10.0,11.0,,experienced1,,experienced1,,,
2026-02-02 16:42:20.283Z,GAME_ACTION,left,4.0,9.0,,8.0,6.0,10.0,11.0,,experienced1,,experienced1,,,
2026-02-02 16:42:20.614Z,GAME_ACTION,left,3.0,9.0,,8.0,6.0,10.0,11.0,,experienced1,,experienced1,,,
2026-02-02 16:42:20.901Z,GAME_ACTION,left,2.0,9.0,,8.0,6.0,10.0,11.0,,experienced1,,experienced1,,,
2026-02-02 16:42:21.503Z,GAME_ACTION,left,1.0,9.0,,8.0,6.0,10.0,11.0,,experienced1,,experienced1,,,
2026-02-02 16:42:22.586Z,GAME_ACTION,down,0.0,9.0,,8.0,6.0,10.0,11.0,,experienced1,,experienced1,,,
2026-02-02 16:42:23.002Z,GAME_ACTION,down,0.0,10.0,,8.0,6.0,10.0,11.0,,experienced1,,experienced1,,,
2026-02-02 16:42:23.002Z,INTERACTION,,0.0,10.0,,8.0,6.0,10.0,11.0,,experienced1,,experienced1,,treasure_interaction,B
2026-02-02 16:42:23.002Z,LEVEL_COMPLETE,,0.0,10.0,,8.0,6.0,10.0,11.0,,experienced1,,experienced1,,,
2026-02-02 16:42:26.004Z,LEVEL_COMPLETE,,0.0,10.0,,8.0,6.0,10.0,11.0,-22.0,experienced1,,experienced1,,,

Level: sm531_2
Timestamp,Type,Player Action,Player X,Player Y,Observed Agent ID,NPC 1 X,NPC 1 Y,NPC 2 X,NPC 2 Y,Steps Remaining,NPC 1 Path Type,NPC 1 Path Index,NPC 2 Path Type,NPC 2 Path Index,Interaction Type,Interaction Details
2026-02-02 16:42:26.177Z,LEVEL_START,,,,,,,,,,,,,,,
2026-02-02 16:42:26.187Z,LEVEL_START,,,,,,,,,,,,,,,
2026-02-02 16:42:40.636Z,AGENT_OBSERVE,,0.0,11.0,3.0,0.0,1.0,,,,experienced2,,,,,
2026-02-02 16:42:41.259Z,AGENT_OBSERVE,,0.0,11.0,3.0,0.0,1.0,,,,experienced2,,,,,
2026-02-02 16:42:43.087Z,AGENT_OBSERVE,,0.0,11.0,3.0,0.0,2.0,,,,experienced2,,,,,
2026-02-02 16:42:43.534Z,AGENT_OBSERVE,,0.0,11.0,3.0,1.0,2.0,,,,experienced2,,,,,
2026-02-02 16:42:44.001Z,AGENT_OBSERVE,,0.0,11.0,3.0,2.0,2.0,,,,experienced2,,,,,
2026-02-02 16:42:44.451Z,AGENT_OBSERVE,,0.0,11.0,3.0,3.0,2.0,,,,experienced2,,,,,
2026-02-02 16:42:44.901Z,AGENT_OBSERVE,,0.0,11.0,3.0,4.0,2.0,,,,experienced2,,,,,
2026-02-02 16:42:45.468Z,AGENT_OBSERVE,,0.0,11.0,3.0,4.0,1.0,,,,experienced2,,,,,
2026-02-02 16:42:46.304Z,AGENT_OBSERVE,,0.0,11.0,3.0,4.0,1.0,,,,experienced2,,,,,
2026-02-02 16:42:51.170Z,GAME_ACTION,up,0.0,11.0,,4.0,1.0,,,,experienced2,,,,,
2026-02-02 16:42:51.736Z,GAME_ACTION,up,0.0,10.0,,4.0,1.0,,,,experienced2,,,,,
2026-02-02 16:42:52.201Z,GAME_ACTION,up,0.0,9.0,,4.0,1.0,,,,experienced2,,,,,
2026-02-02 16:42:52.870Z,GAME_ACTION,up,0.0,8.0,,4.0,1.0,,,,experienced2,,,,,
2026-02-02 16:42:53.652Z,GAME_ACTION,right,0.0,7.0,,4.0,1.0,,,,experienced2,,,,,
2026-02-02 16:42:54.070Z,GAME_ACTION,right,1.0,7.0,,4.0,1.0,,,,experienced2,,,,,
2026-02-02 16:42:54.485Z,GAME_ACTION,right,2.0,7.0,,4.0,1.0,,,,experienced2,,,,,
2026-02-02 16:42:55.053Z,GAME_ACTION,right,3.0,7.0,,4.0,1.0,,,,experienced2,,,,,
2026-02-02 16:42:56.467Z,GAME_ACTION,up,4.0,6.0,,4.0,1.0,,,,experienced2,,,,,
2026-02-02 16:42:56.751Z,GAME_ACTION,up,4.0,5.0,,4.0,1.0,,,,experienced2,,,,,
2026-02-02 16:42:57.067Z,GAME_ACTION,up,4.0,4.0,,4.0,1.0,,,,experienced2,,,,,
2026-02-02 16:42:57.351Z,GAME_ACTION,up,4.0,3.0,,4.0,1.0,,,,experienced2,,,,,
2026-02-02 16:42:57.668Z,GAME_ACTION,up,4.0,2.0,,4.0,1.0,,,,experienced2,,,,,
2026-02-02 16:42:58.203Z,INTERACTION,,4.0,2.0,,4.0,1.0,,,,experienced2,,,,wizard_interaction,blueAmulet
2026-02-02 16:42:58.203Z,GAME_ACTION,up,4.0,1.0,,4.0,1.0,,,,experienced2,,,,,
2026-02-02 16:42:59.718Z,GAME_ACTION,down,4.0,1.0,,4.0,1.0,,,,experienced2,,,,,
2026-02-02 16:43:00.051Z,GAME_ACTION,down,4.0,2.0,,4.0,1.0,,,,experienced2,,,,,
2026-02-02 16:43:00.435Z,GAME_ACTION,down,4.0,3.0,,4.0,1.0,,,,experienced2,,,,,
2026-02-02 16:43:01.334Z,GAME_ACTION,left,4.0,4.0,,4.0,1.0,,,,experienced2,,,,,
2026-02-02 16:43:01.736Z,GAME_ACTION,left,3.0,4.0,,4.0,1.0,,,,experienced2,,,,,
2026-02-02 16:43:02.169Z,GAME_ACTION,left,2.0,4.0,,4.0,1.0,,,,experienced2,,,,,
2026-02-02 16:43:02.736Z,GAME_ACTION,left,1.0,4.0,,4.0,1.0,,,,experienced2,,,,,
2026-02-02 16:43:02.737Z,INTERACTION,,1.0,4.0,,4.0,1.0,,,,experienced2,,,,wizard_interaction,redAmulet
2026-02-02 16:43:03.535Z,GAME_ACTION,right,1.0,4.0,,4.0,1.0,,,,experienced2,,,,,
2026-02-02 16:43:03.956Z,GAME_ACTION,right,2.0,4.0,,4.0,1.0,,,,experienced2,,,,,
2026-02-02 16:43:04.502Z,GAME_ACTION,right,3.0,4.0,,4.0,1.0,,,,experienced2,,,,,
2026-02-02 16:43:06.502Z,GAME_ACTION,down,4.0,4.0,,4.0,1.0,,,,experienced2,,,,,
2026-02-02 16:43:06.884Z,GAME_ACTION,down,4.0,5.0,,4.0,1.0,,,,experienced2,,,,,
2026-02-02 16:43:07.369Z,GAME_ACTION,down,4.0,6.0,,4.0,1.0,,,,experienced2,,,,,
2026-02-02 16:43:08.685Z,GAME_ACTION,right,4.0,7.0,,4.0,1.0,,,,experienced2,,,,,
2026-02-02 16:43:09.269Z,GAME_ACTION,right,5.0,7.0,,4.0,1.0,,,,experienced2,,,,,
2026-02-02 16:43:09.719Z,GAME_ACTION,right,6.0,7.0,,4.0,1.0,,,,experienced2,,,,,
2026-02-02 16:43:10.051Z,GAME_ACTION,right,7.0,7.0,,4.0,1.0,,,,experienced2,,,,,
2026-02-02 16:43:10.434Z,GAME_ACTION,right,8.0,7.0,,4.0,1.0,,,,experienced2,,,,,
2026-02-02 16:43:12.169Z,GAME_ACTION,right,9.0,7.0,,4.0,1.0,,,,experienced2,,,,,
2026-02-02 16:43:12.169Z,INTERACTION,,9.0,7.0,,4.0,1.0,,,,experienced2,,,,treasure_interaction,A
2026-02-02 16:43:12.169Z,LEVEL_COMPLETE,,9.0,7.0,,4.0,1.0,,,,experienced2,,,,,
2026-02-02 16:43:15.171Z,LEVEL_COMPLETE,,9.0,7.0,,4.0,1.0,,,-6.0,experienced2,,,,,

Level: sm541_1
Timestamp,Type,Player Action,Player X,Player Y,Observed Agent ID,NPC 1 X,NPC 1 Y,NPC 2 X,NPC 2 Y,Steps Remaining,NPC 1 Path Type,NPC 1 Path Index,NPC 2 Path Type,NPC 2 Path Index,Interaction Type,Interaction Details
2026-02-02 16:46:53.455Z,LEVEL_START,,,,,,,,,,,,,,,
2026-02-02 16:46:53.461Z,LEVEL_START,,,,,,,,,,,,,,,
2026-02-02 16:47:09.633Z,GAME_ACTION,down,0.0,7.0,,,,,,,,,,,,
2026-02-02 16:47:10.134Z,GAME_ACTION,down,0.0,8.0,,,,,,,,,,,,
2026-02-02 16:47:11.600Z,GAME_ACTION,right,0.0,9.0,,,,,,,,,,,,
2026-02-02 16:47:12.050Z,GAME_ACTION,right,1.0,9.0,,,,,,,,,,,,
2026-02-02 16:47:12.499Z,GAME_ACTION,right,2.0,9.0,,,,,,,,,,,,
2026-02-02 16:47:12.919Z,GAME_ACTION,right,3.0,9.0,,,,,,,,,,,,
2026-02-02 16:47:13.468Z,GAME_ACTION,right,4.0,9.0,,,,,,,,,,,,
2026-02-02 16:47:14.199Z,GAME_ACTION,up,5.0,9.0,,,,,,,,,,,,
2026-02-02 16:47:14.465Z,GAME_ACTION,up,5.0,8.0,,,,,,,,,,,,
2026-02-02 16:47:14.765Z,GAME_ACTION,up,5.0,7.0,,,,,,,,,,,,
2026-02-02 16:47:15.883Z,AGENT_OBSERVE,,5.0,6.0,3.0,4.0,1.0,,,,experienced1,,,,,
2026-02-02 16:47:16.332Z,AGENT_OBSERVE,,5.0,6.0,3.0,4.0,1.0,,,,experienced1,,,,,
2026-02-02 16:47:17.099Z,AGENT_OBSERVE,,5.0,6.0,3.0,4.0,2.0,,,,experienced1,,,,,
2026-02-02 16:47:17.535Z,AGENT_OBSERVE,,5.0,6.0,3.0,3.0,2.0,,,,experienced1,,,,,
2026-02-02 16:47:18.315Z,AGENT_OBSERVE,,5.0,6.0,3.0,2.0,2.0,,,,experienced1,,,,,
2026-02-02 16:47:20.933Z,GAME_ACTION,up,5.0,6.0,,2.0,2.0,,,,experienced1,,,,,
2026-02-02 16:47:21.501Z,GAME_ACTION,up,5.0,5.0,,2.0,2.0,,,,experienced1,,,,,
2026-02-02 16:47:21.883Z,GAME_ACTION,up,5.0,4.0,,2.0,2.0,,,,experienced1,,,,,
2026-02-02 16:47:22.384Z,GAME_ACTION,up,5.0,3.0,,2.0,2.0,,,,experienced1,,,,,
2026-02-02 16:47:23.416Z,GAME_ACTION,right,5.0,2.0,,2.0,2.0,,,,experienced1,,,,,
2026-02-02 16:47:23.832Z,GAME_ACTION,right,6.0,2.0,,2.0,2.0,,,,experienced1,,,,,
2026-02-02 16:47:24.550Z,GAME_ACTION,up,7.0,2.0,,2.0,2.0,,,,experienced1,,,,,
2026-02-02 16:47:24.999Z,INTERACTION,,7.0,2.0,,2.0,2.0,,,,experienced1,,,,wizard_interaction,
2026-02-02 16:47:24.999Z,GAME_ACTION,up,7.0,1.0,,2.0,2.0,,,,experienced1,,,,,
2026-02-02 16:47:26.800Z,GAME_ACTION,down,7.0,1.0,,2.0,2.0,,,,experienced1,,,,,
2026-02-02 16:47:27.900Z,GAME_ACTION,left,7.0,2.0,,2.0,2.0,,,,experienced1,,,,,
2026-02-02 16:47:28.299Z,GAME_ACTION,left,6.0,2.0,,2.0,2.0,,,,experienced1,,,,,
2026-02-02 16:47:28.716Z,GAME_ACTION,left,5.0,2.0,,2.0,2.0,,,,experienced1,,,,,
2026-02-02 16:47:29.065Z,GAME_ACTION,left,4.0,2.0,,2.0,2.0,,,,experienced1,,,,,
2026-02-02 16:47:29.399Z,GAME_ACTION,left,3.0,2.0,,2.0,2.0,,,,experienced1,,,,,
2026-02-02 16:47:30.333Z,GAME_ACTION,up,2.0,2.0,,2.0,2.0,,,,experienced1,,,,,
2026-02-02 16:47:30.782Z,GAME_ACTION,up,2.0,1.0,,2.0,2.0,,,,experienced1,,,,,
2026-02-02 16:47:30.782Z,INTERACTION,,2.0,1.0,,2.0,2.0,,,,experienced1,,,,wizard_interaction,blueAmulet
2026-02-02 16:47:31.882Z,GAME_ACTION,down,2.0,1.0,,2.0,2.0,,,,experienced1,,,,,
2026-02-02 16:47:33.016Z,GAME_ACTION,right,2.0,2.0,,2.0,2.0,,,,experienced1,,,,,
2026-02-02 16:47:33.266Z,GAME_ACTION,right,3.0,2.0,,2.0,2.0,,,,experienced1,,,,,
2026-02-02 16:47:33.515Z,GAME_ACTION,right,4.0,2.0,,2.0,2.0,,,,experienced1,,,,,
2026-02-02 16:47:34.733Z,GAME_ACTION,down,5.0,2.0,,2.0,2.0,,,,experienced1,,,,,
2026-02-02 16:47:35.048Z,GAME_ACTION,down,5.0,3.0,,2.0,2.0,,,,experienced1,,,,,
2026-02-02 16:47:35.332Z,GAME_ACTION,down,5.0,4.0,,2.0,2.0,,,,experienced1,,,,,
2026-02-02 16:47:36.048Z,GAME_ACTION,left,5.0,5.0,,2.0,2.0,,,,experienced1,,,,,
2026-02-02 16:47:36.433Z,GAME_ACTION,left,4.0,5.0,,2.0,2.0,,,,experienced1,,,,,
2026-02-02 16:47:36.883Z,GAME_ACTION,left,3.0,5.0,,2.0,2.0,,,,experienced1,,,,,
2026-02-02 16:47:37.350Z,GAME_ACTION,left,2.0,5.0,,2.0,2.0,,,,experienced1,,,,,
2026-02-02 16:47:37.799Z,GAME_ACTION,left,1.0,5.0,,2.0,2.0,,,,experienced1,,,,,
2026-02-02 16:47:37.799Z,INTERACTION,,1.0,5.0,,2.0,2.0,,,,experienced1,,,,treasure_interaction,A
2026-02-02 16:47:37.799Z,LEVEL_COMPLETE,,1.0,5.0,,2.0,2.0,,,,experienced1,,,,,
2026-02-02 16:47:40.802Z,LEVEL_COMPLETE,,1.0,5.0,,2.0,2.0,,,-4.0,experienced1,,,,,

Level: sm543_2
Timestamp,Type,Player Action,Player X,Player Y,Observed Agent ID,NPC 1 X,NPC 1 Y,NPC 2 X,NPC 2 Y,Steps Remaining,NPC 1 Path Type,NPC 1 Path Index,NPC 2 Path Type,NPC 2 Path Index,Interaction Type,Interaction Details
2026-02-02 16:48:24.301Z,LEVEL_START,,,,,,,,,,,,,,,
2026-02-02 16:48:24.320Z,LEVEL_START,,,,,,,,,,,,,,,
2026-02-02 16:48:46.598Z,GAME_ACTION,left,3.0,0.0,,,,,,,,,,,,
2026-02-02 16:48:47.037Z,GAME_ACTION,left,2.0,0.0,,,,,,,,,,,,
2026-02-02 16:48:47.037Z,INTERACTION,,2.0,0.0,,,,,,,,,,,wizard_interaction,
2026-02-02 16:48:48.983Z,GAME_ACTION,right,2.0,0.0,,,,,,,,,,,,
2026-02-02 16:48:49.264Z,GAME_ACTION,right,3.0,0.0,,,,,,,,,,,,
2026-02-02 16:48:49.581Z,GAME_ACTION,right,4.0,0.0,,,,,,,,,,,,
2026-02-02 16:48:49.582Z,INTERACTION,,4.0,0.0,,,,,,,,,,,wizard_interaction,blueAmulet
2026-02-02 16:48:50.766Z,GAME_ACTION,left,4.0,0.0,,,,,,,,,,,,
2026-02-02 16:48:51.901Z,GAME_ACTION,down,3.0,0.0,,,,,,,,,,,,
2026-02-02 16:48:52.445Z,GAME_ACTION,down,3.0,1.0,,,,,,,,,,,,
2026-02-02 16:48:53.535Z,GAME_ACTION,right,3.0,2.0,,,,,,,,,,,,
2026-02-02 16:48:53.831Z,GAME_ACTION,right,4.0,2.0,,,,,,,,,,,,
2026-02-02 16:48:55.516Z,GAME_ACTION,down,5.0,2.0,,,,,,,,,,,,
2026-02-02 16:48:55.831Z,GAME_ACTION,down,5.0,3.0,,,,,,,,,,,,
2026-02-02 16:48:56.064Z,GAME_ACTION,down,5.0,4.0,,,,,,,,,,,,
2026-02-02 16:48:57.031Z,GAME_ACTION,left,5.0,5.0,,,,,,,,,,,,
2026-02-02 16:48:57.249Z,GAME_ACTION,left,4.0,5.0,,,,,,,,,,,,
2026-02-02 16:48:57.514Z,GAME_ACTION,left,3.0,5.0,,,,,,,,,,,,
2026-02-02 16:48:57.965Z,GAME_ACTION,left,2.0,5.0,,,,,,,,,,,,
2026-02-02 16:48:58.498Z,GAME_ACTION,left,1.0,5.0,,,,,,,,,,,,
2026-02-02 16:48:58.499Z,INTERACTION,,1.0,5.0,,,,,,,,,,,treasure_interaction,A
2026-02-02 16:48:58.499Z,LEVEL_COMPLETE,,1.0,5.0,,,,,,,,,,,,
2026-02-02 16:49:01.500Z,LEVEL_COMPLETE,,1.0,5.0,,,,,,11.0,,,,,,

Level: sm611_2
Timestamp,Type,Player Action,Player X,Player Y,Observed Agent ID,NPC 1 X,NPC 1 Y,NPC 2 X,NPC 2 Y,Steps Remaining,NPC 1 Path Type,NPC 1 Path Index,NPC 2 Path Type,NPC 2 Path Index,Interaction Type,Interaction Details
2026-02-02 16:47:40.976Z,LEVEL_START,,,,,,,,,,,,,,,
2026-02-02 16:47:40.980Z,LEVEL_START,,,,,,,,,,,,,,,
2026-02-02 16:47:58.253Z,GAME_ACTION,up,2.0,11.0,,,,,,,,,,,,
2026-02-02 16:47:58.683Z,GAME_ACTION,up,2.0,10.0,,,,,,,,,,,,
2026-02-02 16:47:59.266Z,GAME_ACTION,up,2.0,9.0,,,,,,,,,,,,
2026-02-02 16:48:01.532Z,GAME_ACTION,right,2.0,8.0,,,,,,,,,,,,
2026-02-02 16:48:01.832Z,GAME_ACTION,right,3.0,8.0,,,,,,,,,,,,
2026-02-02 16:48:02.064Z,GAME_ACTION,right,4.0,8.0,,,,,,,,,,,,
2026-02-02 16:48:02.415Z,GAME_ACTION,right,5.0,8.0,,,,,,,,,,,,
2026-02-02 16:48:03.282Z,GAME_ACTION,up,6.0,8.0,,,,,,,,,,,,
2026-02-02 16:48:03.715Z,GAME_ACTION,up,6.0,7.0,,,,,,,,,,,,
2026-02-02 16:48:06.357Z,AGENT_OBSERVE,,6.0,6.0,3.0,10.0,1.0,,,,experienced2,,,,,
2026-02-02 16:48:06.832Z,AGENT_OBSERVE,,6.0,6.0,3.0,10.0,1.0,,,,experienced2,,,,,
2026-02-02 16:48:07.382Z,AGENT_OBSERVE,,6.0,6.0,3.0,10.0,2.0,,,,experienced2,,,,,
2026-02-02 16:48:07.848Z,AGENT_OBSERVE,,6.0,6.0,3.0,10.0,3.0,,,,experienced2,,,,,
2026-02-02 16:48:08.366Z,AGENT_OBSERVE,,6.0,6.0,3.0,9.0,3.0,,,,experienced2,,,,,
2026-02-02 16:48:08.809Z,AGENT_OBSERVE,,6.0,6.0,3.0,8.0,3.0,,,,experienced2,,,,,
2026-02-02 16:48:09.265Z,AGENT_OBSERVE,,6.0,6.0,3.0,7.0,3.0,,,,experienced2,,,,,
2026-02-02 16:48:09.698Z,AGENT_OBSERVE,,6.0,6.0,3.0,6.0,3.0,,,,experienced2,,,,,
2026-02-02 16:48:11.767Z,GAME_ACTION,up,6.0,6.0,,6.0,3.0,,,,experienced2,,,,,
2026-02-02 16:48:12.232Z,GAME_ACTION,up,6.0,5.0,,6.0,3.0,,,,experienced2,,,,,
2026-02-02 16:48:13.216Z,GAME_ACTION,left,6.0,4.0,,6.0,3.0,,,,experienced2,,,,,
2026-02-02 16:48:13.615Z,GAME_ACTION,left,5.0,4.0,,6.0,3.0,,,,experienced2,,,,,
2026-02-02 16:48:13.981Z,GAME_ACTION,left,4.0,4.0,,6.0,3.0,,,,experienced2,,,,,
2026-02-02 16:48:14.332Z,GAME_ACTION,left,3.0,4.0,,6.0,3.0,,,,experienced2,,,,,
2026-02-02 16:48:14.766Z,GAME_ACTION,left,2.0,4.0,,6.0,3.0,,,,experienced2,,,,,
2026-02-02 16:48:15.199Z,GAME_ACTION,left,1.0,4.0,,6.0,3.0,,,,experienced2,,,,,
2026-02-02 16:48:15.199Z,INTERACTION,,1.0,4.0,,6.0,3.0,,,,experienced2,,,,wizard_interaction,blueAmulet
2026-02-02 16:48:16.266Z,GAME_ACTION,right,1.0,4.0,,6.0,3.0,,,,experienced2,,,,,
2026-02-02 16:48:16.565Z,GAME_ACTION,right,2.0,4.0,,6.0,3.0,,,,experienced2,,,,,
2026-02-02 16:48:16.864Z,GAME_ACTION,right,3.0,4.0,,6.0,3.0,,,,experienced2,,,,,
2026-02-02 16:48:17.198Z,GAME_ACTION,right,4.0,4.0,,6.0,3.0,,,,experienced2,,,,,
2026-02-02 16:48:17.715Z,GAME_ACTION,right,5.0,4.0,,6.0,3.0,,,,experienced2,,,,,
2026-02-02 16:48:18.683Z,GAME_ACTION,up,6.0,4.0,,6.0,3.0,,,,experienced2,,,,,
2026-02-02 16:48:19.549Z,GAME_ACTION,right,6.0,3.0,,6.0,3.0,,,,experienced2,,,,,
2026-02-02 16:48:20.481Z,GAME_ACTION,up,7.0,3.0,,6.0,3.0,,,,experienced2,,,,,
2026-02-02 16:48:20.798Z,GAME_ACTION,up,7.0,2.0,,6.0,3.0,,,,experienced2,,,,,
2026-02-02 16:48:21.114Z,GAME_ACTION,up,7.0,1.0,,6.0,3.0,,,,experienced2,,,,,
2026-02-02 16:48:21.114Z,INTERACTION,,7.0,1.0,,6.0,3.0,,,,experienced2,,,,treasure_interaction,A
2026-02-02 16:48:21.114Z,LEVEL_COMPLETE,,7.0,1.0,,6.0,3.0,,,,experienced2,,,,,
2026-02-02 16:48:24.116Z,LEVEL_COMPLETE,,7.0,1.0,,6.0,3.0,,,18.0,experienced2,,,,,

